,Record Type ID,Record Type Description,Filer CPF ID,Filer Full Name Reverse,Date,Name,First Name,Address,City,State,Zip Code,Amount,Occupation,Employer,Principal Officer,Contributor CPF ID,Source Description,Description,Tender Type ID,Tender Type Description
0,201,Individual,11497,"Koczera, Robert M.",8/1/2001,Firstfed - interest,,Ashley Blvd,New Bedford,MA,2745,2.81,,,,0,2001 Year-end Report (ND),,0,Not Specified
1,201,Individual,13600,"Coppola (Deceased), Michael",8/1/2001,GALLAGHER,ARTHUR,58 FAIRWAY LN,FOXBORO,MA,2035,100.0,VICE-PRESIDENT,JOHNSON & WALES UNIV.,,0,2001 Year-end Report (ND),,0,Not Specified
2,201,Individual,13600,"Coppola (Deceased), Michael",8/1/2001,DEEDY,KEVIN J,12 VALLEY FORGE WAY,FOXBORO,MA,2035,100.0,CPA,"KEVIN J DEEDY, CPA",,0,2001 Year-end Report (ND),,0,Not Specified
3,201,Individual,10315,"Moore, Richard T.",8/1/2001,Grenon,David R.,25 Armsby Road,Sutton,MA,1590,500.0,President,The Protector Group Insurance Agency,,0,2001 Year-end Report (ND),,0,Not Specified
4,201,Individual,13164,"Candaras, Gale D.",8/1/2001,Cava,Sherri,761 Ridge Road,Wilbraham,MA,1095,50.0,RN,,,0,2001 Year-end Report (ND),,0,Not Specified
5,201,Individual,13164,"Candaras, Gale D.",8/1/2001,Cebula,M. Eileen,74 Rencelau Street,Springfield,MA,1118,50.0,Instructor,STCC,,0,2001 Year-end Report (ND),,0,Not Specified
6,201,Individual,13164,"Candaras, Gale D.",8/1/2001,Garvey,Tammy S.,12 Cooley Drive,Wilbraham,MA,1095,50.0,Teacher,,,0,2001 Year-end Report (ND),,0,Not Specified
7,201,Individual,13164,"Candaras, Gale D.",8/1/2001,Gibb,Ursula White,9 High Pine Circle,Wilbraham,MA,1095,50.0,Realtor,,,0,2001 Year-end Report (ND),,0,Not Specified
8,201,Individual,13164,"Candaras, Gale D.",8/1/2001,Hoffman,Judith,14 Meadowview Road,Wilbraham,MA,1095,25.0,Retired,,,0,2001 Year-end Report (ND),,0,Not Specified
9,201,Individual,13164,"Candaras, Gale D.",8/1/2001,Laferriere,Doris R.,12 Spruce Drive,Wilbraham,MA,1095,50.0,Housewife,,,0,2001 Year-end Report (ND),,0,Not Specified
10,201,Individual,13164,"Candaras, Gale D.",8/1/2001,Mango,Ann Marie,3 Woodside Drive,Wilbraham,MA,1095,50.0,Retired,,,0,2001 Year-end Report (ND),,0,Not Specified
11,201,Individual,13164,"Candaras, Gale D.",8/1/2001,Stevenson,Claire M.,14 Old Coach Road,Wilbraham,MA,1095,50.0,Librarian,Town of Wilbraham,,0,2001 Year-end Report (ND),,0,Not Specified
12,201,Individual,13164,"Candaras, Gale D.",8/1/2001,Tingle,Paula R.,43 Stonegate Circle,Wilbraham,MA,1095,20.0,,Springfield College,,0,2001 Year-end Report (ND),,0,Not Specified
13,201,Individual,13164,"Candaras, Gale D.",8/1/2001,Traynor,Anise,5 Algonquin Drive,Wilbraham,MA,1095,50.0,Librarian,,,0,2001 Year-end Report (ND),,0,Not Specified
14,201,Individual,13164,"Candaras, Gale D.",8/1/2001,Tucker,Catherine,11 Old Carriage Drive,Wilbraham,MA,1095,50.0,Housewife,,,0,2001 Year-end Report (ND),,0,Not Specified
15,201,Individual,13164,"Candaras, Gale D.",8/1/2001,Vance,M.A.,55 Oakland Street,Wilbraham,MA,1095,25.0,Retired,,,0,2001 Year-end Report (ND),,0,Not Specified
16,201,Individual,10315,"Moore, Richard T.",8/2/2001,"Remillard, Jr.",Arthur,211 Main Street,Webster,MA,1570,500.0,CEO,"The Commerce Group, Inc.",,0,2001 Year-end Report (ND),,0,Not Specified
17,201,Individual,10315,"Moore, Richard T.",8/2/2001,Howland,Robert S.,5 Franklin Street,South Dartmouth,MA,2748,500.0,Retired,,,0,2001 Year-end Report (ND),,0,Not Specified
18,201,Individual,10025,"Berry, Frederick E.",8/2/2001,Chase,Constance M.,31 Vest Way,North Andover,MA,1845,50.0,,,,0,2001 Year-end Report (ND),,0,Not Specified
19,201,Individual,10025,"Berry, Frederick E.",8/2/2001,Alpert,Eric S.,66 Holten Street,Peabody,MA,1960,300.0,Security Officer,Peabody District Court,,0,2001 Year-end Report (ND),,0,Not Specified
20,201,Individual,10025,"Berry, Frederick E.",8/2/2001,Berry,Frederick E.,Keefe Hall #10/210 Washington Street,Peabody,MA,1960,700.0,Apr-Jul Vehicle Lease,,,0,2001 Year-end Report (ND),,0,Not Specified
21,201,Individual,10315,"Moore, Richard T.",8/7/2001,McCabe,Dorothy A.,8 Woodland Street,Sherborn,MA,1770,500.0,Vice President,MA Nurse,,0,2001 Year-end Report (ND),,0,Not Specified
22,201,Individual,10315,"Moore, Richard T.",8/7/2001,Reever,Shelley,549 Canton Street,Westwood,MA,2090,500.0,"Assoc. Dir, Labor Relations",MA Nurses Association,,0,2001 Year-end Report (ND),,0,Not Specified
23,201,Individual,10315,"Moore, Richard T.",8/8/2001,Spillane,Michael J.,11 Denison Road,Worcester,MA,1609,200.0,Attorney,Spillane & Spillane,,0,2001 Year-end Report (ND),,0,Not Specified
24,201,Individual,13600,"Coppola (Deceased), Michael",8/8/2001,PAWLICK,J EDWARD,26 BULLARD STREET,SHERBORN,MA,1770,250.0,RETIRED,,,0,2001 Year-end Report (ND),,0,Not Specified
25,201,Individual,13600,"Coppola (Deceased), Michael",8/8/2001,DEAN,DR. CHARLES,43 SOUTH ST,FOXBORO,MA,2035,100.0,DENTIST,"CHARLES A DEAN, DDS",,0,2001 Year-end Report (ND),,0,Not Specified
26,201,Individual,13600,"Coppola (Deceased), Michael",8/8/2001,LENIHAN,SUSAN L,241 SOUTH ST,FOXBORO,MA,2035,100.0,,,,0,2001 Year-end Report (ND),,0,Not Specified
27,201,Individual,11066,"Bosley, Daniel E.",8/8/2001,MORRIS,MICHAEL G.,17 WINTERBERRY RD.,DEEP RIVER,CT,6417,500.0,CEO NORTHEAST UTILITIES,031700,,0,2001 Year-end Report (ND),,0,Not Specified
28,201,Individual,10315,"Moore, Richard T.",8/13/2001,Rowles,H. Thomas,1 Sandy Brook Court,Warwick,RI,2886,500.0,Executive,AAA Southern New England,,0,2001 Year-end Report (ND),,0,Not Specified
29,201,Individual,10315,"Moore, Richard T.",8/14/2001,"Garlick, RN",Denise C.,2 Trout Pond Lane,Needham,MA,2492,500.0,President,MA Teachers Association,,0,2001 Year-end Report (ND),,0,Not Specified
30,201,Individual,11428,"Resor, Pamela P.",8/14/2001,Community National Bank,,P. O. Box 368,Hudson,MA,1749,36.61,,,,0,2001 Year-end Report (ND),,0,Not Specified
31,201,Individual,10315,"Moore, Richard T.",8/15/2001,Shaw,Mark A.,1169 Bullocks Point Avenue,Riverside,RI,2915,500.0,President,Shaw Associates,,0,2001 Year-end Report (ND),,0,Not Specified
32,201,Individual,10315,"Moore, Richard T.",8/15/2001,Sperrazza,Kathleen Anne,19 Maugus Hill Road,Wellesley,MA,2481,250.0,Letter Sent 1-18-02,,,0,2001 Year-end Report (ND),,0,Not Specified
33,201,Individual,10315,"Moore, Richard T.",8/15/2001,Marois,Normand R.,"P.O. Box 563, 20 Marsh Road",Sutton,MA,1590,500.0,Retired,,,0,2001 Year-end Report (ND),,0,Not Specified
34,201,Individual,13033,"Pope, Susan W.",8/15/2001,Antes,Mary,Rolling lane,Wayland,MA,1778,75.0,,,,0,2001 Year-end Report (ND),,0,Not Specified
35,201,Individual,13033,"Pope, Susan W.",8/15/2001,Antonelli,Cliff R.,1 Wildflower land,Wayland,MA,1778,500.0,,,,0,2001 Year-end Report (ND),,0,Not Specified
36,201,Individual,13033,"Pope, Susan W.",8/15/2001,Dewey,William,7 hazelbrook Ln.,Wayland,MA,1778,200.0,Retired,,,0,2001 Year-end Report (ND),,0,Not Specified
37,201,Individual,13033,"Pope, Susan W.",8/15/2001,"Entrup, MD",Michael,175 ConcordRd,Wayland,MA,1778,100.0,,,,0,2001 Year-end Report (ND),,0,Not Specified
38,201,Individual,13033,"Pope, Susan W.",8/15/2001,Frene,John,31 Horsepond rd.,Sudbury,MA,1776,200.0,"Transportation, Transportation",,,0,2001 Year-end Report (ND),,0,Not Specified
39,201,Individual,13033,"Pope, Susan W.",8/15/2001,Schimmel,Lisa,9 Thompson Rd.,Wayland,MA,1778,200.0,Retired,,,0,2001 Year-end Report (ND),,0,Not Specified
40,201,Individual,13033,"Pope, Susan W.",8/15/2001,Shane,Joy,25 Three Ponds Rd.,Wayland,MA,1778,200.0,at home,,,0,2001 Year-end Report (ND),,0,Not Specified
41,201,Individual,13033,"Pope, Susan W.",8/15/2001,Gennari,Lawrence,68 landham Rd.,Sudbury,MA,1776,100.0,,,,0,2001 Year-end Report (ND),,0,Not Specified
42,201,Individual,13033,"Pope, Susan W.",8/15/2001,Glovsky,Steven,Woodridge Rd.,Wayland,MA,1778,150.0,,,,0,2001 Year-end Report (ND),,0,Not Specified
43,201,Individual,13033,"Pope, Susan W.",8/15/2001,Hill,David,55 Orchard lane,Wayland,MA,1778,100.0,,,,0,2001 Year-end Report (ND),,0,Not Specified
44,201,Individual,13033,"Pope, Susan W.",8/15/2001,Houlding,Margaret,11 Old Weston Rd.,Wayland,MA,1778,100.0,,,,0,2001 Year-end Report (ND),,0,Not Specified
45,201,Individual,13033,"Pope, Susan W.",8/15/2001,Humphrey,Diana V.,42 cutting cross way,Wayland,MA,1778,100.0,,,,0,2001 Year-end Report (ND),,0,Not Specified
46,201,Individual,13033,"Pope, Susan W.",8/15/2001,Jabs,David E.,8 Yeager way,Wayland,MA,1778,500.0,consultant,self,,0,2001 Year-end Report (ND),,0,Not Specified
47,201,Individual,13033,"Pope, Susan W.",8/15/2001,Kucharsky,John M.,38 Decatur Lane,Wayland,MA,1778,500.0,Retired,,,0,2001 Year-end Report (ND),,0,Not Specified
48,201,Individual,11973,"Larkin, Peter J.",8/15/2001,Boston Carmen's Union Local 58,,"295 Devonshire St., 5th Fl",Boston,MA,2110,100.0,,,,0,2001 Year-end Report (ND),,0,Not Specified
49,201,Individual,13033,"Pope, Susan W.",8/16/2001,Robsham,Einar,P.O. Box 5183,Wayland,MA,1778,100.0,,,,0,2001 Year-end Report (ND),,0,Not Specified
50,201,Individual,13033,"Pope, Susan W.",8/16/2001,Vanranst,Alfred,91 Old Sudbury Rd,Wayland,MA,1778,150.0,,,,0,2001 Year-end Report (ND),,0,Not Specified
51,201,Individual,13033,"Pope, Susan W.",8/16/2001,Chisholm,Thomas,12 York Rd,Wayland,MA,1778,100.0,,,,0,2001 Year-end Report (ND),,0,Not Specified
52,201,Individual,10315,"Moore, Richard T.",8/16/2001,"Remillard, III",Arthur J.,17 Woodstone Road,Northboro,MA,1532,500.0,Vice President,"The Commerce Group, Inc.",,0,2001 Year-end Report (ND),,0,Not Specified
53,201,Individual,10315,"Moore, Richard T.",8/16/2001,Remillard,Debra L.,17 Woodstone Road,Northboro,MA,1532,500.0,Homemaker,,,0,2001 Year-end Report (ND),,0,Not Specified
54,201,Individual,10315,"Moore, Richard T.",8/16/2001,Seraphin,Elizabeth A.,"401 Beacon Park, Birch Island Road",Webster,MA,1570,500.0,Credit Manager,"Camosse Masmey Supply,Inc.",,0,2001 Year-end Report (ND),,0,Not Specified
55,201,Individual,10315,"Moore, Richard T.",8/16/2001,Spillane,Joseph W.,18 Hancock Hill Drive,Worcester,MA,1609,100.0,Attorney,Spillane & Spillane,,0,2001 Year-end Report (ND),,0,Not Specified
56,201,Individual,10315,"Moore, Richard T.",8/16/2001,Spillane,John J.,23 Institute Road,Worcester,MA,1609,100.0,Attorney,Spillane & Spillane,,0,2001 Year-end Report (ND),,0,Not Specified
57,201,Individual,10315,"Moore, Richard T.",8/16/2001,Becker,Donna,77 Bates Point Road Road,Webster,MA,1570,500.0,Homemaker,,,0,2001 Year-end Report (ND),,0,Not Specified
58,201,Individual,10315,"Moore, Richard T.",8/16/2001,Ermilio,James A.,10 Niblick Road,Shrewsbury,MA,1545,500.0,Attorney,"The Commerce Group, Inc.",,0,2001 Year-end Report (ND),,0,Not Specified
59,201,Individual,10315,"Moore, Richard T.",8/16/2001,Pike,William G.,11 Benton Road,Keene,NH,3431,500.0,President,Granite Bank,,0,2001 Year-end Report (ND),,0,Not Specified
60,201,Individual,10315,"Moore, Richard T.",8/16/2001,Woo,Richard Y.,7 Mead Circle,Lexington,MA,2420,500.0,Restaurant owner,"Wind Tiki, Inc.",,0,2001 Year-end Report (ND),,0,Not Specified
61,201,Individual,10315,"Moore, Richard T.",8/16/2001,"Borski, Jr.",Joseph A.,"P.O. Box 643, 989 School Street",Webster,MA,1570,500.0,CPA,Self-employed,,0,2001 Year-end Report (ND),,0,Not Specified
62,201,Individual,10315,"Moore, Richard T.",8/16/2001,Borski,Janice A.,"P.O. Box 643, 989 School Street",Webster,MA,1570,500.0,Homemaker,,,0,2001 Year-end Report (ND),,0,Not Specified
63,201,Individual,10315,"Moore, Richard T.",8/16/2001,Patel,Suryakant M.,"P.O. Box 817, 11 Bay View Road",Webster,MA,1570,500.0,Physician,Self-employed,,0,2001 Year-end Report (ND),,0,Not Specified
64,201,Individual,10315,"Moore, Richard T.",8/16/2001,Patel,Sarla S.,"P.O. Box 817, 11 Bay View Road",Webster,MA,1570,500.0,Psychiatrist,Fallon Associates,,0,2001 Year-end Report (ND),,0,Not Specified
65,201,Individual,10315,"Moore, Richard T.",8/16/2001,Fels,Gerald,34 West Main Street,Dudley,MA,1571,500.0,Vice President,Commerce Insurance,,0,2001 Year-end Report (ND),,0,Not Specified
66,201,Individual,10315,"Moore, Richard T.",8/16/2001,Fels,Marilyn,34 West Main Street,Dudley,MA,1571,500.0,Homemaker,,,0,2001 Year-end Report (ND),,0,Not Specified
67,201,Individual,10315,"Moore, Richard T.",8/17/2001,Spillane,Matthew T.,"38 William Jackson Avenue, #2",Brighton,MA,2135,100.0,Attorney,Spillane & Spillane,,0,2001 Year-end Report (ND),,0,Not Specified
68,201,Individual,10315,"Moore, Richard T.",8/17/2001,Stevens,Stephanie J.,22 Church Street,Sandwich,MA,2563,100.0,,,,0,2001 Year-end Report (ND),,0,Not Specified
69,201,Individual,10315,"Moore, Richard T.",8/17/2001,Miller,Robert J.,366 School Street,Webster,MA,1570,500.0,Funeral Director,"Robert J. Miller, Inc.",,0,2001 Year-end Report (ND),,0,Not Specified
70,201,Individual,10315,"Moore, Richard T.",8/17/2001,Nelson,John M.,7 Massachusetts Avenue,Worcester,MA,1609,500.0,Retired,,,0,2001 Year-end Report (ND),,0,Not Specified
71,201,Individual,11428,"Resor, Pamela P.",8/17/2001,Community National Bank,,P. O. Box 368,Hudson,MA,1749,0.23,,,,0,2001 Year-end Report (ND),,0,Not Specified
72,201,Individual,13033,"Pope, Susan W.",8/17/2001,Church,Paul A.,319 Longwood Ave.,Boston,MA,2215,100.0,,,,0,2001 Year-end Report (ND),,0,Not Specified
73,201,Individual,12534,"Jones Jr., Bradley H.",8/17/2001,Cadigan,Neil F.,19 Arrow Circle,Reading,MA,1867,300.0,Retired,None,,0,2001 Year-end Report (ND),,0,Not Specified
74,201,Individual,13033,"Pope, Susan W.",8/17/2001,Shae,Kelley P.,47 Babe Ruth Dr.,Sudbury,MA,1776,100.0,,,,0,2001 Year-end Report (ND),,0,Not Specified
75,201,Individual,13033,"Pope, Susan W.",8/17/2001,Schoolman,Ira M.,5 Apletree Lane,Wayland,MA,1778,75.0,,,,0,2001 Year-end Report (ND),,0,Not Specified
76,201,Individual,13033,"Pope, Susan W.",8/17/2001,Morton,Hugh,74 Glezen Lane,Wayland,MA,1778,100.0,,,,0,2001 Year-end Report (ND),,0,Not Specified
77,201,Individual,13033,"Pope, Susan W.",8/17/2001,Roberts,Eugene,3 high Rock Rd.,Wayland,MA,1778,150.0,,,,0,2001 Year-end Report (ND),,0,Not Specified
78,201,Individual,13033,"Pope, Susan W.",8/18/2001,Gordon,Martha,73 Draper rd.,Wayland,MA,1778,100.0,,,,0,2001 Year-end Report (ND),,0,Not Specified
79,201,Individual,13033,"Pope, Susan W.",8/18/2001,Goodermote,Dean,18 Winthrop Rd.,Wayland,MA,1778,150.0,,,,0,2001 Year-end Report (ND),,0,Not Specified
80,201,Individual,13033,"Pope, Susan W.",8/18/2001,Smith,Vincent,5 Oak St.,Wayland,MA,1778,100.0,,,,0,2001 Year-end Report (ND),,0,Not Specified
81,201,Individual,13033,"Pope, Susan W.",8/18/2001,Fye,David,51 Woodridge Rd,Wayland,MA,1778,100.0,,,,0,2001 Year-end Report (ND),,0,Not Specified
82,201,Individual,13033,"Pope, Susan W.",8/18/2001,Gallerani,Thos.,3 Meachem Rd.,Sudbury,MA,1776,100.0,,,,0,2001 Year-end Report (ND),,0,Not Specified
83,201,Individual,13164,"Candaras, Gale D.",8/19/2001,Scibelli,Joan,5 Peach Street,Wilbraham,MA,1095,100.0,Retired,,,0,2001 Year-end Report (ND),,0,Not Specified
84,201,Individual,13164,"Candaras, Gale D.",8/19/2001,Sweeney,Rose Ellen,17 Mountainbrook Road,Wilbraham,MA,1095,50.0,Retired,,,0,2001 Year-end Report (ND),,0,Not Specified
85,201,Individual,13164,"Candaras, Gale D.",8/19/2001,Talbot,Martha S.,28 Ripley Street,Wilbraham,MA,1095,50.0,Retired,,,0,2001 Year-end Report (ND),,0,Not Specified
86,201,Individual,13164,"Candaras, Gale D.",8/19/2001,Thompson,Maria,9 Campfire Place,West Brookfield,MA,1585,50.0,Housewife,,,0,2001 Year-end Report (ND),,0,Not Specified
87,201,Individual,13164,"Candaras, Gale D.",8/19/2001,Voss,Louise Hinds,7622 N. 650 W.,Dupont,IN,47231,50.0,Retired,,,0,2001 Year-end Report (ND),,0,Not Specified
88,201,Individual,13164,"Candaras, Gale D.",8/19/2001,Worthington,Elizabeth R.,108 Mountain Road,Wilbraham,MA,1095,50.0,Retired,,,0,2001 Year-end Report (ND),,0,Not Specified
89,201,Individual,13164,"Candaras, Gale D.",8/19/2001,Barry,Virginia F.,5 Jeffrey Lane,Wilbraham,MA,1095,50.0,Housewife,,,0,2001 Year-end Report (ND),,0,Not Specified
90,201,Individual,13164,"Candaras, Gale D.",8/19/2001,Caron,Nancy N.,135 Mountain Road,Wilbraham,MA,1095,50.0,Market Consultant,,,0,2001 Year-end Report (ND),,0,Not Specified
91,201,Individual,13164,"Candaras, Gale D.",8/19/2001,Cote,Carol,8 Tall Timber Drive,Wilbraham,MA,1095,50.0,Housewife,,,0,2001 Year-end Report (ND),,0,Not Specified
92,201,Individual,13164,"Candaras, Gale D.",8/19/2001,Counos,Mary Kay,3 Powers Drive,Wilbraham,MA,1095,50.0,Owner,Spartan Brake & Muffler,,0,2001 Year-end Report (ND),,0,Not Specified
93,201,Individual,13164,"Candaras, Gale D.",8/19/2001,Fitzgerald,Barbara A.,3 Pidgeon Drive,Wilbraham,MA,1095,50.0,Housewife,,,0,2001 Year-end Report (ND),,0,Not Specified
94,201,Individual,13164,"Candaras, Gale D.",8/19/2001,Flynn,Janice C.,59 East Longmeadow Road,Wilbraham,MA,1095,100.0,Pharmacist,,,0,2001 Year-end Report (ND),,0,Not Specified
95,201,Individual,13164,"Candaras, Gale D.",8/19/2001,Foley,Barbara J.,2205 Boston Road N129,Wilbraham,MA,1095,50.0,Realtor,,,0,2001 Year-end Report (ND),,0,Not Specified
96,201,Individual,13164,"Candaras, Gale D.",8/19/2001,Fountain,Carol A.,159 Burleigh Road,Wilbraham,MA,1095,50.0,Housewife,,,0,2001 Year-end Report (ND),,0,Not Specified
97,201,Individual,13164,"Candaras, Gale D.",8/19/2001,Freed,Virginia K.,28 Mill Brook Drive,Wilbraham,MA,1095,50.0,Professor,,,0,2001 Year-end Report (ND),,0,Not Specified
98,201,Individual,13164,"Candaras, Gale D.",8/19/2001,Gebeau,Jane W.,3 Pomeroy Street,Wilbraham,MA,1095,50.0,Retired,,,0,2001 Year-end Report (ND),,0,Not Specified
99,201,Individual,13164,"Candaras, Gale D.",8/19/2001,Gendron,Irene F.,12 Devonshire Drive,Wilbraham,MA,1095,50.0,Shaklee Distributor,Self Employed,,0,2001 Year-end Report (ND),,0,Not Specified
100,201,Individual,13164,"Candaras, Gale D.",8/19/2001,Grono,Catherine,1051 Tinkham Road,Wilbraham,MA,1095,50.0,Teacher,,,0,2001 Year-end Report (ND),,0,Not Specified
101,201,Individual,13164,"Candaras, Gale D.",8/19/2001,Hartman,Richard,23 High Pine Circle,Wilbraham,MA,1095,50.0,Retired,,,0,2001 Year-end Report (ND),,0,Not Specified
102,201,Individual,13164,"Candaras, Gale D.",8/19/2001,Jackson,Maralyn E.,10 Pease Drive,Wilbraham,MA,1095,25.0,Retired,,,0,2001 Year-end Report (ND),,0,Not Specified
103,201,Individual,13164,"Candaras, Gale D.",8/19/2001,Kaynor,Inez R.,51 Monson Road,Wilbraham,MA,1095,50.0,Retired,,,0,2001 Year-end Report (ND),,0,Not Specified
104,201,Individual,13164,"Candaras, Gale D.",8/19/2001,Kulig,Alice S.,111 Monson Road,Wilbraham,MA,1095,25.0,Retired,,,0,2001 Year-end Report (ND),,0,Not Specified
105,201,Individual,13164,"Candaras, Gale D.",8/19/2001,Lewis,Anne F.,2 Hilltop Park,Wilbraham,MA,1095,50.0,Bank Executive,,,0,2001 Year-end Report (ND),,0,Not Specified
106,201,Individual,13164,"Candaras, Gale D.",8/19/2001,Loper,Cathleen H.,1 Webster Lane,Wilbraham,MA,1095,50.0,Housewife,,,0,2001 Year-end Report (ND),,0,Not Specified
107,201,Individual,13164,"Candaras, Gale D.",8/19/2001,Manzi,Margaret S.,16 Woodside Drive,Wilbraham,MA,1095,50.0,Retired,,,0,2001 Year-end Report (ND),,0,Not Specified
108,201,Individual,13164,"Candaras, Gale D.",8/19/2001,Mappin,Sharon M.,8 High Pine Circle,Wilbraham,MA,1095,100.0,Housewife,,,0,2001 Year-end Report (ND),,0,Not Specified
109,201,Individual,13164,"Candaras, Gale D.",8/19/2001,Mathews,Rena M.,2 Greenwood Road,Wilbraham,MA,1095,50.0,Housewife,,,0,2001 Year-end Report (ND),,0,Not Specified
110,201,Individual,13164,"Candaras, Gale D.",8/19/2001,Mirkin,Zane,P.O. Box 2851,Springfield,MA,1101,100.0,Owner,Associated Wrecking,,0,2001 Year-end Report (ND),,0,Not Specified
111,201,Individual,13164,"Candaras, Gale D.",8/19/2001,Nelson,Loralee P.,2 Tall Timber Dirve,Wilbraham,MA,1095,50.0,RN,Town of Wilbraham,,0,2001 Year-end Report (ND),,0,Not Specified
112,201,Individual,13164,"Candaras, Gale D.",8/19/2001,Nieske,George H.,P.O.Box 116,Wilbraham,MA,1095,50.0,Dentist,,,0,2001 Year-end Report (ND),,0,Not Specified
113,201,Individual,13164,"Candaras, Gale D.",8/19/2001,Patavino,Helen M.,17 High Pine Circle,Wilbraham,MA,1095,25.0,Retired,,,0,2001 Year-end Report (ND),,0,Not Specified
114,201,Individual,13164,"Candaras, Gale D.",8/19/2001,Peck,Alesia M.,35 Main Street,Wilbraham,MA,1095,50.0,Teacher,Town of Sturbridge,,0,2001 Year-end Report (ND),,0,Not Specified
115,201,Individual,13164,"Candaras, Gale D.",8/19/2001,Peck,Lois E.,31 Main Street,Wilbraham,MA,1095,100.0,Retired,,,0,2001 Year-end Report (ND),,0,Not Specified
116,201,Individual,13164,"Candaras, Gale D.",8/19/2001,"Picknelly, Sr.",Peter,1229 South Branch Parkway,Springfield,MA,1129,100.0,Chairman,Peter Pan/Monarch Place,,0,2001 Year-end Report (ND),,0,Not Specified
117,201,Individual,13164,"Candaras, Gale D.",8/19/2001,Prater,Virginia B.,3 Shirley Street,Wilbraham,MA,1095,50.0,retired,,,0,2001 Year-end Report (ND),,0,Not Specified
118,201,Individual,13164,"Candaras, Gale D.",8/19/2001,Remillard,Virginia,315 Main Street,Wilbraham,MA,1095,50.0,Cosmetics Co. Rep.,,,0,2001 Year-end Report (ND),,0,Not Specified
119,201,Individual,10315,"Moore, Richard T.",8/20/2001,UniBank for Savings,,49 Church Street,Whitinsville,MA,1588,13.32,,,,0,2001 Year-end Report (ND),,0,Not Specified
120,201,Individual,13033,"Pope, Susan W.",8/20/2001,Sacra,Glenn,56 Glezen lane,Wayland,MA,1778,250.0,Retired,,,0,2001 Year-end Report (ND),,0,Not Specified
121,201,Individual,13033,"Pope, Susan W.",8/20/2001,Jenney,Christopher,14 Moore rd.,Wayland,MA,1778,250.0,"Business manager, Parthenon Gr",,,0,2001 Year-end Report (ND),,0,Not Specified
122,201,Individual,13033,"Pope, Susan W.",8/21/2001,Kariotis,George,8 Poets Path,Wayland,MA,1778,100.0,,,,0,2001 Year-end Report (ND),,0,Not Specified
123,201,Individual,13033,"Pope, Susan W.",8/21/2001,Sellier,Bert,347 Dutton,Sudbury,MA,1776,100.0,,,,0,2001 Year-end Report (ND),,0,Not Specified
124,201,Individual,13033,"Pope, Susan W.",8/21/2001,Shannon,Wm.,4 Wildwood,Wayland,MA,1778,100.0,,,,0,2001 Year-end Report (ND),,0,Not Specified
125,201,Individual,13033,"Pope, Susan W.",8/21/2001,Brady,Susan,7 Saddle lane,Wayland,MA,1778,100.0,,,,0,2001 Year-end Report (ND),,0,Not Specified
126,201,Individual,13033,"Pope, Susan W.",8/21/2001,Brooks,Samuel S.,11 Hampshire,Wayland,MA,1778,250.0,contractor,Edifice Wrecks,,0,2001 Year-end Report (ND),,0,Not Specified
127,201,Individual,13033,"Pope, Susan W.",8/21/2001,Close,Mary,85 Highland Circle,Wayland,MA,1778,100.0,,,,0,2001 Year-end Report (ND),,0,Not Specified
128,201,Individual,10315,"Moore, Richard T.",8/21/2001,"Richard T. Moore, Committee to Elect",,235 Williams Street,Uxbridge,MA,1569,80.19,,,,0,2001 Year-end Report (ND),,0,Not Specified
129,201,Individual,11973,"Larkin, Peter J.",8/21/2001,Consalvo,Michelle,15 Raynes Road,Hyde Park,MA,2136,200.0,Lobbyist,Astaris LLC,,0,2001 Year-end Report (ND),,0,Not Specified
130,201,Individual,10315,"Moore, Richard T.",8/22/2001,Pinkham,Julie B.,55 Island Avenue,Quincy,MA,2169,500.0,Vice President,MA Nurses Association,,0,2001 Year-end Report (ND),,0,Not Specified
131,201,Individual,10315,"Moore, Richard T.",8/22/2001,Connelly,Jane H.,570 Eliot Street,Milton,MA,2186,100.0,,,,0,2001 Year-end Report (ND),,0,Not Specified
132,201,Individual,13033,"Pope, Susan W.",8/22/2001,Foulkes,Karen,3 Brewster,Wayland,MA,1778,100.0,,,,0,2001 Year-end Report (ND),,0,Not Specified
133,201,Individual,13600,"Coppola (Deceased), Michael",8/22/2001,BRYANT,FRANK,16 EDWARDS RD,FOXBORO,MA,2035,50.0,SALES,IPS OF BOSTON,,0,2001 Year-end Report (ND),,0,Not Specified
134,201,Individual,13600,"Coppola (Deceased), Michael",8/22/2001,KROHN,KATHREN A,47 FAIRWAY LANE,FOXBORO,MA,2035,100.0,,,,0,2001 Year-end Report (ND),,0,Not Specified
135,201,Individual,13033,"Pope, Susan W.",8/23/2001,Devany,Chris,71 Moore Rd.,Wayland,MA,1778,500.0,mgmnt. Cosultant,Pinnacle consulting Group,,0,2001 Year-end Report (ND),,0,Not Specified
136,201,Individual,13033,"Pope, Susan W.",8/23/2001,Buegniella,John,111 Pokonoket,Sudbury,MA,1776,100.0,,,,0,2001 Year-end Report (ND),,0,Not Specified
137,201,Individual,13033,"Pope, Susan W.",8/23/2001,McCabe,Annett P,15 Easy Street,Sudbury,MA,1776,100.0,,,,0,2001 Year-end Report (ND),,0,Not Specified
138,201,Individual,10025,"Berry, Frederick E.",8/23/2001,Berry,Frederick E.,Keefe Hall #10/210 Washington Street,Peabody,MA,1960,175.0,8/01 Vehicle Lease,,,0,2001 Year-end Report (ND),,0,Not Specified
139,201,Individual,10025,"Berry, Frederick E.",8/23/2001,Fleming,F. Jeffrey,155 Richdale Road,Needham,MA,2494,200.0,Lobbyist,Shanley Fleming Associates,,0,2001 Year-end Report (ND),,0,Not Specified
140,201,Individual,10025,"Berry, Frederick E.",8/23/2001,Eastern Bank,,Main Street,Peabody,MA,1960,58.29,,,,0,2001 Year-end Report (ND),,0,Not Specified
141,201,Individual,13033,"Pope, Susan W.",8/25/2001,Brown,Patricia,34 Whispering Pine Ln,Sudbury,MA,1776,100.0,,,,0,2001 Year-end Report (ND),,0,Not Specified
142,201,Individual,13033,"Pope, Susan W.",8/25/2001,Todd,David,21 Oxbow rd,Wayland,MA,1778,200.0,realator,,,0,2001 Year-end Report (ND),,0,Not Specified
143,201,Individual,13033,"Pope, Susan W.",8/25/2001,Chisholm,Reed,14 Glezen lane,Wayland,MA,1778,200.0,stock broker,goldman Sachs,,0,2001 Year-end Report (ND),,0,Not Specified
144,201,Individual,13033,"Pope, Susan W.",8/25/2001,Spina,Stephanie,17 Campbell Rd.,Wayland,MA,1778,500.0,At home,,,0,2001 Year-end Report (ND),,0,Not Specified
145,201,Individual,13033,"Pope, Susan W.",8/25/2001,Strong,Jon,157 Plain Rd.,Wayland,MA,1778,100.0,,,,0,2001 Year-end Report (ND),,0,Not Specified
146,201,Individual,13033,"Pope, Susan W.",8/25/2001,Wolfe,Carole,637 Concord Rd.,Sudbury,MA,1776,100.0,,,,0,2001 Year-end Report (ND),,0,Not Specified
147,201,Individual,13033,"Pope, Susan W.",8/27/2001,Hillery,Mary Jane,66 Willow rd.,Sudbury,MA,1776,100.0,,,,0,2001 Year-end Report (ND),,0,Not Specified
148,201,Individual,13033,"Pope, Susan W.",8/28/2001,Conant,A Bradford,85 Glezen lane,Wayland,MA,1778,150.0,,,,0,2001 Year-end Report (ND),,0,Not Specified
149,201,Individual,12534,"Jones Jr., Bradley H.",8/28/2001,O'Brien,William E.,382 Park Street,North Reading,MA,1864,100.0,Sef-Employed,William O'Brien & Sons,,0,2001 Year-end Report (ND),,0,Not Specified
150,201,Individual,11421,"Brewer, Stephen M.",8/29/2001,Ziff,Margaret,66 West Brookfield Road,New Braintree,MA,1531,100.0,,,,0,2001 Year-end Report (ND),,0,Not Specified
151,201,Individual,11421,"Brewer, Stephen M.",8/29/2001,McNeaney,Timothy,PO Box 394,East Brookfield,MA,1515,100.0,,,,0,2001 Year-end Report (ND),,0,Not Specified
152,201,Individual,11421,"Brewer, Stephen M.",8/29/2001,Wilson,Roger,91 Pleasant Street,Spencer,MA,1562,180.0,,,,0,2001 Year-end Report (ND),,0,Not Specified
153,201,Individual,11421,"Brewer, Stephen M.",8/29/2001,Brewer,John,654 Hardwick Road,South Barre,MA,1074,60.0,,,,0,2001 Year-end Report (ND),,0,Not Specified
154,201,Individual,11421,"Brewer, Stephen M.",8/29/2001,Zukowsky,Leanne,30 Sturbridge Hills,Sturbridge,MA,1566,130.0,,,,0,2001 Year-end Report (ND),,0,Not Specified
155,201,Individual,11421,"Brewer, Stephen M.",8/29/2001,McCarthy,John,36 Donovan Road,North Brookfield,MA,1535,90.0,,,,0,2001 Year-end Report (ND),,0,Not Specified
156,201,Individual,11421,"Brewer, Stephen M.",8/29/2001,Dorman,Joanne,10 Old Warren Road,West Brookfield,MA,1585,60.0,,,,0,2001 Year-end Report (ND),,0,Not Specified
157,201,Individual,11421,"Brewer, Stephen M.",8/29/2001,Sheldon,Mary Jane,19 Winter Street,North Brookfield,MA,1535,130.0,,,,0,2001 Year-end Report (ND),,0,Not Specified
158,201,Individual,11421,"Brewer, Stephen M.",8/29/2001,Bellerman,Marcia,565 Elm Street,Fitchburg,MA,1420,100.0,Probation Officer,Trial Court of MA,,0,2001 Year-end Report (ND),,0,Not Specified
159,201,Individual,11421,"Brewer, Stephen M.",8/29/2001,Lang,Reginald,591 North Road,Hardwick,MA,1037,100.0,,,,0,2001 Year-end Report (ND),,0,Not Specified
160,201,Individual,11421,"Brewer, Stephen M.",8/29/2001,Smith,Ann Marie,PO Box 369,South Barre,MA,1074,150.0,,,,0,2001 Year-end Report (ND),,0,Not Specified
161,201,Individual,11421,"Brewer, Stephen M.",8/29/2001,Salvadore,Anthony,129 North Brookfield Road,Barre,MA,1005,100.0,,,,0,2001 Year-end Report (ND),,0,Not Specified
162,201,Individual,11421,"Brewer, Stephen M.",8/29/2001,Grace,Kevin,19 George Allen Road,West Brookfield,MA,1585,150.0,,,,0,2001 Year-end Report (ND),,0,Not Specified
163,201,Individual,11421,"Brewer, Stephen M.",8/29/2001,Munns,Henry,83 New Braintree Road,North Brookfield,MA,1535,100.0,,,,0,2001 Year-end Report (ND),,0,Not Specified
164,201,Individual,11421,"Brewer, Stephen M.",8/29/2001,Jackson,John,17 William Casey Road,Spencer,MA,1562,100.0,,,,0,2001 Year-end Report (ND),,0,Not Specified
165,201,Individual,11421,"Brewer, Stephen M.",8/29/2001,Mina,Noreen,140 Town Farm Road,Brookfield,MA,1506,150.0,,,,0,2001 Year-end Report (ND),,0,Not Specified
166,201,Individual,11421,"Brewer, Stephen M.",8/29/2001,Coolidge,John,PO Box 424,Orange,MA,1364,100.0,,,,0,2001 Year-end Report (ND),,0,Not Specified
167,201,Individual,11421,"Brewer, Stephen M.",8/29/2001,Balicki,Edward,92 Bacon Road,Ware,MA,1082,100.0,,,,0,2001 Year-end Report (ND),,0,Not Specified
168,201,Individual,11421,"Brewer, Stephen M.",8/29/2001,Harvey,Lorraine,76-8 Quinsigamond Avenue,Shrewsbury,MA,1545,100.0,,,,0,2001 Year-end Report (ND),,0,Not Specified
169,201,Individual,11421,"Brewer, Stephen M.",8/29/2001,Spadea,Patricia,121 Foster Hill Road,West Brookfield,MA,1585,100.0,,,,0,2001 Year-end Report (ND),,0,Not Specified
170,201,Individual,11421,"Brewer, Stephen M.",8/29/2001,St. Onge,Brian,6 Walter Drive,Ware,MA,1082,100.0,,,,0,2001 Year-end Report (ND),,0,Not Specified
171,201,Individual,11421,"Brewer, Stephen M.",8/29/2001,Henry,Walter,PO Box 931,Belchertown,MA,1007,130.0,,,,0,2001 Year-end Report (ND),,0,Not Specified
172,201,Individual,11421,"Brewer, Stephen M.",8/29/2001,Skowronek,Linda,112 Belchertown Street,Three Rivers,MA,1080,60.0,,,,0,2001 Year-end Report (ND),,0,Not Specified
173,201,Individual,11421,"Brewer, Stephen M.",8/29/2001,Boudreau,Audrey,10 Holden Road,Paxton,MA,1612,60.0,,,,0,2001 Year-end Report (ND),,0,Not Specified
174,201,Individual,11421,"Brewer, Stephen M.",8/29/2001,Daley,Patricia,1289 Old Turnpike Road,Oakham,MA,1068,60.0,,,,0,2001 Year-end Report (ND),,0,Not Specified
175,201,Individual,11421,"Brewer, Stephen M.",8/29/2001,Chrabaszcz,Emil,235 Belchertown Road,Ware,MA,1082,100.0,,,,0,2001 Year-end Report (ND),,0,Not Specified
176,201,Individual,11421,"Brewer, Stephen M.",8/29/2001,Beaupre,Roger,220 Ware Road,West Warren,MA,1092,60.0,,,,0,2001 Year-end Report (ND),,0,Not Specified
177,201,Individual,11421,"Brewer, Stephen M.",8/29/2001,Learned,April,Little Alum Pond Road,Brimfield,MA,1010,30.0,,,,0,2001 Year-end Report (ND),,0,Not Specified
178,201,Individual,11421,"Brewer, Stephen M.",8/29/2001,Learned,April,Little Alum Pond Road,Brimfield,MA,1010,30.0,,,,0,2001 Year-end Report (ND),,0,Not Specified
179,201,Individual,11421,"Brewer, Stephen M.",8/29/2001,Soper,Clarence,PO Box 134,Sturbridge,MA,1566,100.0,,,,0,2001 Year-end Report (ND),,0,Not Specified
180,201,Individual,11421,"Brewer, Stephen M.",8/29/2001,Coolidge,Katherine,659 South Washington Street,Belchertown,MA,1007,60.0,,,,0,2001 Year-end Report (ND),,0,Not Specified
181,201,Individual,11421,"Brewer, Stephen M.",8/29/2001,Chamberland,Elizabeth,222 Cedar Street,Fiskdale,MA,1518,60.0,,,,0,2001 Year-end Report (ND),,0,Not Specified
182,201,Individual,11421,"Brewer, Stephen M.",8/29/2001,Oliver,Eda,6 Warren Street,North Brookfield,MA,1535,100.0,,,,0,2001 Year-end Report (ND),,0,Not Specified
183,201,Individual,11421,"Brewer, Stephen M.",8/29/2001,Ragsdale,George,27 Stone Lane,Millbury,MA,1527,150.0,,,,0,2001 Year-end Report (ND),,0,Not Specified
184,201,Individual,11421,"Brewer, Stephen M.",8/29/2001,Szczepanek,Michael,32 Aspen Street,Ware,MA,1082,200.0,Carpenter,Umass Amherst,,0,2001 Year-end Report (ND),,0,Not Specified
185,201,Individual,11421,"Brewer, Stephen M.",8/29/2001,Munns,Henry,83 New Braintree Road,North Brookfield,MA,1535,30.0,,,,0,2001 Year-end Report (ND),,0,Not Specified
186,201,Individual,11421,"Brewer, Stephen M.",8/29/2001,Small,Raymond,9 Ashley Road,North Brookfield,MA,1535,130.0,,,,0,2001 Year-end Report (ND),,0,Not Specified
187,201,Individual,11421,"Brewer, Stephen M.",8/29/2001,Lizak,John,22 Coy Hill Road,Warren,MA,1083,100.0,,,,0,2001 Year-end Report (ND),,0,Not Specified
188,201,Individual,11421,"Brewer, Stephen M.",8/29/2001,Grace,Louis,345 Main Street,North Brookfield,MA,1535,100.0,,,,0,2001 Year-end Report (ND),,0,Not Specified
189,201,Individual,11421,"Brewer, Stephen M.",8/29/2001,Batchelor,Fay,15 Crooks Road,North Brookfield,MA,1535,100.0,,,,0,2001 Year-end Report (ND),,0,Not Specified
190,201,Individual,11421,"Brewer, Stephen M.",8/29/2001,Pierce,Roberta,79 Hale Road,Hubbardston,MA,1452,60.0,,,,0,2001 Year-end Report (ND),,0,Not Specified
191,201,Individual,11421,"Brewer, Stephen M.",8/29/2001,Campbell,Gene,20 Sherwood Drive,Belchertown,MA,1007,60.0,,,,0,2001 Year-end Report (ND),,0,Not Specified
192,201,Individual,11421,"Brewer, Stephen M.",8/29/2001,St. Amand,James,65 Buckland Street,Palmer,MA,1069,100.0,,,,0,2001 Year-end Report (ND),,0,Not Specified
193,201,Individual,11421,"Brewer, Stephen M.",8/29/2001,O'Malley,Philip,60 Cricket Drive,Sturbridge,MA,1566,85.0,,,,0,2001 Year-end Report (ND),,0,Not Specified
194,201,Individual,11421,"Brewer, Stephen M.",8/29/2001,Boissy,Gail,496 Hardwick Road,Gilbertville,MA,1031,100.0,,,,0,2001 Year-end Report (ND),,0,Not Specified
195,201,Individual,11421,"Brewer, Stephen M.",8/29/2001,Waskiewicz,Antoine,66 Orchard Lane,East Templeton,MA,1438,60.0,,,,0,2001 Year-end Report (ND),,0,Not Specified
196,201,Individual,11421,"Brewer, Stephen M.",8/29/2001,Bruni,Karen,10 Ledgewood Circle,Belchertown,MA,1007,95.0,,,,0,2001 Year-end Report (ND),,0,Not Specified
197,201,Individual,11421,"Brewer, Stephen M.",8/29/2001,Szczepanek,Stephen,30 Aspen Street,Ware,MA,1082,100.0,,,,0,2001 Year-end Report (ND),,0,Not Specified
198,201,Individual,11421,"Brewer, Stephen M.",8/29/2001,McNeaney,Ruth,383 East Main Street,East Brookfield,MA,1515,75.0,,,,0,2001 Year-end Report (ND),,0,Not Specified
199,201,Individual,11421,"Brewer, Stephen M.",8/29/2001,Huhtala,David,427 Dudley Road,Templeton,MA,1468,75.0,,,,0,2001 Year-end Report (ND),,0,Not Specified
200,201,Individual,11421,"Brewer, Stephen M.",8/29/2001,Doherty,Dolores,40 Bacon Street,Warren,MA,1083,100.0,,,,0,2001 Year-end Report (ND),,0,Not Specified
201,201,Individual,11421,"Brewer, Stephen M.",8/29/2001,MacDougall,Mark,9 Meadow Lane,Three Rivers,MA,1080,60.0,,,,0,2001 Year-end Report (ND),,0,Not Specified
202,201,Individual,11421,"Brewer, Stephen M.",8/29/2001,Murphy,Jeremy,121 Richards Avenue,Paxton,MA,1612,100.0,,,,0,2001 Year-end Report (ND),,0,Not Specified
203,201,Individual,11421,"Brewer, Stephen M.",8/29/2001,Flynn,John,5 Paul X. Tivnan Drive,West Boylston,MA,1583,100.0,,,,0,2001 Year-end Report (ND),,0,Not Specified
204,201,Individual,11421,"Brewer, Stephen M.",8/29/2001,Hubacz,Frank,34 Hillsville Road,North Brookfield,MA,1535,100.0,,,,0,2001 Year-end Report (ND),,0,Not Specified
205,201,Individual,11783,"Sprague, Jo Ann",8/29/2001,Sprague,Jo Ann (purchase lawn signs),305 Elm Street,Walpole,MA,2081,250.0,State Senator,Commonwealth of Massachusetts,,0,2001 Year-end Report (ND),,0,Not Specified
206,201,Individual,10315,"Moore, Richard T.",8/29/2001,Norton,Eileen F.,191 Plymouth Street,Pembroke,MA,2359,500.0,Labor Representative,MA Nurses Association,,0,2001 Year-end Report (ND),,0,Not Specified
207,201,Individual,13033,"Pope, Susan W.",8/30/2001,Kiburz,Joanne,82 belcher Dr.,Sudbury,MA,1776,100.0,,,,0,2001 Year-end Report (ND),,0,Not Specified
208,201,Individual,13033,"Pope, Susan W.",8/30/2001,Kelly,Mary E.,2 Barley lane,Wayland,MA,1778,100.0,,,,0,2001 Year-end Report (ND),,0,Not Specified
209,201,Individual,13033,"Pope, Susan W.",8/31/2001,Poirier,David,24 intervale,Sudbury,MA,1776,200.0,contractor,Dave's Trucking,,0,2001 Year-end Report (ND),,0,Not Specified
210,201,Individual,12557,"O'Brien, Thomas J.",8/31/2001,O'Brien,Constance,399 Mayflower Circle,Hanover,MA,2339,100.0,,,,0,2001 Year-end Report (ND),,0,Not Specified
211,201,Individual,11421,"Brewer, Stephen M.",8/31/2001,Murphy,Rosemarie,8 Springmeadow Drive,Shrewsbury,MA,1545,45.0,,,,0,2001 Year-end Report (ND),,0,Not Specified
212,201,Individual,11421,"Brewer, Stephen M.",8/31/2001,Perkins,Irene,45 Maple Lane,Petersham,MA,1366,30.0,,,,0,2001 Year-end Report (ND),,0,Not Specified
213,201,Individual,11421,"Brewer, Stephen M.",8/31/2001,Roccanti,Alfred,"281 Chauncey Walker, No 240",Belchertown,MA,1007,30.0,,,,0,2001 Year-end Report (ND),,0,Not Specified
214,201,Individual,11421,"Brewer, Stephen M.",8/31/2001,Solomito,Elizabeth,104 Rinnock Road,Fitchburg,MA,1420,30.0,Teacher,City of Fitchburg,,0,2001 Year-end Report (ND),,0,Not Specified
215,201,Individual,11421,"Brewer, Stephen M.",8/31/2001,Sechman,Nancy,13 Beechwood Drive,Rutland,MA,1543,30.0,,,,0,2001 Year-end Report (ND),,0,Not Specified
216,201,Individual,11421,"Brewer, Stephen M.",8/31/2001,Fitzpatrick,Daniel,30 Tucker Lane,Belchertown,MA,1007,50.0,,,,0,2001 Year-end Report (ND),,0,Not Specified
217,201,Individual,11421,"Brewer, Stephen M.",8/31/2001,Fleming,Dennis,PO Box 161,Barre,MA,1005,50.0,,,,0,2001 Year-end Report (ND),,0,Not Specified
218,201,Individual,11064,"Festa, Michael E.",8/31/2001,Council of State Gov.,,Rockefeller Center,New Yorl,NY,10020,250.0,,,,0,2001 Year-end Report (ND),,0,Not Specified
219,201,Individual,11497,"Koczera, Robert M.",9/1/2001,Firstfed - interest,,Ashley Blvd,New Bedford,MA,2745,2.55,,,,0,2001 Year-end Report (ND),,0,Not Specified
220,201,Individual,10106,"Correia, Robert",9/1/2001,Pacheco,Doris,43 Palmer Street,Fall River,MA,2724,150.0,,,,0,2001 Year-end Report (ND),,0,Not Specified
221,201,Individual,10106,"Correia, Robert",9/1/2001,Braga,Robert,98 Manchester Street,Fall River,MA,2720,210.0,owner,"Cozy Bus Co,.",,0,2001 Year-end Report (ND),,0,Not Specified
222,201,Individual,13164,"Candaras, Gale D.",9/1/2001,Schmidt,Jeanne M.,9 Woodsley Road,Wilbraham,MA,1095,100.0,Court Employee,,,0,2001 Year-end Report (ND),,0,Not Specified
223,201,Individual,13164,"Candaras, Gale D.",9/1/2001,Keough,Marian E.,6 High Pine Circle,Wilbraham,MA,1095,50.0,Retired,,,0,2001 Year-end Report (ND),,0,Not Specified
224,201,Individual,13164,"Candaras, Gale D.",9/1/2001,"Dibble, Jr.",Francis D.,180 Eton Road,Longmeadow,MA,1106,500.0,Attorney,Self Employed,,0,2001 Year-end Report (ND),,0,Not Specified
225,201,Individual,13164,"Candaras, Gale D.",9/1/2001,Gaudreau,Jules,14 Apple Hill Road,Wilbraham,MA,1095,125.0,Insurance Agent,Gaudreau Assoc.,,0,2001 Year-end Report (ND),,0,Not Specified
226,201,Individual,13164,"Candaras, Gale D.",9/1/2001,Brower,Loni,23 Decorie Drive,Wilbraham,MA,1095,25.0,retired,,,0,2001 Year-end Report (ND),,0,Not Specified
