,Record Type ID,Record Type Description,Filer CPF ID,Filer Full Name Reverse,Date,Name,First Name,Address,City,State,Zip Code,Amount,Occupation,Employer,Principal Officer,Contributor CPF ID,Source Description,Description,Tender Type ID,Tender Type Description
0,201,Individual,11497,"Koczera, Robert M.",9/1/2001,Firstfed - interest,,Ashley Blvd,New Bedford,MA,2745,2.55,,,,0,2001 Year-end Report (ND),,0,Not Specified
1,201,Individual,13164,"Candaras, Gale D.",9/1/2001,Brower,Loni,23 Decorie Drive,Wilbraham,MA,1095,25.0,retired,,,0,2001 Year-end Report (ND),,0,Not Specified
2,201,Individual,13164,"Candaras, Gale D.",9/1/2001,Gaudreau,Jules,14 Apple Hill Road,Wilbraham,MA,1095,125.0,Insurance Agent,Gaudreau Assoc.,,0,2001 Year-end Report (ND),,0,Not Specified
3,201,Individual,13164,"Candaras, Gale D.",9/1/2001,"Dibble, Jr.",Francis D.,180 Eton Road,Longmeadow,MA,1106,500.0,Attorney,Self Employed,,0,2001 Year-end Report (ND),,0,Not Specified
4,201,Individual,13164,"Candaras, Gale D.",9/1/2001,Keough,Marian E.,6 High Pine Circle,Wilbraham,MA,1095,50.0,Retired,,,0,2001 Year-end Report (ND),,0,Not Specified
5,201,Individual,13164,"Candaras, Gale D.",9/1/2001,Schmidt,Jeanne M.,9 Woodsley Road,Wilbraham,MA,1095,100.0,Court Employee,,,0,2001 Year-end Report (ND),,0,Not Specified
6,201,Individual,10106,"Correia, Robert",9/1/2001,Pacheco,Doris,43 Palmer Street,Fall River,MA,2724,150.0,,,,0,2001 Year-end Report (ND),,0,Not Specified
7,201,Individual,10106,"Correia, Robert",9/1/2001,Braga,Robert,98 Manchester Street,Fall River,MA,2720,210.0,owner,"Cozy Bus Co,.",,0,2001 Year-end Report (ND),,0,Not Specified
8,201,Individual,10106,"Correia, Robert",9/4/2001,Gaudette,M. Earle,38 Gaudette Drive,Fall River,MA,2720,60.0,,,,0,2001 Year-end Report (ND),,0,Not Specified
9,201,Individual,12557,"O'Brien, Thomas J.",9/4/2001,Cravenho,Richard,283 Grove Street,Kingston,MA,2364,90.0,,,,0,2001 Year-end Report (ND),,0,Not Specified
10,201,Individual,13033,"Pope, Susan W.",9/4/2001,Welsh,Martha,60 Winsor,Sudbury,MA,1776,100.0,,,,0,2001 Year-end Report (ND),,0,Not Specified
11,201,Individual,13033,"Pope, Susan W.",9/4/2001,O'Reilly,Shirley,33 Maynard farm Rd.,Sudbury,MA,1776,200.0,house wife,,,0,2001 Year-end Report (ND),,0,Not Specified
12,201,Individual,13033,"Pope, Susan W.",9/5/2001,Blades,Dorothy,52 Plain Rd.,Wayland,MA,1778,75.0,,,,0,2001 Year-end Report (ND),,0,Not Specified
13,201,Individual,13033,"Pope, Susan W.",9/5/2001,Whelen,Rob't,6 Moore Rd.,Wayland,MA,1778,100.0,,,,0,2001 Year-end Report (ND),,0,Not Specified
14,201,Individual,13033,"Pope, Susan W.",9/5/2001,Anderson,Bob,16 Sedgemeadow Rd,Wayland,MA,1778,100.0,,,,0,2001 Year-end Report (ND),,0,Not Specified
15,201,Individual,13033,"Pope, Susan W.",9/5/2001,Lentz,Robert,"93 Lake rd, Terr.",Wayland,MA,1778,200.0,manager,Xionics,,0,2001 Year-end Report (ND),,0,Not Specified
16,201,Individual,13033,"Pope, Susan W.",9/5/2001,D'Orlando,David C.,10 Clarence rd.,Wayland,MA,1778,100.0,,,,0,2001 Year-end Report (ND),,0,Not Specified
17,201,Individual,13600,"Coppola (Deceased), Michael",9/5/2001,CANNATA,IRIS,25 FAIRWAY LANE,FOXBORO,MA,2035,250.0,RETIRED,,,0,2001 Year-end Report (ND),,0,Not Specified
18,201,Individual,13600,"Coppola (Deceased), Michael",9/5/2001,OVRUT,BARNETT D,10 AMES RD,FOXBORO,MA,2035,25.0,ATTORNEY,,,0,2001 Year-end Report (ND),,0,Not Specified
19,201,Individual,13033,"Pope, Susan W.",9/6/2001,Marrone,Alan,729 Boston Post rd.,Sudbury,MA,1776,100.0,,,,0,2001 Year-end Report (ND),,0,Not Specified
20,201,Individual,13033,"Pope, Susan W.",9/6/2001,Arani,Stacey,2 Moore Rd.,Wayland,MA,1778,100.0,,,,0,2001 Year-end Report (ND),,0,Not Specified
21,201,Individual,13033,"Pope, Susan W.",9/6/2001,Schrier,Robin,22 Moore Rd.,Wayland,MA,1778,200.0,at home,,,0,2001 Year-end Report (ND),,0,Not Specified
22,201,Individual,13033,"Pope, Susan W.",9/7/2001,Savage,Lawrence,12 bridle Path,Sudbury,MA,1776,100.0,,,,0,2001 Year-end Report (ND),,0,Not Specified
23,201,Individual,13033,"Pope, Susan W.",9/7/2001,Albright,Terry,86 concord rd.,Wayland,MA,1778,100.0,,,,0,2001 Year-end Report (ND),,0,Not Specified
24,201,Individual,13033,"Pope, Susan W.",9/8/2001,Carpenter,Carl,348 Comm. Ave,Wayland,MA,1778,100.0,,,,0,2001 Year-end Report (ND),,0,Not Specified
25,201,Individual,13033,"Pope, Susan W.",9/8/2001,Nedzel,Jared,15 Pequod,Wayland,MA,1778,250.0,Software Eng'r,Milennium Pharmacy,,0,2001 Year-end Report (ND),,0,Not Specified
26,201,Individual,13033,"Pope, Susan W.",9/8/2001,Hojlo,David L.,41 Moore rd.,Wayland,MA,1778,200.0,owner,CoBco,,0,2001 Year-end Report (ND),,0,Not Specified
27,201,Individual,13033,"Pope, Susan W.",9/8/2001,Rasmussen,Gertrude,PO Box 655,Maynard,MA,1754,100.0,,,,0,2001 Year-end Report (ND),,0,Not Specified
28,201,Individual,13033,"Pope, Susan W.",9/8/2001,Clifford,Chris,104 Lincoln Rd.,Wayland,MA,1778,100.0,,,,0,2001 Year-end Report (ND),,0,Not Specified
29,201,Individual,12557,"O'Brien, Thomas J.",9/8/2001,Nikiforow,Michelle,283 Grove Street,Kingston,MA,2364,90.0,,,,0,2001 Year-end Report (ND),,0,Not Specified
30,201,Individual,10315,"Moore, Richard T.",9/10/2001,UniBank for Savings,,49 Church Street,Whitinsville,MA,1588,14.54,,,,0,2001 Year-end Report (ND),,0,Not Specified
31,201,Individual,12119,"Quinn, John F.",9/11/2001,Abreu,Carole,24 Bakerville Rd.,Dartmouth,MA,2748,100.0,,,,0,2001 Year-end Report (ND),,0,Not Specified
32,201,Individual,12557,"O'Brien, Thomas J.",9/11/2001,O'Brien,James,46 Village Drive,East Sandwich,MA,2537,100.0,,,,0,2001 Year-end Report (ND),,0,Not Specified
33,201,Individual,12557,"O'Brien, Thomas J.",9/11/2001,O'Brien,Michelle,46 Village Drive,East Sandwich,MA,2537,100.0,,,,0,2001 Year-end Report (ND),,0,Not Specified
34,201,Individual,13033,"Pope, Susan W.",9/11/2001,Bauder,lorraine,14 Minuteman lane,Sudbury,MA,1776,100.0,,,,0,2001 Year-end Report (ND),,0,Not Specified
35,201,Individual,13033,"Pope, Susan W.",9/11/2001,Jenkins,Barbara,8 Winthrop Rd.,Wayland,MA,1778,100.0,,,,0,2001 Year-end Report (ND),,0,Not Specified
36,201,Individual,13600,"Coppola (Deceased), Michael",9/11/2001,ZIERAK,KATHERINE D,31 OAK STREET,FOXBORO,MA,2035,15.0,,,,0,2001 Year-end Report (ND),,0,Not Specified
37,201,Individual,13600,"Coppola (Deceased), Michael",9/11/2001,RODMAN,DON,ROUTE 1,FOXBORO,MA,2035,100.0,AUTO DEALER,RODMAN FORD,,0,2001 Year-end Report (ND),,0,Not Specified
38,201,Individual,13600,"Coppola (Deceased), Michael",9/11/2001,HUNT,STEPHEN J,20 WINDSOR DR,FOXBORO,MA,2035,25.0,,,,0,2001 Year-end Report (ND),,0,Not Specified
39,201,Individual,13600,"Coppola (Deceased), Michael",9/11/2001,DAVIS,JEAN C,186 COCASSET ST,FOXBORO,MA,2035,100.0,HOMEMAKER,,,0,2001 Year-end Report (ND),,0,Not Specified
40,201,Individual,13600,"Coppola (Deceased), Michael",9/11/2001,DECOSTE,JOSEPH F,120 NORTH ST,FOXBORO,MA,2035,100.0,,,,0,2001 Year-end Report (ND),,0,Not Specified
41,201,Individual,13600,"Coppola (Deceased), Michael",9/11/2001,BRUCKS,JUDY A,54 TAYLOR RD,FOXBORO,MA,2035,100.0,,,,0,2001 Year-end Report (ND),,0,Not Specified
42,201,Individual,13600,"Coppola (Deceased), Michael",9/11/2001,HIRSCH,CAROLYN N,14 WAYNE DR,FOXBORO,MA,2035,50.0,,,,0,2001 Year-end Report (ND),,0,Not Specified
43,201,Individual,13600,"Coppola (Deceased), Michael",9/11/2001,HADDIGAN,ELIZABETH A,23 MEADOWVIEW RD,FOXBORO,MA,2035,50.0,,,,0,2001 Year-end Report (ND),,0,Not Specified
44,201,Individual,13600,"Coppola (Deceased), Michael",9/11/2001,GAZZOLO,ANDRES,25 SOUTH ST,MANSFIELD,MA,2048,150.0,,,,0,2001 Year-end Report (ND),,0,Not Specified
45,201,Individual,13600,"Coppola (Deceased), Michael",9/11/2001,MIGNONE,KEITH,82 MAIN ST,FOXBORO,MA,2035,25.0,POLICE OFFICER,CHATHAM P.D.,,0,2001 Year-end Report (ND),,0,Not Specified
46,201,Individual,13600,"Coppola (Deceased), Michael",9/11/2001,PINI,GLORIA L,256 MAIN ST,FOXBORO,MA,2035,125.0,,,,0,2001 Year-end Report (ND),,0,Not Specified
47,201,Individual,11421,"Brewer, Stephen M.",9/12/2001,Zukowski,Robert,27 Sherman Grove,Spencer,MA,1562,100.0,,,,0,2001 Year-end Report (ND),,0,Not Specified
48,201,Individual,11421,"Brewer, Stephen M.",9/12/2001,Bellerman,Marcia,565 Elm Street,Fitchburg,MA,1420,100.0,Probation Officer,Trial Court of MA,,0,2001 Year-end Report (ND),,0,Not Specified
49,201,Individual,11421,"Brewer, Stephen M.",9/12/2001,Amidio,John,1941 Old Turnpike Road,Oakham,MA,1068,100.0,,,,0,2001 Year-end Report (ND),,0,Not Specified
50,201,Individual,11421,"Brewer, Stephen M.",9/12/2001,Arsenault,Joseph,PO Box 78,Templeton,MA,1468,100.0,,,,0,2001 Year-end Report (ND),,0,Not Specified
51,201,Individual,11421,"Brewer, Stephen M.",9/12/2001,Butler,Bernadette,8 Ridgeview Road,Sturbridge,MA,1566,100.0,,,,0,2001 Year-end Report (ND),,0,Not Specified
52,201,Individual,11421,"Brewer, Stephen M.",9/12/2001,Bish,John,766 South Street,West Warren,MA,1092,60.0,,,,0,2001 Year-end Report (ND),,0,Not Specified
53,201,Individual,11421,"Brewer, Stephen M.",9/12/2001,Lee,Susan,300 McKay Road,New Braintree,MA,1531,60.0,,,,0,2001 Year-end Report (ND),,0,Not Specified
54,201,Individual,11421,"Brewer, Stephen M.",9/12/2001,Messier,Mary,163 Main Street,Spencer,MA,1562,100.0,,,,0,2001 Year-end Report (ND),,0,Not Specified
55,201,Individual,11421,"Brewer, Stephen M.",9/12/2001,Murphy,Rosemarie,8 Springmeadow Drive,Shrewsbury,MA,1545,100.0,,,,0,2001 Year-end Report (ND),,0,Not Specified
56,201,Individual,11421,"Brewer, Stephen M.",9/12/2001,Murphy,Irene,1781 Old Keene Road,Athol,MA,1331,200.0,Probation Officer,Trial Court of MA,,0,2001 Year-end Report (ND),,0,Not Specified
57,201,Individual,11421,"Brewer, Stephen M.",9/12/2001,McHugh,Kenneth,500 West Street,Barre,MA,1005,100.0,,,,0,2001 Year-end Report (ND),,0,Not Specified
58,201,Individual,11421,"Brewer, Stephen M.",9/12/2001,Pluta,M. Richard,191 Pierce Road,West Brookfield,MA,1585,70.0,,,,0,2001 Year-end Report (ND),,0,Not Specified
59,201,Individual,11421,"Brewer, Stephen M.",9/12/2001,Pillsbury,Barbara,116 Maple Way,East Brookfield,MA,1515,200.0,Secretary,Pillsbury Funeral Home,,0,2001 Year-end Report (ND),,0,Not Specified
60,201,Individual,11421,"Brewer, Stephen M.",9/12/2001,Petruzzi,Doris,117 West Main Street,East Brookfield,MA,1515,200.0,Homemaker,,,0,2001 Year-end Report (ND),,0,Not Specified
61,201,Individual,11421,"Brewer, Stephen M.",9/12/2001,Roach,Norma,3495 Greenwich Road,Ware,MA,1082,200.0,Owner,Hardwick Landfill,,0,2001 Year-end Report (ND),,0,Not Specified
62,201,Individual,11421,"Brewer, Stephen M.",9/12/2001,Roberts,Paula,172 Goddard Road,Gilbertville,MA,1031,100.0,,,,0,2001 Year-end Report (ND),,0,Not Specified
63,201,Individual,11421,"Brewer, Stephen M.",9/12/2001,Reed,Susan,755 Barre Road,New Braintree,MA,1531,100.0,,,,0,2001 Year-end Report (ND),,0,Not Specified
64,201,Individual,11421,"Brewer, Stephen M.",9/12/2001,Sechman,Nancy,13 Beechwood Drive,Rutland,MA,1543,50.0,,,,0,2001 Year-end Report (ND),,0,Not Specified
65,201,Individual,11421,"Brewer, Stephen M.",9/12/2001,Chartier,Robert,89 Gilbert Street,North Brookfield,MA,1535,75.0,,,,0,2001 Year-end Report (ND),,0,Not Specified
66,201,Individual,11421,"Brewer, Stephen M.",9/12/2001,Chamberland,William,7 North Drive,Fiskdale,MA,1518,60.0,,,,0,2001 Year-end Report (ND),,0,Not Specified
67,201,Individual,11421,"Brewer, Stephen M.",9/12/2001,Chamberland,Russell,55 Caron Road,Fiskdale,MA,1518,250.0,Foreman,MATpike,,0,2001 Year-end Report (ND),,0,Not Specified
68,201,Individual,11421,"Brewer, Stephen M.",9/12/2001,Caille,Carolyn,24 King Street,North Brookfield,MA,1535,75.0,,,,0,2001 Year-end Report (ND),,0,Not Specified
69,201,Individual,11421,"Brewer, Stephen M.",9/12/2001,Devereux,James,1 Northwest Road,Spencer,MA,1562,100.0,,,,0,2001 Year-end Report (ND),,0,Not Specified
70,201,Individual,11421,"Brewer, Stephen M.",9/12/2001,Fimognari,Peter,245 Woodhill Road,Monson,MA,1057,100.0,,,,0,2001 Year-end Report (ND),,0,Not Specified
71,201,Individual,11421,"Brewer, Stephen M.",9/12/2001,Ford,Francis,8 Walbridge Road,Paxton,MA,1612,250.0,Attorney,Shannon & Ford,,0,2001 Year-end Report (ND),,0,Not Specified
72,201,Individual,11421,"Brewer, Stephen M.",9/12/2001,Farmer,Donna,133 Charlton Road,Spencer,MA,1562,100.0,,,,0,2001 Year-end Report (ND),,0,Not Specified
73,201,Individual,11421,"Brewer, Stephen M.",9/12/2001,Greene,Richard,40 Clearview Drive,West Brookfield,MA,1585,100.0,,,,0,2001 Year-end Report (ND),,0,Not Specified
74,201,Individual,11421,"Brewer, Stephen M.",9/12/2001,Gengel,Leonard,PO Box 355,Rutland,MA,1543,100.0,,,,0,2001 Year-end Report (ND),,0,Not Specified
75,201,Individual,11421,"Brewer, Stephen M.",9/12/2001,Gianfriddo,Vincent,6 McCarthy Road,North Brookfield,MA,1535,250.0,Owner/Mgr,Chooch's Bar & Restaurant,,0,2001 Year-end Report (ND),,0,Not Specified
76,201,Individual,11421,"Brewer, Stephen M.",9/12/2001,Hubacz,Lois,42 Madbrook Road,North Brookfield,MA,1535,100.0,,,,0,2001 Year-end Report (ND),,0,Not Specified
77,201,Individual,11421,"Brewer, Stephen M.",9/12/2001,Haggerty,Patricia,18 Westwood Drive,Sturbridge,MA,1566,30.0,,,,0,2001 Year-end Report (ND),,0,Not Specified
78,201,Individual,11421,"Brewer, Stephen M.",9/12/2001,Hibbard,Richard,Main Street,East Brookfield,MA,1515,300.0,Owner,Quaboag Sporting Goods,,0,2001 Year-end Report (ND),,0,Not Specified
79,201,Individual,11421,"Brewer, Stephen M.",9/12/2001,Jacques,Marie,Allen Road,Brookfield,MA,1506,200.0,Homemaker,,,0,2001 Year-end Report (ND),,0,Not Specified
80,201,Individual,11421,"Brewer, Stephen M.",9/12/2001,Kaczmarczyk,Richard,20 Oakland Street,Palmer,MA,1609,100.0,,,,0,2001 Year-end Report (ND),,0,Not Specified
81,201,Individual,11421,"Brewer, Stephen M.",9/12/2001,LeBoeuf,Patricia,83 Mechanic Street,Warren,MA,1083,100.0,,,,0,2001 Year-end Report (ND),,0,Not Specified
82,201,Individual,11421,"Brewer, Stephen M.",9/12/2001,Tatro,Arthur,51 High Street,Spencer,MA,1562,100.0,,,,0,2001 Year-end Report (ND),,0,Not Specified
83,201,Individual,11421,"Brewer, Stephen M.",9/12/2001,Twohey,Craig,275 Ward Hill Road,Phillipston,MA,1331,250.0,Owner,King Phillip Restaurant,,0,2001 Year-end Report (ND),,0,Not Specified
84,201,Individual,12119,"Quinn, John F.",9/12/2001,Sullivan,Stephen,51 State Rd.,Dartmouth,MA,2747,100.0,,,,0,2001 Year-end Report (ND),,0,Not Specified
85,201,Individual,12119,"Quinn, John F.",9/12/2001,De Mello,James,117 Hathaway Rd.,Dartmouth,MA,2747,100.0,,,,0,2001 Year-end Report (ND),,0,Not Specified
86,201,Individual,12119,"Quinn, John F.",9/12/2001,Lang,Jeffrey,13 Centre St.,New Bedford,MA,2740,100.0,,,,0,2001 Year-end Report (ND),,0,Not Specified
87,201,Individual,12119,"Quinn, John F.",9/12/2001,Ryan,Denis,62 Middle St.,Dartmouth,MA,2748,100.0,,,,0,2001 Year-end Report (ND),,0,Not Specified
88,201,Individual,11428,"Resor, Pamela P.",9/13/2001,Community National Bank,,P. O. Box 368,Hudson,MA,1749,32.26,,,,0,2001 Year-end Report (ND),,0,Not Specified
89,201,Individual,12119,"Quinn, John F.",9/13/2001,Antine,Jeffrey,11 Strathmore Rd.,Dartmouth,MA,2747,100.0,,,,0,2001 Year-end Report (ND),,0,Not Specified
90,201,Individual,12119,"Quinn, John F.",9/13/2001,Aghai,Dorothy,23 Merrymount Dr.,Dartmouth,MA,2747,100.0,,,,0,2001 Year-end Report (ND),,0,Not Specified
91,201,Individual,12119,"Quinn, John F.",9/14/2001,Livingstone,Michael,261 Union St.,New Bedford,MA,2740,100.0,,,,0,2001 Year-end Report (ND),,0,Not Specified
92,201,Individual,12119,"Quinn, John F.",9/15/2001,Corbett,William,7 Memorial Ave.,Dartmouth,MA,2748,100.0,,,,0,2001 Year-end Report (ND),,0,Not Specified
93,201,Individual,12119,"Quinn, John F.",9/16/2001,Ibara,Richard,445 Old Westport Rd.,Dartmouth,MA,2747,100.0,,,,0,2001 Year-end Report (ND),,0,Not Specified
94,201,Individual,12119,"Quinn, John F.",9/17/2001,King,Donald,158 Slocum Rd.,Dartmouth,MA,2747,100.0,,,,0,2001 Year-end Report (ND),,0,Not Specified
95,201,Individual,12119,"Quinn, John F.",9/17/2001,Sbordone,Thomas,7 John Rolfe Dr.,Dartmouth,MA,2747,100.0,,,,0,2001 Year-end Report (ND),,0,Not Specified
96,201,Individual,12119,"Quinn, John F.",9/17/2001,Day,John,37 Myles Standish Dr.,Dartmouth,MA,2747,100.0,,,,0,2001 Year-end Report (ND),,0,Not Specified
97,201,Individual,10315,"Moore, Richard T.",9/17/2001,Rothschild,Judith S.,11 Morse Road,Sherborn,MA,1770,500.0,Medical Doctor,,,0,2001 Year-end Report (ND),,0,Not Specified
98,201,Individual,10106,"Correia, Robert",9/17/2001,Abreu,James,57 Horton Street,Fall River,MA,2720,90.0,social worker,Dept. Mental Health,,0,2001 Year-end Report (ND),,0,Not Specified
99,201,Individual,13164,"Candaras, Gale D.",9/17/2001,Tedeschi,Dolores,38 West Colonial Road,Wilbraham,MA,1095,15.0,Retired,,,0,2001 Year-end Report (ND),,0,Not Specified
100,201,Individual,13164,"Candaras, Gale D.",9/17/2001,Petzold,Marilyn P.,20 Scenic Drive,Wilbraham,MA,1095,25.0,Housewife,,,0,2001 Year-end Report (ND),,0,Not Specified
101,201,Individual,13164,"Candaras, Gale D.",9/17/2001,Moreno,Linda M.,7 Deepwood Drive,Wilbraham,MA,1095,100.0,Housewife,,,0,2001 Year-end Report (ND),,0,Not Specified
102,201,Individual,13164,"Candaras, Gale D.",9/17/2001,Nordstrom,Patricia D.,82 Oakland Street,Wilbraham,MA,1095,100.0,Physician's Office Employee,,,0,2001 Year-end Report (ND),,0,Not Specified
103,201,Individual,13164,"Candaras, Gale D.",9/17/2001,Basch,Joli C.,25 McIntosh Drive,Wilbraham,MA,1095,100.0,Housewife,,,0,2001 Year-end Report (ND),,0,Not Specified
104,201,Individual,13164,"Candaras, Gale D.",9/17/2001,Carpenter,Shirley S.,2205 Boston Road Q160,Wilbraham,MA,1095,50.0,Retired,,,0,2001 Year-end Report (ND),,0,Not Specified
105,201,Individual,13164,"Candaras, Gale D.",9/17/2001,Everton,Janette L.,22 Pleasantview Road,Wilbraham,MA,1095,50.0,Housewife,,,0,2001 Year-end Report (ND),,0,Not Specified
106,201,Individual,13164,"Candaras, Gale D.",9/17/2001,Pabis,Mary C.,2 Leemond Street,Wilbraham,MA,1095,50.0,Housewife,,,0,2001 Year-end Report (ND),,0,Not Specified
107,201,Individual,13164,"Candaras, Gale D.",9/17/2001,Willette,Kenneth,20 Arbor Lane,Wilbraham,MA,1095,50.0,,,,0,2001 Year-end Report (ND),,0,Not Specified
108,201,Individual,13164,"Candaras, Gale D.",9/17/2001,"Luttrell, Jr.",John H.,55 Burleigh Road,Wilbraham,MA,1095,50.0,Real Estate,Friendly's Ice Cream,,0,2001 Year-end Report (ND),,0,Not Specified
109,201,Individual,13164,"Candaras, Gale D.",9/17/2001,Willms,Mary Jane,2 Northwood Road,Wilbraham,MA,1095,50.0,Retired,,,0,2001 Year-end Report (ND),,0,Not Specified
110,201,Individual,13164,"Candaras, Gale D.",9/17/2001,Bongiorni,Joanne,252 Scantic Road,Hampden,MA,1036,125.0,Housewife,,,0,2001 Year-end Report (ND),,0,Not Specified
111,201,Individual,13164,"Candaras, Gale D.",9/17/2001,Sevey,Mildred B.,51 Tabor Crossing,Longmeadow,MA,1106,50.0,Retired,,,0,2001 Year-end Report (ND),,0,Not Specified
112,201,Individual,13164,"Candaras, Gale D.",9/17/2001,Spellman,Marie,11 Forest Glade Drive,Wilbraham,MA,1095,50.0,Artist,,,0,2001 Year-end Report (ND),,0,Not Specified
113,201,Individual,13164,"Candaras, Gale D.",9/17/2001,Pilarcik,Barbara,23 Apple Hill Road,Wilbraham,MA,1095,50.0,Nurse,,,0,2001 Year-end Report (ND),,0,Not Specified
114,201,Individual,13164,"Candaras, Gale D.",9/17/2001,Rice,Winifred C.,757 Main Street,Wilbraham,MA,1095,50.0,Owner,Rice Fruit Stand,,0,2001 Year-end Report (ND),,0,Not Specified
115,201,Individual,13164,"Candaras, Gale D.",9/17/2001,Payne,Jill McCarthy,181 South Branch Parkway,Springfield,MA,1118,50.0,Professor,A.I.C.,,0,2001 Year-end Report (ND),,0,Not Specified
116,201,Individual,13164,"Candaras, Gale D.",9/17/2001,Thompson,Catherine G.,26 Ruth Drive,Wilbraham,MA,1095,250.0,Housewife,,,0,2001 Year-end Report (ND),,0,Not Specified
117,201,Individual,13164,"Candaras, Gale D.",9/17/2001,DeForest,Sharon L.,5 Fairview Road,Wilbraham,MA,1095,100.0,Housewife,,,0,2001 Year-end Report (ND),,0,Not Specified
118,201,Individual,13164,"Candaras, Gale D.",9/17/2001,Bakum,Borys,38 Blacksmith Road,Wilbraham,MA,1095,25.0,Retired,,,0,2001 Year-end Report (ND),,0,Not Specified
119,201,Individual,13164,"Candaras, Gale D.",9/17/2001,Polchopek,Patricia Dunn,4 Brookside Road,Wilbraham,MA,1095,25.0,Guidance Counselor,Wilbraham,,0,2001 Year-end Report (ND),,0,Not Specified
120,201,Individual,11421,"Brewer, Stephen M.",9/18/2001,Lamoureux,Lionel,6 Winter Street,West Brookfield,MA,1585,200.0,Owner,Lamoureux Ford,,0,2001 Year-end Report (ND),,0,Not Specified
121,201,Individual,11421,"Brewer, Stephen M.",9/18/2001,Parent,Leo,75 State Road,Erving,MA,1344,200.0,Veterans Agent,Central Franklin Cty District,,0,2001 Year-end Report (ND),,0,Not Specified
122,201,Individual,11421,"Brewer, Stephen M.",9/18/2001,Quirk,Harrison,92 Church Street,Ware,MA,1082,500.0,Owner,Quirk Wire & Cable West Brookfield,,0,2001 Year-end Report (ND),,0,Not Specified
123,201,Individual,11421,"Brewer, Stephen M.",9/18/2001,Renaud,Paul,392 Montcalm Street,Chicopee,MA,1021,60.0,,,,0,2001 Year-end Report (ND),,0,Not Specified
124,201,Individual,11421,"Brewer, Stephen M.",9/18/2001,Staiti,Catherine,299 Worcester Road,Barre,MA,1005,80.0,,,,0,2001 Year-end Report (ND),,0,Not Specified
125,201,Individual,11421,"Brewer, Stephen M.",9/18/2001,Stewart,Heather,141 Rutherford Road,New Braintree,MA,1531,100.0,,,,0,2001 Year-end Report (ND),,0,Not Specified
126,201,Individual,11421,"Brewer, Stephen M.",9/18/2001,Blair,Clealand,87 Main Street,Rutland,MA,1543,250.0,Owner,Blair Builders,,0,2001 Year-end Report (ND),,0,Not Specified
127,201,Individual,11421,"Brewer, Stephen M.",9/18/2001,Adams,Peter,7 Jolicoeur Road,Spencer,MA,1562,200.0,Attorney,Self Employed,,0,2001 Year-end Report (ND),,0,Not Specified
128,201,Individual,12119,"Quinn, John F.",9/18/2001,Hickey,Gerald,25 Middle St.,Dartmouth,MA,2748,100.0,,,,0,2001 Year-end Report (ND),,0,Not Specified
129,201,Individual,11411,"Walsh, Marian",9/18/2001,HEGARTY,MAUREEN,149 CHURCH STREET,WEST ROXBURY,MA,2132,157.49,RE-PAY. OF REIMB. ITEM,RETURNED TO VENDOR/SEE EXPEND.,,0,2001 Year-end Report (ND),,0,Not Specified
130,201,Individual,12119,"Quinn, John F.",9/19/2001,Rezendes,Kenneth,3 Sammy's Ln.  P.O. Box 879,Assonet,MA,2702,200.0,Owner,"K&R Rezendes, Inc.",,0,2001 Year-end Report (ND),,0,Not Specified
131,201,Individual,12119,"Quinn, John F.",9/19/2001,Xifaras,Margaret,34 Piney Point Rd.,Marion,MA,2738,100.0,Attorney,"Lang, Xifaras & Bullard",,0,2001 Year-end Report (ND),,0,Not Specified
132,201,Individual,11428,"Resor, Pamela P.",9/19/2001,Community National Bank,,P. O. Box 368,Hudson,MA,1749,0.24,,,,0,2001 Year-end Report (ND),,0,Not Specified
133,201,Individual,13600,"Coppola (Deceased), Michael",9/19/2001,"DONNELLY, JR",HAROLD H,6 CARMINE AVE,FOXBORO,MA,2035,25.0,,,,0,2001 Year-end Report (ND),,0,Not Specified
134,201,Individual,13600,"Coppola (Deceased), Michael",9/19/2001,CONNERS,JOHN B,23 FLETCHER ST,FOXBORO,MA,2035,250.0,MANAGER,LIBERTY MUTUAL INS. CO.,,0,2001 Year-end Report (ND),,0,Not Specified
135,201,Individual,13600,"Coppola (Deceased), Michael",9/19/2001,CAPECE,JUNE K,2 ASHCROFT LANE,FOXBORO,MA,2035,100.0,,,,0,2001 Year-end Report (ND),,0,Not Specified
136,201,Individual,13600,"Coppola (Deceased), Michael",9/19/2001,"BUCKLEY, JR",WILLIAM R,3 THOMPSON RD,FOXBORO,MA,2035,100.0,,,,0,2001 Year-end Report (ND),,0,Not Specified
137,201,Individual,13600,"Coppola (Deceased), Michael",9/19/2001,BRYANT,FRANK,16 EDWARDS RD,FOXBORO,MA,2035,25.0,SALES,IPS OF BOSTON,,0,2001 Year-end Report (ND),,0,Not Specified
138,201,Individual,10315,"Moore, Richard T.",9/20/2001,O'Malley,Margaret A.,56 Washington Street,Gloucester,MA,1930,500.0,Vice President,MA Nurses Association,,0,2001 Year-end Report (ND),,0,Not Specified
139,201,Individual,10315,"Moore, Richard T.",9/20/2001,Higgins,Karen A.,85 Keith Street,Weymouth,MA,2188,500.0,Vice President,MA Nurses,,0,2001 Year-end Report (ND),,0,Not Specified
140,201,Individual,12119,"Quinn, John F.",9/20/2001,Enoksen,Roy,P.O. Box 3970,Westport,MA,2790,100.0,,,,0,2001 Year-end Report (ND),,0,Not Specified
141,201,Individual,12119,"Quinn, John F.",9/20/2001,Katon,Judith,16 County Rd.,Berkley,MA,2779,100.0,,,,0,2001 Year-end Report (ND),,0,Not Specified
142,201,Individual,10025,"Berry, Frederick E.",9/20/2001,Casey O'Brien,Pamela,275 Central Street,Saugus,MA,1906,100.0,,,,0,2001 Year-end Report (ND),,0,Not Specified
143,201,Individual,10025,"Berry, Frederick E.",9/20/2001,Gallagher,Mark J.,"286 K Street, Apt. 2",South Boston,MA,2127,100.0,,,,0,2001 Year-end Report (ND),,0,Not Specified
144,201,Individual,10025,"Berry, Frederick E.",9/20/2001,Shaevel,Lois,229 Beverly Road,Chestnut Hill,MA,2467,150.0,,,,0,2001 Year-end Report (ND),,0,Not Specified
145,201,Individual,10025,"Berry, Frederick E.",9/20/2001,Brennan,Patricia M.,88 Beltran Street,Malden,MA,2148,200.0,Housewife,,,0,2001 Year-end Report (ND),,0,Not Specified
146,201,Individual,10025,"Berry, Frederick E.",9/20/2001,Dale,Scott W.,84 Lexington Road,Lincoln,MA,1773,250.0,Vice President,Avalon Bay,,0,2001 Year-end Report (ND),,0,Not Specified
147,201,Individual,10025,"Berry, Frederick E.",9/20/2001,Murphy,Margaret G.,88 Edgewater Drive,Needham,MA,2492,250.0,President,"Community Resources, Inc.",,0,2001 Year-end Report (ND),,0,Not Specified
148,201,Individual,10025,"Berry, Frederick E.",9/20/2001,Noone,John J.,"101 Arch Street, Suite 1800",Boston,MA,2110,250.0,Vice President,Lincoln Properties,,0,2001 Year-end Report (ND),,0,Not Specified
149,201,Individual,10025,"Berry, Frederick E.",9/20/2001,MacKinnon,Donald J.,P.O. Box 152,Hingham,MA,2043,500.0,Information Requested,,,0,2001 Year-end Report (ND),,0,Not Specified
150,201,Individual,10025,"Berry, Frederick E.",9/20/2001,McLaughlin,William M.,20 Woodlawn Drive,Chestnut Hill,MA,2467,500.0,Vice President,Avalon Bay,,0,2001 Year-end Report (ND),,0,Not Specified
151,201,Individual,10025,"Berry, Frederick E.",9/20/2001,Sidman,Edwin N.,140 Dartmouth Street,West Newton,MA,2445,500.0,Property Manager,Sidman Companies,,0,2001 Year-end Report (ND),,0,Not Specified
152,201,Individual,10025,"Berry, Frederick E.",9/20/2001,Engler,Robert,10 Concord Avenue,Cambridge,MA,2138,500.0,Partner,"Stockard, Engler, & Brigham, LLC",,0,2001 Year-end Report (ND),,0,Not Specified
153,201,Individual,10315,"Moore, Richard T.",9/20/2001,Gilinson,Teana A.,29 Camelot Court,Stoughton,MA,2072,200.0,RN--MA Nurses Association,Brigham & Women's Hospital,,0,2001 Year-end Report (ND),,0,Not Specified
154,201,Individual,12718,"Hahn, Celia",9/20/2001,Chambers,Mitchell,19 Zephyr Drive,Westfield,MA,1085,100.0,,,,0,2001 Year-end Report (ND),,0,Not Specified
155,201,Individual,12718,"Hahn, Celia",9/20/2001,Kalter,Joshua,Honeypot  Road,Westfield,MA,1085,100.0,,,,0,2001 Year-end Report (ND),,0,Not Specified
156,201,Individual,12119,"Quinn, John F.",9/21/2001,Horowitz,Robert,14 Bay Point Rd.,Swansea,MA,2777,100.0,,,,0,2001 Year-end Report (ND),,0,Not Specified
157,201,Individual,12119,"Quinn, John F.",9/22/2001,McManus,Paul,64 William St.,Dartmouth,MA,2748,100.0,,,,0,2001 Year-end Report (ND),,0,Not Specified
158,201,Individual,12119,"Quinn, John F.",9/22/2001,Furtado,Joseph,P.O. Box 70012,Dartmouth,MA,2747,100.0,,,,0,2001 Year-end Report (ND),,0,Not Specified
159,201,Individual,12119,"Quinn, John F.",9/22/2001,Douhan,Rev. John,12 School St.,Dartmouth,MA,2748,100.0,,,,0,2001 Year-end Report (ND),,0,Not Specified
160,201,Individual,12119,"Quinn, John F.",9/22/2001,Dunning,Brian,P.O. Box 13,Assonet,MA,2702,100.0,Rest. Owner,Independence Harbor,,0,2001 Year-end Report (ND),,0,Not Specified
161,201,Individual,13033,"Pope, Susan W.",9/22/2001,Breazzano,David J,193 Dutton Rd,Sudbury,MA,1776,250.0,Investments,DDJ Capital management,,0,2001 Year-end Report (ND),,0,Not Specified
162,201,Individual,13033,"Pope, Susan W.",9/22/2001,Safran,Ed,37 barney Hill rd,Wayland,MA,1778,100.0,,,,0,2001 Year-end Report (ND),,0,Not Specified
163,201,Individual,13033,"Pope, Susan W.",9/22/2001,Herbst,Thos.,8-10 Powder Mill Rd.,Maynard,MA,1754,100.0,,,,0,2001 Year-end Report (ND),,0,Not Specified
164,201,Individual,12119,"Quinn, John F.",9/23/2001,Pacheco,Antonio,20 Country Club Blvd.,Dartmouth,MA,2747,100.0,,,,0,2001 Year-end Report (ND),,0,Not Specified
165,201,Individual,12119,"Quinn, John F.",9/24/2001,Viera,Genevieve,21 Emerson St.,Dartmouth,MA,2748,100.0,,,,0,2001 Year-end Report (ND),,0,Not Specified
166,201,Individual,12119,"Quinn, John F.",9/24/2001,Perry,Daniel,28 High St.,Dartmouth,MA,2748,100.0,,,,0,2001 Year-end Report (ND),,0,Not Specified
167,201,Individual,12119,"Quinn, John F.",9/24/2001,Smola,Peter,48 Wilson St.,Dartmouth,MA,2748,100.0,,,,0,2001 Year-end Report (ND),,0,Not Specified
168,201,Individual,12119,"Quinn, John F.",9/24/2001,Sisson,Charles,27 Lilac Dr.,Dartmouth,MA,2747,100.0,,,,0,2001 Year-end Report (ND),,0,Not Specified
169,201,Individual,10106,"Correia, Robert",9/24/2001,Mello,Alfred,166 Woodman Street,Fall River,MA,2720,150.0,retired,,,0,2001 Year-end Report (ND),,0,Not Specified
170,201,Individual,12119,"Quinn, John F.",9/25/2001,Lizotte,Diana,1035 Almy Rd.,Somerset,MA,2726,100.0,,,,0,2001 Year-end Report (ND),,0,Not Specified
171,201,Individual,12119,"Quinn, John F.",9/25/2001,Bullard,John,19 Irving St.,New Bedford,MA,2740,100.0,,,,0,2001 Year-end Report (ND),,0,Not Specified
172,201,Individual,12119,"Quinn, John F.",9/25/2001,Whiting,Anne,253 Elm St.,Dartmouth,MA,2748,100.0,,,,0,2001 Year-end Report (ND),,0,Not Specified
173,201,Individual,12119,"Quinn, John F.",9/25/2001,Ricardo,Michael,65 Chase Rd.,Dartmouth,MA,2747,100.0,,,,0,2001 Year-end Report (ND),,0,Not Specified
174,201,Individual,13033,"Pope, Susan W.",9/25/2001,Jacques,Leslie,215 Glezen lane,Wayland,MA,1778,200.0,Home maker,,,0,2001 Year-end Report (ND),,0,Not Specified
175,201,Individual,13033,"Pope, Susan W.",9/25/2001,Batarekh,Camile,21 moore rd.,Wayland,MA,1778,100.0,,,,0,2001 Year-end Report (ND),,0,Not Specified
176,201,Individual,13033,"Pope, Susan W.",9/25/2001,Brooks,Richard,28 Middle rd.,Sudbury,MA,1776,100.0,,,,0,2001 Year-end Report (ND),,0,Not Specified
177,201,Individual,13600,"Coppola (Deceased), Michael",9/26/2001,GRIEDER,KATHLEEN,15 BIRCH TREE ROAD,FOXBORO,MA,2035,50.0,ADMINISTRATIVE ASS'T,"INTERPAY, MANSFIELD, MA",,0,2001 Year-end Report (ND),,0,Not Specified
178,201,Individual,13600,"Coppola (Deceased), Michael",9/26/2001,MORRISSEY,JOSEPH T,19 PARTRIDGE ST,W. ROXBURY,MA,2132,50.0,RETIRED,,,0,2001 Year-end Report (ND),,0,Not Specified
179,201,Individual,13600,"Coppola (Deceased), Michael",9/26/2001,O'BRIEN,WILLIAM J,34 SHORELINE DR,FOXBORO,MA,2035,100.0,,,,0,2001 Year-end Report (ND),,0,Not Specified
180,201,Individual,13600,"Coppola (Deceased), Michael",9/26/2001,SPRAGUE,JOANN,305 ELM ST,WALPOLE,MA,2071,100.0,STATE SENATOR,COMMONWEALTH OF MASS.,,0,2001 Year-end Report (ND),,0,Not Specified
181,201,Individual,13600,"Coppola (Deceased), Michael",9/26/2001,SPRAGUE,WARREN,305 ELM ST,WALPOLE,MA,2071,100.0,,,,0,2001 Year-end Report (ND),,0,Not Specified
182,201,Individual,10315,"Moore, Richard T.",9/26/2001,Redding,Kenneth J.,"P.O. Box 392, 442 Blackstone Street",Uxbridge,MA,1569,100.0,,,,0,2001 Year-end Report (ND),,0,Not Specified
183,201,Individual,12119,"Quinn, John F.",9/26/2001,Webb,Anne,45 Hay Rd.,Belmont,MA,2178,100.0,,,,0,2001 Year-end Report (ND),,0,Not Specified
184,201,Individual,10315,"Moore, Richard T.",9/26/2001,Calarese,A. Richard,148 Rockmeadow Road,Uxbridge,MA,1569,100.0,,,,0,2001 Year-end Report (ND),,0,Not Specified
185,201,Individual,10315,"Moore, Richard T.",9/26/2001,Guerriere,Louis L.,28 Iadarola Avenue,Milford,MA,1757,50.0,,,,0,2001 Year-end Report (ND),,0,Not Specified
186,201,Individual,10106,"Correia, Robert",9/26/2001,Almeida,Alfred,373 Stafford Road,Fall River,MA,2721,105.0,funeral director,Almeida & Sons Funeral Home,,0,2001 Year-end Report (ND),,0,Not Specified
187,201,Individual,10315,"Moore, Richard T.",9/26/2001,Stefanini,Charles A.,15 Cunningham Drive,Framingham,MA,1701,100.0,,,,0,2001 Year-end Report (ND),,0,Not Specified
188,201,Individual,10315,"Moore, Richard T.",9/26/2001,Moura,James G.,"38 Pleasant Street, A-1",Dorchester,MA,2125,150.0,,,,0,2001 Year-end Report (ND),,0,Not Specified
189,201,Individual,10106,"Correia, Robert",9/26/2001,Pasternak,Thomas,202 Rock Street,Fall River,MA,2720,150.0,pharmacist,Walsh Pharmacy,,0,2001 Year-end Report (ND),,0,Not Specified
190,201,Individual,10106,"Correia, Robert",9/27/2001,Murphy,Linda,70 Elaine Ave.,New Bedford,MA,2742,150.0,housewife,,,0,2001 Year-end Report (ND),,0,Not Specified
191,201,Individual,10315,"Moore, Richard T.",9/27/2001,Vires,George W.,153 Providence Road,Grafton,MA,1519,100.0,Partner,Uxbridge Salvage Center,,0,2001 Year-end Report (ND),,0,Not Specified
192,201,Individual,10315,"Moore, Richard T.",9/27/2001,Harrold,Orville R.,75 Hammond Street,Worcester,MA,1610,100.0,President,Providence & Worcester Railroad,,0,2001 Year-end Report (ND),,0,Not Specified
193,201,Individual,10315,"Moore, Richard T.",9/27/2001,Picard,Ernest O.,96 Carney Street,Uxbridge,MA,1569,100.0,Retired,,,0,2001 Year-end Report (ND),,0,Not Specified
194,201,Individual,10315,"Moore, Richard T.",9/27/2001,Taddei,John A.,295 1/2 Central Street,Milford,MA,1757,100.0,,,,0,2001 Year-end Report (ND),,0,Not Specified
195,201,Individual,12119,"Quinn, John F.",9/27/2001,Marmelo,Antonio,13 Ventura Dr.,Dartmouth,MA,2747,100.0,,,,0,2001 Year-end Report (ND),,0,Not Specified
196,201,Individual,12119,"Quinn, John F.",9/27/2001,Vermette,Mary,127 Slocum Rd.,Dartmouth,MA,2747,100.0,,,,0,2001 Year-end Report (ND),,0,Not Specified
197,201,Individual,13164,"Candaras, Gale D.",9/27/2001,Hanson,Krista A.,37 Brookmont Drive,Wilbraham,MA,1095,500.0,Housewife,,,0,2001 Year-end Report (ND),,0,Not Specified
198,201,Individual,13164,"Candaras, Gale D.",9/27/2001,Hassett,Michael T.,"1383 Main Street, 4th Floor",Springfield,MA,1103,500.0,Attorney,Hassett and Buendo,,0,2001 Year-end Report (ND),,0,Not Specified
199,201,Individual,13164,"Candaras, Gale D.",9/27/2001,Rockwell,Joyce S.,17 Main Street P.O.Box 937,Wilbraham,MA,1095,100.0,Attorney,,,0,2001 Year-end Report (ND),,0,Not Specified
200,201,Individual,13164,"Candaras, Gale D.",9/27/2001,Pelouze,Charles A.,3 Winterberry Drive,Wilbraham,MA,1095,100.0,Manager,Wal-Mart,,0,2001 Year-end Report (ND),,0,Not Specified
201,201,Individual,13164,"Candaras, Gale D.",9/27/2001,Massidda,Mary K.,660 Monson Road,Wilbraham,MA,1095,100.0,Retired,,,0,2001 Year-end Report (ND),,0,Not Specified
202,201,Individual,13164,"Candaras, Gale D.",9/27/2001,Matt,Judith,36 Mattoon Street,Springfield,MA,1129,150.0,Director,Spirit of Springfield,,0,2001 Year-end Report (ND),,0,Not Specified
203,201,Individual,13164,"Candaras, Gale D.",9/27/2001,Prochnow,Beverly G.,18 Bruuer Avenue,Wilbraham,MA,1095,50.0,RN,,,0,2001 Year-end Report (ND),,0,Not Specified
204,201,Individual,13164,"Candaras, Gale D.",9/27/2001,Demos,Judith T.,54 Brookside Drive,Wilbraham,MA,1095,100.0,Housewife,,,0,2001 Year-end Report (ND),,0,Not Specified
205,201,Individual,13164,"Candaras, Gale D.",9/27/2001,Gaudreau,Jules,14 Apple Hill Road,Wilbraham,MA,1095,100.0,Insurance Agent,Gaudreau Assoc.,,0,2001 Year-end Report (ND),,0,Not Specified
206,201,Individual,13164,"Candaras, Gale D.",9/27/2001,Staples,Susan,43 W. Colonial Road,Wilbraham,MA,1095,100.0,Manager,,,0,2001 Year-end Report (ND),,0,Not Specified
207,201,Individual,13164,"Candaras, Gale D.",9/27/2001,Lankowski,Linda M.,14 Tinkham Glen,Wilbraham,MA,1095,50.0,Actuary,,,0,2001 Year-end Report (ND),,0,Not Specified
208,201,Individual,13164,"Candaras, Gale D.",9/27/2001,Brown,Gail T.,19 Rochford Drive,Wilbraham,MA,1095,50.0,Director,,,0,2001 Year-end Report (ND),,0,Not Specified
209,201,Individual,13164,"Candaras, Gale D.",9/27/2001,Willard,Brenda S.,16 Maple Street,Wilbraham,MA,1095,50.0,RN,,,0,2001 Year-end Report (ND),,0,Not Specified
210,201,Individual,13164,"Candaras, Gale D.",9/27/2001,Albano,Carol M.,34 Oakland Street,Wilbraham,MA,1095,50.0,Real Estate,,,0,2001 Year-end Report (ND),,0,Not Specified
211,201,Individual,13164,"Candaras, Gale D.",9/27/2001,Wilson,Katherine B.,16 Eastwood Drive,Wilbraham,MA,1095,50.0,Administrator,,,0,2001 Year-end Report (ND),,0,Not Specified
212,201,Individual,13164,"Candaras, Gale D.",9/27/2001,Pabich,Harriet,11 Spruce Drive,Wilbraham,MA,1095,50.0,Retired,,,0,2001 Year-end Report (ND),,0,Not Specified
213,201,Individual,13164,"Candaras, Gale D.",9/27/2001,Bandarra,Norma,16 Tall Timber Drive,Wilbraham,MA,1095,50.0,Retired,,,0,2001 Year-end Report (ND),,0,Not Specified
214,201,Individual,13164,"Candaras, Gale D.",9/27/2001,Arcese,Patricia,16 Tinkham Glen,Wilbraham,MA,1095,50.0,Secretary,,,0,2001 Year-end Report (ND),,0,Not Specified
215,201,Individual,13164,"Candaras, Gale D.",9/27/2001,Irla,Mary A.,12 Brainard Road,Wilbraham,MA,1095,25.0,Retired,,,0,2001 Year-end Report (ND),,0,Not Specified
216,201,Individual,13164,"Candaras, Gale D.",9/27/2001,Hadley,Mary E.,896 Stony Hill Road,Wilbraham,MA,1095,25.0,Retired,,,0,2001 Year-end Report (ND),,0,Not Specified
217,201,Individual,13164,"Candaras, Gale D.",9/27/2001,Falzone,Joseph C.,279 Main Street,Wilbraham,MA,1095,50.0,Travel Agent,Carroll Travel,,0,2001 Year-end Report (ND),,0,Not Specified
218,201,Individual,13164,"Candaras, Gale D.",9/27/2001,Pickett,Helene L.,2 Raymond Drive,Wilbraham,MA,1095,50.0,Retired,,,0,2001 Year-end Report (ND),,0,Not Specified
219,201,Individual,13164,"Candaras, Gale D.",9/27/2001,Kirby,Barbara M.,10 Wright Place,Wilbraham,MA,1095,20.0,Retired,,,0,2001 Year-end Report (ND),,0,Not Specified
220,201,Individual,13164,"Candaras, Gale D.",9/27/2001,Ervin,Phyllis C.,172 Main Street,Wilbraham,MA,1095,20.0,Library Aide,Hampden-Wilbraham Regional School District,,0,2001 Year-end Report (ND),,0,Not Specified
221,201,Individual,13164,"Candaras, Gale D.",9/27/2001,McGovern,Virginia A.,2 Aspen Drive,Wilbraham,MA,1095,25.0,Floral Designer,,,0,2001 Year-end Report (ND),,0,Not Specified
222,201,Individual,13164,"Candaras, Gale D.",9/27/2001,Zawacki,Carolyn H.,2 Bellows Road,Wilbraham,MA,1095,25.0,Court Employee,Hampden County Courts,,0,2001 Year-end Report (ND),,0,Not Specified
223,201,Individual,13164,"Candaras, Gale D.",9/27/2001,Robbins,Ryland E.,751 Ridge Road,Wilbraham,MA,1095,200.0,Retired,,,0,2001 Year-end Report (ND),,0,Not Specified
224,201,Individual,13164,"Candaras, Gale D.",9/27/2001,Wolf,Arthur D.,643 Tinkham Road,Wilbraham,MA,1095,100.0,Professor,WNEC,,0,2001 Year-end Report (ND),,0,Not Specified
225,201,Individual,13164,"Candaras, Gale D.",9/27/2001,DeCurzio,Ronald C.,10 Southwood Drive,Wilbraham,MA,1095,125.0,VP Finance,,,0,2001 Year-end Report (ND),,0,Not Specified
226,201,Individual,13164,"Candaras, Gale D.",9/27/2001,"Scobbo, Jr.",Nicholas J.,107 Pine Street,Medfield,MA,2052,200.0,Attorney,MMWEC,,0,2001 Year-end Report (ND),,0,Not Specified
227,201,Individual,13164,"Candaras, Gale D.",9/27/2001,Wilkinson,James E.,8 Old Carriage Drive,Wilbraham,MA,1095,500.0,Sales,Mass Mutual,,0,2001 Year-end Report (ND),,0,Not Specified
228,201,Individual,13164,"Candaras, Gale D.",9/28/2001,Willette,Kenneth R.,20 Arbor Lane,Wilbraham,MA,1095,375.0,Fire Chief,Town of Wilbraham,,0,2001 Year-end Report (ND),,0,Not Specified
229,201,Individual,13164,"Candaras, Gale D.",9/28/2001,Kennedy,Kevin E.,54 South Shore Drive,Springfield,MA,1118,125.0,Aide,Congressman Neal,,0,2001 Year-end Report (ND),,0,Not Specified
230,201,Individual,13164,"Candaras, Gale D.",9/28/2001,Cassanelli,Gary G.,90 Packard Avenue,Springfield,MA,1118,125.0,Fire Chief,City of Springfield,,0,2001 Year-end Report (ND),,0,Not Specified
231,201,Individual,13164,"Candaras, Gale D.",9/28/2001,Reilly,Stephen M.,"95 State Street, Ste. 301",Springfield,MA,1103,50.0,Attorney,,,0,2001 Year-end Report (ND),,0,Not Specified
232,201,Individual,13164,"Candaras, Gale D.",9/28/2001,Fountain,Carol A.,159 Burleigh Road,Wilbraham,MA,1095,50.0,,,,0,2001 Year-end Report (ND),,0,Not Specified
233,201,Individual,13164,"Candaras, Gale D.",9/28/2001,Mitchell,Pamela,1093 Stony Hill Road,Wilbraham,MA,1095,50.0,Realtor,,,0,2001 Year-end Report (ND),,0,Not Specified
234,201,Individual,13164,"Candaras, Gale D.",9/28/2001,Valickus,Janet C.,22 Bittersweet Lane,Wilbraham,MA,1095,20.0,Housewife,,,0,2001 Year-end Report (ND),,0,Not Specified
235,201,Individual,13164,"Candaras, Gale D.",9/28/2001,Colkos,John S.,44 Brookside Drive,Wilbraham,MA,1095,50.0,Sales Engineer,,,0,2001 Year-end Report (ND),,0,Not Specified
236,201,Individual,13164,"Candaras, Gale D.",9/28/2001,Bordenuk,Joan,520 Springfield Street,Wilbraham,MA,1095,25.0,Housewife,,,0,2001 Year-end Report (ND),,0,Not Specified
237,201,Individual,13164,"Candaras, Gale D.",9/28/2001,McDonald,Alton L.,70 Manchonis Road,Wilbraham,MA,1095,50.0,Farmer,Self Employed,,0,2001 Year-end Report (ND),,0,Not Specified
238,201,Individual,13164,"Candaras, Gale D.",9/28/2001,Doleva,John L.,6 Deerfield Drive,Wilbraham,MA,1095,20.0,Marketing,,,0,2001 Year-end Report (ND),,0,Not Specified
239,201,Individual,13164,"Candaras, Gale D.",9/28/2001,Rusczek,Cindy R.,11 Arbor Lance,Wilbraham,MA,1095,25.0,Assistant Child Librarian,Town of Wilbraham,,0,2001 Year-end Report (ND),,0,Not Specified
240,201,Individual,13164,"Candaras, Gale D.",9/28/2001,Cava,Sherri G.,761 Ridge Road,Wilbraham,MA,1095,50.0,RN,,,0,2001 Year-end Report (ND),,0,Not Specified
241,201,Individual,13164,"Candaras, Gale D.",9/28/2001,Massa,J.L.,287 Miller Street,Ludlow,MA,1056,25.0,Collision Specialist,Self Employed,,0,2001 Year-end Report (ND),,0,Not Specified
242,201,Individual,13164,"Candaras, Gale D.",9/28/2001,Kendall,Charles A.,13 Colonial Road,Wilbraham,MA,1095,25.0,Retired,,,0,2001 Year-end Report (ND),,0,Not Specified
243,201,Individual,13164,"Candaras, Gale D.",9/28/2001,McDiarmid,Patricia,2 Christopher Circle,Wilbraham,MA,1095,50.0,Teacher,Town of Wilbraham,,0,2001 Year-end Report (ND),,0,Not Specified
244,201,Individual,13164,"Candaras, Gale D.",9/28/2001,McCorkle,Vincent J.,8 Wagon Road,Wilbraham,MA,1095,100.0,CEO,Sisters of Providence Systems,,0,2001 Year-end Report (ND),,0,Not Specified
245,201,Individual,13164,"Candaras, Gale D.",9/28/2001,Sarno,Carol A.,15 Winterberry Drive,Wilbraham,MA,1095,20.0,Secretary,,,0,2001 Year-end Report (ND),,0,Not Specified
246,201,Individual,13164,"Candaras, Gale D.",9/28/2001,Lemieux,Judith M.,10 Spruce Drive,Wilbraham,MA,1095,50.0,RN,,,0,2001 Year-end Report (ND),,0,Not Specified
247,201,Individual,13164,"Candaras, Gale D.",9/28/2001,Sullivan,Phyllis R.,"2205 Boston Road, M117",Wilbraham,MA,1095,10.0,Retired,,,0,2001 Year-end Report (ND),,0,Not Specified
248,201,Individual,13164,"Candaras, Gale D.",9/28/2001,DeVey,Robert,5 Valley View Drive,Wilbraham,MA,1095,100.0,CFO,Sisters of Providence Systems,,0,2001 Year-end Report (ND),,0,Not Specified
249,201,Individual,13164,"Candaras, Gale D.",9/28/2001,McCorkle,Vincent J.,8 Wagon Road,Wilbraham,MA,1095,100.0,CEO,Sisters of Providence Systems,,0,2001 Year-end Report (ND),,0,Not Specified
250,201,Individual,13164,"Candaras, Gale D.",9/28/2001,Magyar,Sandra Zajac,805 Treasure Island Road,Webster,MA,1570,250.0,Public Relations Director,MMEC,,0,2001 Year-end Report (ND),,0,Not Specified
251,201,Individual,13164,"Candaras, Gale D.",9/28/2001,Peck,Alesia,35 Main Street,Wilbraham,MA,1095,175.0,Teacher,Town of Sturbridge,,0,2001 Year-end Report (ND),,0,Not Specified
252,201,Individual,13164,"Candaras, Gale D.",9/28/2001,Trimble,James W.,84 Monson Road,Wilbraham,MA,1095,100.0,Contractor,Self Employed,,0,2001 Year-end Report (ND),,0,Not Specified
253,201,Individual,13164,"Candaras, Gale D.",9/28/2001,Selvia,James R.,10 Bonair Dirve,Wilbraham,MA,1095,500.0,Co-Owner,NEPM,,0,2001 Year-end Report (ND),,0,Not Specified
254,201,Individual,12119,"Quinn, John F.",9/28/2001,Polak,Jo-Ann,189 Columbus Dr.,Fall River,MA,2720,100.0,,,,0,2001 Year-end Report (ND),,0,Not Specified
255,201,Individual,10315,"Moore, Richard T.",9/28/2001,Petty,Joseph M.,57 Wildrose Avenue,Worcester,MA,1602,50.0,,,,0,2001 Year-end Report (ND),,0,Not Specified
256,201,Individual,10315,"Moore, Richard T.",9/28/2001,Bonina,Nunzio J.,46 Congress Street,Milford,MA,1757,50.0,Medical Doctor,Self-employed,,0,2001 Year-end Report (ND),,0,Not Specified
257,201,Individual,10315,"Moore, Richard T.",9/28/2001,"Kingkade, Jr.",William E.,50 Woodridge Road,Milford,MA,1757,50.0,,,,0,2001 Year-end Report (ND),,0,Not Specified
258,201,Individual,10315,"Moore, Richard T.",9/28/2001,Dowdell,Richard,6 Causeway Street,Medway,MA,2053,100.0,Gov't Affairs Liason,MA National Guard,,0,2001 Year-end Report (ND),,0,Not Specified
259,201,Individual,10315,"Moore, Richard T.",9/28/2001,DiAntonio,Joseph C.,14 Fairview Road,Milford,MA,1757,100.0,Retired,,,0,2001 Year-end Report (ND),,0,Not Specified
260,201,Individual,10106,"Correia, Robert",9/28/2001,Silvia,Alan,684 Woodman Street,Fall River,MA,2720,150.0,,,,0,2001 Year-end Report (ND),,0,Not Specified
261,201,Individual,10106,"Correia, Robert",9/28/2001,Pereira,Linda,99 No.Ogden Street,Fall River,MA,2720,60.0,,,,0,2001 Year-end Report (ND),,0,Not Specified
262,201,Individual,10315,"Moore, Richard T.",9/29/2001,Hamel,Veronica M.,"P.O. Box 680, 55 Lovett Road",Oxford,MA,1540,100.0,,,,0,2001 Year-end Report (ND),,0,Not Specified
263,201,Individual,10106,"Correia, Robert",9/29/2001,Gettings,Brian,64 Renwood Street,Fall River,MA,2720,150.0,,,,0,2001 Year-end Report (ND),,0,Not Specified
264,201,Individual,10315,"Moore, Richard T.",9/29/2001,Fitzgerald,Richard,9 Sadler Road,Upton,MA,1568,50.0,Attorney,Kelly & Ryan,,0,2001 Year-end Report (ND),,0,Not Specified
265,201,Individual,12119,"Quinn, John F.",9/29/2001,Glassman,Norman,419 Bradford Place,Dartmouth,MA,2747,100.0,,,,0,2001 Year-end Report (ND),,0,Not Specified
266,201,Individual,10315,"Moore, Richard T.",9/29/2001,"Amantea, MD",Louis L.,15 Sandstone Drive,South Easton,MA,2375,100.0,Chiropractor,"Self--800 Prov. Rd., 01588",,0,2001 Year-end Report (ND),,0,Not Specified
267,201,Individual,12119,"Quinn, John F.",9/29/2001,Bourque,Raymond,307 Smith Neck Rd.,Dartmouth,MA,2748,100.0,,,,0,2001 Year-end Report (ND),,0,Not Specified
268,201,Individual,11421,"Brewer, Stephen M.",9/29/2001,Sample,Earl,1356 South Street,Barre,MA,1005,100.0,,,,0,2001 Year-end Report (ND),,0,Not Specified
269,201,Individual,10315,"Moore, Richard T.",9/30/2001,Allen,Conrad M.,16 Flaxfield Road,Dudley,MA,1571,50.0,Realtor,"Self--27 E. Main, 01570",,0,2001 Year-end Report (ND),,0,Not Specified
270,201,Individual,12119,"Quinn, John F.",9/30/2001,Sweet,Margaret,529 Horseneck Rd.,Dartmouth,MA,2748,100.0,,,,0,2001 Year-end Report (ND),,0,Not Specified
271,201,Individual,10106,"Correia, Robert",9/30/2001,Barbosa,Donna,551 Mt. Hope Ave.,Fall River,MA,2720,105.0,,,,0,2001 Year-end Report (ND),,0,Not Specified
272,201,Individual,10106,"Correia, Robert",9/30/2001,Viveiros,Keith,344 Sprague Street,Fall River,MA,2724,90.0,asst. probation officer,Bristol Juvenile,,0,2001 Year-end Report (ND),,0,Not Specified
273,201,Individual,10025,"Berry, Frederick E.",9/30/2001,Eastern Bank,,Main Street,Peabody,MA,1960,59.21,,,,0,2001 Year-end Report (ND),,0,Not Specified
274,201,Individual,10106,"Correia, Robert",9/30/2001,Souza,Cheryl,37 St. James St.,Fall River,MA,2720,60.0,hairdresser,Main Attractions,,0,2001 Year-end Report (ND),,0,Not Specified
275,201,Individual,12119,"Quinn, John F.",9/30/2001,Winterhalter,Charles,33 Wiliam Bradford Rd.,Dartmouth,MA,2747,100.0,,,,0,2001 Year-end Report (ND),,0,Not Specified
276,201,Individual,12119,"Quinn, John F.",9/30/2001,Goyette,Karen,3207 St. Hwy 10,Johnstown,NY,12095,100.0,,,,0,2001 Year-end Report (ND),,0,Not Specified
277,201,Individual,10106,"Correia, Robert",10/1/2001,Rodrigues,Cynthia,Route6,Dartmouth,MA,2748,150.0,,,,0,2001 Year-end Report (ND),,0,Not Specified
278,201,Individual,10315,"Moore, Richard T.",10/1/2001,Cibley,Lawrence J.,299 Commonwealth Avenue,Warwick,RI,2886,50.0,Retired,,,0,2001 Year-end Report (ND),,0,Not Specified
279,201,Individual,10315,"Moore, Richard T.",10/1/2001,"Kelley, Jr.",Frederic J.,12-A Country Club Lane,Milford,MA,1757,100.0,Retired,,,0,2001 Year-end Report (ND),,0,Not Specified
280,201,Individual,12119,"Quinn, John F.",10/1/2001,Stephen,Dias,59 Elswick St.,Dartmouth,MA,2747,100.0,,,,0,2001 Year-end Report (ND),,0,Not Specified
281,201,Individual,12119,"Quinn, John F.",10/1/2001,King,Alan,386 Old Westport Rd.,Dartmouth,MA,2747,100.0,,,,0,2001 Year-end Report (ND),,0,Not Specified
282,201,Individual,12119,"Quinn, John F.",10/1/2001,Goyette,Armand,38 Tripp Dr.,Westport,MA,2790,100.0,,,,0,2001 Year-end Report (ND),,0,Not Specified
283,201,Individual,10315,"Moore, Richard T.",10/1/2001,Bentley,Thomas E.,99 Hecla Street,Uxbridge,MA,1569,100.0,Retired,,,0,2001 Year-end Report (ND),,0,Not Specified
284,201,Individual,10315,"Moore, Richard T.",10/1/2001,Cournoyer,Alice L.,101 Brentwood Drive,Southbridge,MA,1550,100.0,Tourism Director,MA Pike,,0,2001 Year-end Report (ND),,0,Not Specified
285,201,Individual,12557,"O'Brien, Thomas J.",10/1/2001,Richardson,William,22 North Douglas Street,Rockland,MA,2370,100.0,,,,0,2001 Year-end Report (ND),,0,Not Specified
286,201,Individual,12557,"O'Brien, Thomas J.",10/1/2001,Julian,Robert,323 Groton Street,Dunstable,MA,1827,100.0,,,,0,2001 Year-end Report (ND),,0,Not Specified
287,201,Individual,11497,"Koczera, Robert M.",10/1/2001,Firstfed - interest,,Ashley Blvd,New Bedford,MA,2745,2.64,,,,0,2001 Year-end Report (ND),,0,Not Specified
