,Record Type ID,Record Type Description,Filer CPF ID,Filer Full Name Reverse,Date,Name,First Name,Address,City,State,Zip Code,Amount,Occupation,Employer,Principal Officer,Contributor CPF ID,Source Description,Description,Tender Type ID,Tender Type Description
0,201,Individual,12860,"Donahue, John T.",2/1/2001,Walsh,David,115 Highland Shores Drive,Wareham,MA,02571,250.0,civil engineer,Cullinan Engineering,,0,2002 Pre-primary Report (ND),,0,Not Specified
1,201,Individual,10106,"Correia, Robert",2/1/2001,Stoico,Robert,P.O. Box 2601,Fall River,MA,02722,125.0,,,,0,2001 Year-end Report (ND),,0,Not Specified
2,201,Individual,10106,"Correia, Robert",2/1/2001,Ryan,Thomas,76 Rumstick Rd.,Barrington,RI,02806,125.0,president,Citizens Union Savings Bank,,0,2001 Year-end Report (ND),,0,Not Specified
3,201,Individual,10106,"Correia, Robert",2/1/2001,Sbrega,John,18 Albany Street,Fall River,MA,02720,125.0,,,,0,2001 Year-end Report (ND),,0,Not Specified
4,201,Individual,11497,"Koczera, Robert M.",2/1/2001,Firstfed - interest,,Ashley Blvd,New Bedford,MA,02745,5.83,,,,0,2001 Year-end Report (ND),,0,Not Specified
5,201,Individual,10106,"Correia, Robert",2/2/2001,Killoran,James,350 N.Main Street,Fall River,MA,02720,250.0,attorney,Killoran & Sons Esq.,,0,2001 Year-end Report (ND),,0,Not Specified
6,201,Individual,12119,"Quinn, John F.",2/2/2001,Rezendes,Kenneth,3 Sammy's Ln.  P.O. Box 879,Assonet,MA,02702,100.0,Owner,"K&R Rezendes, Inc.",,0,2001 Year-end Report (ND),,0,Not Specified
7,201,Individual,10106,"Correia, Robert",2/3/2001,Fogarty,Gerald,1310 Plymouth Avenue,Fall River,MA,02721,125.0,,,,0,2001 Year-end Report (ND),,0,Not Specified
8,201,Individual,10106,"Correia, Robert",2/3/2001,"Hudner, Jr.",Thoams,31 Allen Farm Lane,Concord,MA,01742,125.0,,,,0,2001 Year-end Report (ND),,0,Not Specified
9,201,Individual,10106,"Correia, Robert",2/3/2001,Haggerty,Patrick,115 Borland Ave.,Somerset,MA,02726,250.0,letter sent see attached,,,0,2001 Year-end Report (ND),,0,Not Specified
10,201,Individual,13537,"Blumer (deceased), Deborah D.",2/3/2001,Blumer,Deborah D,7 Legewood Rd,Framingham,MA,01701,82.47,State Repr,Comm of Mass,,0,2001 Year-end Report (ND),,0,Not Specified
11,201,Individual,10106,"Correia, Robert",2/4/2001,O'Hearn,Shaun,1567 Gardners Neck Road,Swansea,MA,02777,125.0,letter sent,,,0,2001 Year-end Report (ND),,0,Not Specified
12,201,Individual,10106,"Correia, Robert",2/4/2001,Ferland,Paula,2285 County Street,Somerset,MA,02726,250.0,Adm. Asst.,Br. Cty. Training Consortium,,0,2001 Year-end Report (ND),,0,Not Specified
13,201,Individual,12119,"Quinn, John F.",2/4/2001,DePina,Joseph,28 West Bliss St.,Dartmouth,MA,02748,90.0,,,,0,2001 Year-end Report (ND),,0,Not Specified
14,201,Individual,10106,"Correia, Robert",2/5/2001,Souza,J. Paul,33 Abbott Ave.,Everett,MA,02149,500.0,letter sent see attached,,,0,2001 Year-end Report (ND),,0,Not Specified
15,201,Individual,10025,"Berry, Frederick E.",2/5/2001,Eastern Bank,,Main Street,Peabody,MA,01960,76.83,,,,0,2001 Year-end Report (ND),,0,Not Specified
16,201,Individual,10106,"Correia, Robert",2/5/2001,Silva,Paul,265 Contry Hill Dr.,N. Dighton,MA,02764,125.0,letter sent,,,0,2001 Year-end Report (ND),,0,Not Specified
17,201,Individual,10106,"Correia, Robert",2/5/2001,Ramsbottom,Donald,172 Young Ave.,Portsmouth,RI,02871,125.0,,,,0,2001 Year-end Report (ND),,0,Not Specified
18,201,Individual,10106,"Correia, Robert",2/5/2001,Beaupre,Allen,42 Bardsley Street,Fall River,MA,02720,500.0,letter sent see attached,,,0,2001 Year-end Report (ND),,0,Not Specified
19,201,Individual,10106,"Correia, Robert",2/6/2001,Raytheon MA PAC,,P.O. Box 346,Bedford,MA,01730,125.0,,,,0,2001 Year-end Report (ND),,0,Not Specified
20,201,Individual,10106,"Correia, Robert",2/6/2001,Cressy,Peter,6355 Waterway Drive,Falls Church,VA,22044,125.0,,,,0,2001 Year-end Report (ND),,0,Not Specified
21,201,Individual,10106,"Correia, Robert",2/6/2001,Hayes,J.W.,241 Indian Trail,Saunderstown,RI,02874,125.0,,,,0,2001 Year-end Report (ND),,0,Not Specified
22,201,Individual,10106,"Correia, Robert",2/6/2001,Almeida,Shirley,901 S. Main Street,Fall River,MA,02720,250.0,Receptionist,Prima Care,,0,2001 Year-end Report (ND),,0,Not Specified
23,201,Individual,10106,"Correia, Robert",2/7/2001,Fish,John,65 Allerton Street,Boston,MA,02119,250.0,contractor,Peabody Construction,,0,2001 Year-end Report (ND),,0,Not Specified
24,201,Individual,10106,"Correia, Robert",2/7/2001,"Waring, Jr.",Sumner J.,10 Hillside Road,Westport,MA,02790,250.0,president,Waring Ashton Funeral Home,,0,2001 Year-end Report (ND),,0,Not Specified
25,201,Individual,11421,"Brewer, Stephen M.",2/7/2001,Fleming,Dennis,PO Box 161,Barre,MA,01005,50.0,,,,0,2001 Year-end Report (ND),,0,Not Specified
26,201,Individual,11064,"Festa, Michael E.",2/7/2001,Nigro,Eugene A.,64 Country Rd.,Reading,MA,01867,500.0,Lawyer,"Nigro, Pettipet, & Lucas",,0,2001 Year-end Report (ND),,0,Not Specified
27,201,Individual,12791,"Stanley, Harriett L.",2/8/2001,Arcidi,Alfred L.,PO Box 273,North Andover,MA,01845,500.0,CEO,Whittier Health Management,,0,2001 Year-end Report (ND),,0,Not Specified
28,201,Individual,12791,"Stanley, Harriett L.",2/8/2001,Berman,Dr. Harris A.,91 Pickwick Road,West Newton,MA,02465,125.0,,,,0,2001 Year-end Report (ND),,0,Not Specified
29,201,Individual,12791,"Stanley, Harriett L.",2/8/2001,Capolupo,Richard E.,32 Rolfes Lane,Newbury,MA,01951,100.0,,,,0,2001 Year-end Report (ND),,0,Not Specified
30,201,Individual,10106,"Correia, Robert",2/8/2001,Pettine,Edward,203 Hornbine Road,Swansea,MA,02777,250.0,accountant,Edward I Pettine,,0,2001 Year-end Report (ND),,0,Not Specified
31,201,Individual,10106,"Correia, Robert",2/8/2001,Frias,Joanne,17 Robert Road,Hudson,MA,01749,100.0,,,,0,2001 Year-end Report (ND),,0,Not Specified
32,201,Individual,10106,"Correia, Robert",2/8/2001,Black,Paul,477 East Main Rd.,"Middletown,",RI,02842,250.0,phychologist,Psychological Center,,0,2001 Year-end Report (ND),,0,Not Specified
33,201,Individual,10106,"Correia, Robert",2/9/2001,Chadwick,William,107 Elm Street,Swansea,MA,02777,250.0,letter sent see attached,,,0,2001 Year-end Report (ND),,0,Not Specified
34,201,Individual,10106,"Correia, Robert",2/9/2001,Bullard,Althea,47 Rock O'Dundee Rd.,S. Dartmouth,MA,02748,125.0,,,,0,2001 Year-end Report (ND),,0,Not Specified
35,201,Individual,10106,"Correia, Robert",2/9/2001,Assad,Bruce,10 Purchase Street,Fall River,MA,02720,250.0,attorney,"Bruce Assad, Esq.",,0,2001 Year-end Report (ND),,0,Not Specified
36,201,Individual,10106,"Correia, Robert",2/9/2001,MacCormack,Jean,6 Ancient Rubbly Way,Beverly,MA,01915,125.0,,,,0,2001 Year-end Report (ND),,0,Not Specified
37,201,Individual,10106,"Correia, Robert",2/9/2001,Coyle,John,99 Hummock Avenue,Portsmouth,RI,02871,250.0,owner,Coyle Contractors,,0,2001 Year-end Report (ND),,0,Not Specified
38,201,Individual,10106,"Correia, Robert",2/9/2001,Bodenmann,Linda,431 Pine Street,Marshfield,MA,02050,125.0,,,,0,2001 Year-end Report (ND),,0,Not Specified
39,201,Individual,10106,"Correia, Robert",2/9/2001,Wetterau,T. Conrad,11 Graystone Lane,Weston,MA,02493,250.0,,,,0,2001 Year-end Report (ND),,0,Not Specified
40,201,Individual,12791,"Stanley, Harriett L.",2/9/2001,Goodspeed,Mary-Ellen,68 Powder Hill Road,Bedford,NH,03110,125.0,,,,0,2001 Year-end Report (ND),,0,Not Specified
41,201,Individual,12119,"Quinn, John F.",2/9/2001,Moses,Richard,50 Homers Wharf,New Bedford,MA,02740,60.0,Attorney,Law Offices Moses & Smith,,0,2001 Year-end Report (ND),,0,Not Specified
42,201,Individual,12119,"Quinn, John F.",2/10/2001,Furtado,Joseph,P.O. Box 70012,Dartmouth,MA,02747,90.0,,,,0,2001 Year-end Report (ND),,0,Not Specified
43,201,Individual,12791,"Stanley, Harriett L.",2/10/2001,Donahue,Douglas,580 Main Street,Norwell,MA,02061,125.0,,,,0,2001 Year-end Report (ND),,0,Not Specified
44,201,Individual,11066,"Bosley, Daniel E.",2/10/2001,LIBERFARB,STEVEN M.,420 BROADWAY,MALDEN,MA,02148,100.0,"LETTER SENT 3/3/01, 4/20/01",,,0,2001 Year-end Report (ND),,0,Not Specified
45,201,Individual,11066,"Bosley, Daniel E.",2/10/2001,CONDRON,BRIAN M.,6 CONCORD CIR.,HINGHAM,MA,02043,200.0,LOBBYIST,"BRYAN, HICKEY ASSOC.",,0,2001 Year-end Report (ND),,0,Not Specified
46,201,Individual,10106,"Correia, Robert",2/10/2001,Sevigny,Ronald,250 Kennedy Street,Fall River,MA,02720,125.0,electronics Tech,Raytheon Co.,,0,2001 Year-end Report (ND),,0,Not Specified
47,201,Individual,10106,"Correia, Robert",2/10/2001,Kusinitz,Maury,125 Hartwell Street,Fall River,MA,02720,125.0,,,,0,2001 Year-end Report (ND),,0,Not Specified
48,201,Individual,10106,"Correia, Robert",2/10/2001,Fogarty,Michael,158 Summrfield Street,Fall River,MA,02720,250.0,police officer,"F,R. Police Dept",,0,2001 Year-end Report (ND),,0,Not Specified
49,201,Individual,10315,"Moore, Richard T.",2/10/2001,UniBank for Savings,,49 Church Street,Whitinsville,MA,01588,54.61,,,,0,2001 Year-end Report (ND),,0,Not Specified
50,201,Individual,10106,"Correia, Robert",2/11/2001,Heaney,William,7 Madison Street,Wareham,MA,02571,125.0,,,,0,2001 Year-end Report (ND),,0,Not Specified
51,201,Individual,11066,"Bosley, Daniel E.",2/11/2001,O'LEARY,EUGENE T.,62 CENTRAY STREET,NORTH READING,MA,01864,500.0,"LETTER SENT 3/3/01, 4/20/01",,,0,2001 Year-end Report (ND),,0,Not Specified
52,201,Individual,12791,"Stanley, Harriett L.",2/12/2001,Fowler,Dr. Paul,30 Merrill Street,Amesbury,MA,01913,150.0,,,,0,2001 Year-end Report (ND),,0,Not Specified
53,201,Individual,12119,"Quinn, John F.",2/12/2001,Williams,Jay,355 Union St.,New Bedford,MA,02740,250.0,Attorney,"Law Offices Sullivan, Williams & Quintin",,0,2001 Year-end Report (ND),,0,Not Specified
54,201,Individual,10106,"Correia, Robert",2/12/2001,Drew,John Otis,P.O. Box 487,Hyannis Port,MA,02647,100.0,,,,0,2001 Year-end Report (ND),,0,Not Specified
55,201,Individual,10106,"Correia, Robert",2/12/2001,Almeida,John,111 Durfee Street,Fall River,MA,02720,250.0,accountant,"Meyer, Regan & Wilner, LLP",,0,2001 Year-end Report (ND),,0,Not Specified
56,201,Individual,10106,"Correia, Robert",2/12/2001,Macomber,Francis,27 Cypress Raod,Somerset,MA,02726,125.0,,,,0,2001 Year-end Report (ND),,0,Not Specified
57,201,Individual,10106,"Correia, Robert",2/12/2001,Sousa,Helene,P.O. Box 558,LittleCompton,RI,02837,500.0,homemaker,,,0,2001 Year-end Report (ND),,0,Not Specified
58,201,Individual,10106,"Correia, Robert",2/12/2001,Sousa,Frank B.,P.O. Box 558,Little Compton,RI,02837,500.0,ownr,Colonial Wholesale Beverage,,0,2001 Year-end Report (ND),,0,Not Specified
59,201,Individual,10106,"Correia, Robert",2/12/2001,Vincent,John,190 Nanaquaket Road,Tiverton,RI,02878,250.0,vice president,Colonial Wholesale Beverage,,0,2001 Year-end Report (ND),,0,Not Specified
60,201,Individual,11421,"Brewer, Stephen M.",2/12/2001,Bellerman,Hans,565 Elm Street,Fitchburg,MA,01420,50.0,"Clerk Magistrate, Winchendon C",Commonwealth of MA,,0,2001 Year-end Report (ND),,0,Not Specified
61,201,Individual,11859,"Galvin, William C.",2/12/2001,Brooks,Patricia M.,9 Vaughn Steet,Canton,MA,02021,100.0,,,,0,2001 Year-end Report (ND),,0,Not Specified
62,201,Individual,10106,"Correia, Robert",2/13/2001,Metzler,Michael,65 Rockland St.,South Dartmouth,MA,02748,125.0,,,,0,2001 Year-end Report (ND),,0,Not Specified
63,201,Individual,10106,"Correia, Robert",2/13/2001,Bower,Bonnie,906 Hathaway Road,New Bedford,MA,02740,125.0,,,,0,2001 Year-end Report (ND),,0,Not Specified
64,201,Individual,10106,"Correia, Robert",2/13/2001,Sousa,Frank,230 Rhode Island Blvd.,Portsmouth,RI,02871,125.0,,,,0,2001 Year-end Report (ND),,0,Not Specified
65,201,Individual,10106,"Correia, Robert",2/13/2001,Feitelberg,Joseph,2 Maple Lane,Westport,MA,02790,250.0,president,Feitelberg Company,,0,2001 Year-end Report (ND),,0,Not Specified
66,201,Individual,10106,"Correia, Robert",2/13/2001,Handy,Brian S.,Box 75,Pocasset,MA,02559,100.0,,,,0,2001 Year-end Report (ND),,0,Not Specified
67,201,Individual,10106,"Correia, Robert",2/13/2001,Stubbert,James,43 Fallon Drive,Westport,MA,02790,125.0,,,,0,2001 Year-end Report (ND),,0,Not Specified
68,201,Individual,11411,"Walsh, Marian",2/13/2001,ABDALLAH,OLGA A.,1027 WASHINGTON STREET,NORWOOD,MA,02062,100.0,,,,0,2001 Year-end Report (ND),,0,Not Specified
69,201,Individual,11411,"Walsh, Marian",2/13/2001,ALLEN,ANNE C.,712 E. SIXTH STREET,SOUTH BOSTON,MA,02127,100.0,,,,0,2001 Year-end Report (ND),,0,Not Specified
70,201,Individual,11411,"Walsh, Marian",2/13/2001,ANASTASPOULOS,NICHOLAS,23 HASTINGS STREET,WEST ROXBURY,MA,02132,200.0,ATTORNEY,CITY OF BOSTON,,0,2001 Year-end Report (ND),,0,Not Specified
71,201,Individual,11411,"Walsh, Marian",2/13/2001,ATKINS,CHESTER G.,1540 Monument Street,Concord,MA,01742,100.0,,,,0,2001 Year-end Report (ND),,0,Not Specified
72,201,Individual,11411,"Walsh, Marian",2/13/2001,BALLARD,ROBERT M.,43 Nelson Street,Quincy,MA,02169,100.0,,,,0,2001 Year-end Report (ND),,0,Not Specified
73,201,Individual,11411,"Walsh, Marian",2/13/2001,BEAL,ROBERT L.,177 MILK STREET,BOSTON,MA,02109,100.0,R.E. DEVELOPER,SELF-EMPLOYED,,0,2001 Year-end Report (ND),,0,Not Specified
74,201,Individual,11411,"Walsh, Marian",2/13/2001,BERNARD,LYNDA M.,493 Weld Street,West Roxbury,MA,02132,200.0,Lobbyist,Cassidy & Associates,,0,2001 Year-end Report (ND),,0,Not Specified
75,201,Individual,11411,"Walsh, Marian",2/13/2001,BLIGH,MARTIN,2030 CENTRE STREET,WEST ROXBURY,MA,02132,300.0,REST. OWNER,SELF-EMPLOYED,,0,2001 Year-end Report (ND),,0,Not Specified
76,201,Individual,11411,"Walsh, Marian",2/13/2001,BRADLEY,BRENDAN J.,22 DRIFTWOOD CIRCLE,NORWOOD,MA,02062,100.0,,,,0,2001 Year-end Report (ND),,0,Not Specified
77,201,Individual,11411,"Walsh, Marian",2/13/2001,BRADLEY,STEVEN F.,45 GULF ROAD,PELHAM,MA,01002,100.0,,,,0,2001 Year-end Report (ND),,0,Not Specified
78,201,Individual,11411,"Walsh, Marian",2/13/2001,"BRENNAN, JR.",JOHN A.,88 Beltran Street,Malden,MA,02148,200.0,Lobbyist,Cassidy & Associates,,0,2001 Year-end Report (ND),,0,Not Specified
79,201,Individual,11411,"Walsh, Marian",2/13/2001,BRINKERHOFF,JAY,91 VETERANS ROAD,WINTHROP,MA,02152,200.0,ASSOC. CT. OFF. SUP.,MA. TRIAL COURT,,0,2001 Year-end Report (ND),,0,Not Specified
80,201,Individual,11411,"Walsh, Marian",2/13/2001,BRODRICK,JOHN P.,53 Wildwood Drive,Westwood,MA,02090,100.0,MORTGAGE BROKER,FIRST SERVICE HOME MORTGAGE,,0,2001 Year-end Report (ND),,0,Not Specified
81,201,Individual,11411,"Walsh, Marian",2/13/2001,BRODERICK,WILLIAM T.,23 BADGER ROAD,HYDE PARK,MA,02136,500.0,CAPTAIN,BOSTON POLICE,,0,2001 Year-end Report (ND),,0,Not Specified
82,201,Individual,11411,"Walsh, Marian",2/13/2001,BUCKLEY,LEO F.,6 KEENAN ROAD,BRIGHTON,MA,02135,100.0,,,,0,2001 Year-end Report (ND),,0,Not Specified
83,201,Individual,11411,"Walsh, Marian",2/13/2001,BURKE,EDWARD J.,3484 WASHINGTON STREET,JAMAICA PLAIN,MA,02131,100.0,,,,0,2001 Year-end Report (ND),,0,Not Specified
84,201,Individual,11411,"Walsh, Marian",2/13/2001,BURKE,JOHN P.,27 DEXTER STREET,DEDHAM,MA,02026,100.0,,,,0,2001 Year-end Report (ND),,0,Not Specified
85,201,Individual,11411,"Walsh, Marian",2/13/2001,BURKE,TIMOTHY M.,160 GOULD STREET`,NEEDHAM,MA,02492,100.0,,,,0,2001 Year-end Report (ND),,0,Not Specified
86,201,Individual,11411,"Walsh, Marian",2/13/2001,BURNS,EDWARD M.,208 Grand View Avenue,Winthrop,MA,02152,100.0,,,,0,2001 Year-end Report (ND),,0,Not Specified
87,201,Individual,11411,"Walsh, Marian",2/13/2001,BURNS,PAUL J.,11 West Street,Marblehead,MA,01945,200.0,DIRECTOR OF TECH.,SOCIAL LAW LIBRARY,,0,2001 Year-end Report (ND),,0,Not Specified
88,201,Individual,11411,"Walsh, Marian",2/13/2001,CAPODILUPO,DIANE L.,66 BROOK FARM ROAD,WEST ROXBURY,MA,02132,100.0,R.E. BROKER,RE/MAX,,0,2001 Year-end Report (ND),,0,Not Specified
89,201,Individual,11411,"Walsh, Marian",2/13/2001,CAPONE,JANET A.,130 OAKDALE AVENUE,DEDHAM,MA,02026,100.0,,,,0,2001 Year-end Report (ND),,0,Not Specified
90,201,Individual,11411,"Walsh, Marian",2/13/2001,HALL,JACKSON C.,612 WASHINGTON STREET,BROOKLINE,MA,02146,100.0,,,,0,2001 Year-end Report (ND),,0,Not Specified
91,201,Individual,11411,"Walsh, Marian",2/13/2001,"HANTAKAS, JR.",THOMAS T.,109 SALMAN STREET,WEST ROXBURY,MA,02132,150.0,,,,0,2001 Year-end Report (ND),,0,Not Specified
92,201,Individual,11411,"Walsh, Marian",2/13/2001,HEARNS,JAMES L.,195 Nichols Street,Norwood,MA,02062,200.0,ADMIN.ASSIST.,COMM. OF MA.,,0,2001 Year-end Report (ND),,0,Not Specified
93,201,Individual,11411,"Walsh, Marian",2/13/2001,HEGARTY,MICHAEL J.,14 Vermont Street,West Roxbury,MA,02132,200.0,POLICE OFFICER,BOSTON POLICE,,0,2001 Year-end Report (ND),,0,Not Specified
94,201,Individual,11411,"Walsh, Marian",2/13/2001,HEGARTY,MAUREEN,149 CHURCH STREET,WEST ROXBURY,MA,02132,100.0,ADM. ASSIST.,COMM. OF MA.,,0,2001 Year-end Report (ND),,0,Not Specified
95,201,Individual,11411,"Walsh, Marian",2/13/2001,HICKEY,BRIAN,9 Park Street,Boston,MA,02108,200.0,Lobbyist,Self-employed,,0,2001 Year-end Report (ND),,0,Not Specified
96,201,Individual,11411,"Walsh, Marian",2/13/2001,HICKEY,JOHN M.,32 Chesborough Road,West Roxbury,MA,02132,100.0,ADMIN. ASSISTANT,BOSTON WATER & SEWER,,0,2001 Year-end Report (ND),,0,Not Specified
97,201,Individual,11411,"Walsh, Marian",2/13/2001,HOGAN,ROBERT V.,58 Payson Road,Belmont,MA,02478,100.0,,,,0,2001 Year-end Report (ND),,0,Not Specified
98,201,Individual,11411,"Walsh, Marian",2/13/2001,HOOPES,THOMAS M.,18 WILLIAMS ROADQ,WAYLAND,MA,01778,100.0,,,,0,2001 Year-end Report (ND),,0,Not Specified
99,201,Individual,11411,"Walsh, Marian",2/13/2001,HUBLEY,PAULA M.,36 BLOSSOM STREET,DEDHAM,MA,02026,100.0,,,,0,2001 Year-end Report (ND),,0,Not Specified
100,201,Individual,11411,"Walsh, Marian",2/13/2001,HURLEY,WILLIAM J.,155 HOBART AVENUE,BRAINTREE,MA,02184,100.0,,,,0,2001 Year-end Report (ND),,0,Not Specified
101,201,Individual,11411,"Walsh, Marian",2/13/2001,JOHNSON,PATRICIA  McG.,122 W. 7TH STREET,SOUTH BOSTON,MA,02127,200.0,REG. NURSE,CARNEY HOSP.,,0,2001 Year-end Report (ND),,0,Not Specified
102,201,Individual,11411,"Walsh, Marian",2/13/2001,JOYCE,MICHAEL P.,4 Shore Drive,Canton,MA,02021,200.0,Attorney,Self-employed,,0,2001 Year-end Report (ND),,0,Not Specified
103,201,Individual,11411,"Walsh, Marian",2/13/2001,KANE,WILLIAM D.,43 HUDSON STREET,LYNN,MA,01902,100.0,,,,0,2001 Year-end Report (ND),,0,Not Specified
104,201,Individual,11411,"Walsh, Marian",2/13/2001,KAROL,STEPHEN J.,86 West Street,Attleboro,MA,02703,200.0,PRESIDENT,"THE KAROL GROUP, INC.",,0,2001 Year-end Report (ND),,0,Not Specified
105,201,Individual,11411,"Walsh, Marian",2/13/2001,KEARNEY,DENNIS J.,7 Madison Avenue,Winchester,MA,02460,100.0,LOBBYIST,"CHOATE, HALL & STEWART",,0,2001 Year-end Report (ND),,0,Not Specified
106,201,Individual,11411,"Walsh, Marian",2/13/2001,KEEGAN,ROBERT J.,21 Custom House Street,Boston,MA,02110,100.0,,,,0,2001 Year-end Report (ND),,0,Not Specified
107,201,Individual,11411,"Walsh, Marian",2/13/2001,KELLIHER,JUDITH ANN,114 TURTLE POND PKY.,HYDE PARK,MA,02136,100.0,,,,0,2001 Year-end Report (ND),,0,Not Specified
108,201,Individual,11411,"Walsh, Marian",2/13/2001,KILMAIN,MARY JO,106 Greaton Road,West Roxbury,MA,02132,100.0,,,,0,2001 Year-end Report (ND),,0,Not Specified
109,201,Individual,11411,"Walsh, Marian",2/13/2001,KING,SEAN C.,49 MARLBORO STREET,BELMONT,MA,02478,100.0,,,,0,2001 Year-end Report (ND),,0,Not Specified
110,201,Individual,11411,"Walsh, Marian",2/13/2001,KURKER,DOLORES,Kearsage Avenue,W. Hyannisport,MA,02672,100.0,HOUSEWIFE,,,0,2001 Year-end Report (ND),,0,Not Specified
111,201,Individual,11411,"Walsh, Marian",2/13/2001,LAWLOR,CHRISTOPHER,19 Brookside Park,Milton,MA,02186,100.0,,,,0,2001 Year-end Report (ND),,0,Not Specified
112,201,Individual,11411,"Walsh, Marian",2/13/2001,"LEARY, ESQ.",J. KEVIN,50 FRANKLIN STREET,BOSTON,MA,02110,300.0,ATTORNEY,SELF-EMPLOYED,,0,2001 Year-end Report (ND),,0,Not Specified
113,201,Individual,11411,"Walsh, Marian",2/13/2001,"LOFTUS, ESQ.",PATRICK J. III,9 PARK STREET,BOSTON,MA,02108,100.0,,,,0,2001 Year-end Report (ND),,0,Not Specified
114,201,Individual,11411,"Walsh, Marian",2/13/2001,LONG,KEVIN F.,5 JACKSON ROAD,WELLESLEY,MA,02482,100.0,,,,0,2001 Year-end Report (ND),,0,Not Specified
115,201,Individual,11411,"Walsh, Marian",2/13/2001,MADDEN,MARGARET M.,7 KEANE ROAD,WEST ROXBURY,MA,02132,100.0,,,,0,2001 Year-end Report (ND),,0,Not Specified
116,201,Individual,11411,"Walsh, Marian",2/13/2001,MATTEODO,DAVID,71 Lindberg Avenue,Needham,MA,02492,100.0,,,,0,2001 Year-end Report (ND),,0,Not Specified
117,201,Individual,11411,"Walsh, Marian",2/13/2001,McCARRICK,PAUL B.,21 Teresa Terrace,Hyde Park,MA,02136,500.0,ADMINISTRATOR.,MA. TRIAL COURT,,0,2001 Year-end Report (ND),,0,Not Specified
118,201,Individual,11411,"Walsh, Marian",2/13/2001,McCARRICK,ROBERT,11 Clearwater Drive,Milton Village,MA,02187,100.0,,,,0,2001 Year-end Report (ND),,0,Not Specified
119,201,Individual,11411,"Walsh, Marian",2/13/2001,McCARTHY,PAUL F.,P.O. BOX 580,CAPTIVA ISLAND,FL,33924,100.0,LANDSCAPER,SELF-EMPLOYED,,0,2001 Year-end Report (ND),,0,Not Specified
120,201,Individual,11411,"Walsh, Marian",2/13/2001,McDONOUGH,JOSEPH B.,1 KIMBALL COURT,MELROSE,MA,02176,100.0,,,,0,2001 Year-end Report (ND),,0,Not Specified
121,201,Individual,11411,"Walsh, Marian",2/13/2001,McDOUGALL,PAUL,411 FRANKLIN STREET,CAMBRIDGE,MA,02139,100.0,,,,0,2001 Year-end Report (ND),,0,Not Specified
122,201,Individual,11411,"Walsh, Marian",2/13/2001,McGEE,MICHELLE R.,63 W. CEDAR STREET,BOSTON,MA,02114,100.0,,,,0,2001 Year-end Report (ND),,0,Not Specified
123,201,Individual,11411,"Walsh, Marian",2/13/2001,"McGLYNN, JR.",JOHN J.,57 WHARF STREET,SALEM,MA,01920,150.0,,,,0,2001 Year-end Report (ND),,0,Not Specified
124,201,Individual,11411,"Walsh, Marian",2/13/2001,McKERNAN,CHERYL A.,50 PLEASANT VALLEY ROAD,WESTWOOD,MA,02090,100.0,,,,0,2001 Year-end Report (ND),,0,Not Specified
125,201,Individual,11411,"Walsh, Marian",2/13/2001,McMANUS,JOHN J.,108 LAURIE AVENUE,WEST ROXBURY,MA,02132,100.0,,,,0,2001 Year-end Report (ND),,0,Not Specified
126,201,Individual,11411,"Walsh, Marian",2/13/2001,MELLEN,SUSAN,36 HIGH STREET,CHARLESTOWN,MA,02129,100.0,,,,0,2001 Year-end Report (ND),,0,Not Specified
127,201,Individual,11411,"Walsh, Marian",2/13/2001,MEREDITH,JUDITH C.,59 RICHFIELD STREET,DORCHESTER,MA,02125,100.0,,,,0,2001 Year-end Report (ND),,0,Not Specified
128,201,Individual,11411,"Walsh, Marian",2/13/2001,MILANO,JOSEPH A.,9 Orchard Lane,Lynnfield,MA,01940,100.0,,,,0,2001 Year-end Report (ND),,0,Not Specified
129,201,Individual,11411,"Walsh, Marian",2/13/2001,MONAHAN,WILLIAM O.,376 COMMERCIAL STREET,BOSTON,MA,02109,100.0,,,,0,2001 Year-end Report (ND),,0,Not Specified
130,201,Individual,11411,"Walsh, Marian",2/13/2001,MORGAN,JOSEPH F.,29 Pheasant Street,West Roxbury,MA,02132,100.0,Retired,,,0,2001 Year-end Report (ND),,0,Not Specified
131,201,Individual,11411,"Walsh, Marian",2/13/2001,MORRILL,PAUL E.,165 Milton Avenue,Hyde Park,MA,02136,100.0,OWNER,MORRILL TAXI CO.,,0,2001 Year-end Report (ND),,0,Not Specified
132,201,Individual,11411,"Walsh, Marian",2/13/2001,MORRIS,JAMES T.,21 McCALL ROAD,WINCHESTER,MA,02460,200.0,ATTORNEY,QUINN & MORRIS,,0,2001 Year-end Report (ND),,0,Not Specified
133,201,Individual,11411,"Walsh, Marian",2/13/2001,MULKERN,JOHN J.,14 Northdale Terrace,West Roxbury,MA,02132,100.0,,,,0,2001 Year-end Report (ND),,0,Not Specified
134,201,Individual,11411,"Walsh, Marian",2/13/2001,MURPHY,CHARLES F.,1001 MARINA DRIVE,QUINCY,MA,02169,200.0,INS. AGENT,SELF-EMPLOYED,,0,2001 Year-end Report (ND),,0,Not Specified
135,201,Individual,11411,"Walsh, Marian",2/13/2001,"MURPHY, JR.",JOHN E.,10 CHESTNUT STREET,PEABODY,MA,01961,200.0,LOBBYIST,"ISSUES MANAGEMENT, INC.",,0,2001 Year-end Report (ND),,0,Not Specified
136,201,Individual,11411,"Walsh, Marian",2/13/2001,MURPHY,STEVEN J.,1646 Centre  Street,West Roxbury,MA,02132,100.0,,,,0,2001 Year-end Report (ND),,0,Not Specified
137,201,Individual,11411,"Walsh, Marian",2/13/2001,"MURRAY, JR.",ROBERT P.,46 WESTCHESTER DRIVE,WESTWOOD,MA,02090,100.0,PROFESSOR,FRAMINGHAM STATE UNIV.,,0,2001 Year-end Report (ND),,0,Not Specified
138,201,Individual,11411,"Walsh, Marian",2/13/2001,"MURRAY, JR.",ROBERT P.,46 WESTCHESTER DRIVE,WESTWOOD,MA,02090,100.0,PROFESSOR,FRAMINGHAM STATE UNIV.,,0,2001 Year-end Report (ND),,0,Not Specified
139,201,Individual,11411,"Walsh, Marian",2/13/2001,NEWMAN,JOSEPH,176 NEWPORT STREET,ARLINGTON,MA,02476,150.0,,,,0,2001 Year-end Report (ND),,0,Not Specified
140,201,Individual,11411,"Walsh, Marian",2/13/2001,NEWMAN,MARK,160 GOULD STREET,NEEDHAM,MA,02492,100.0,,,,0,2001 Year-end Report (ND),,0,Not Specified
141,201,Individual,11411,"Walsh, Marian",2/13/2001,O'BRIEN,NEIL,P.O. BOX 1296,MELROSE,MA,02176,100.0,,,,0,2001 Year-end Report (ND),,0,Not Specified
142,201,Individual,11411,"Walsh, Marian",2/13/2001,O'BRIEN,WILLIAM J.,242 ADAMS STREET,QUINCY,MA,02169,100.0,,,,0,2001 Year-end Report (ND),,0,Not Specified
143,201,Individual,11411,"Walsh, Marian",2/13/2001,"O'CONNELL, ESQ.",LENAHAN,31 MILK STREET,BOSTON,MA,02109,100.0,,,,0,2001 Year-end Report (ND),,0,Not Specified
144,201,Individual,11411,"Walsh, Marian",2/13/2001,O'CONNOR,DELIA,112 PINCKNEY STREET,BOSTON,MA,02114,100.0,,,,0,2001 Year-end Report (ND),,0,Not Specified
145,201,Individual,11411,"Walsh, Marian",2/13/2001,O'KEEFE,E. JOSEPH,473 East Fifth Street,South Boston,MA,02127,100.0,,,,0,2001 Year-end Report (ND),,0,Not Specified
146,201,Individual,11411,"Walsh, Marian",2/13/2001,O'LEARY,JAMES F.,41 MARTIN STREET,WEST ROXBURY,MA,02132,100.0,,,,0,2001 Year-end Report (ND),,0,Not Specified
147,201,Individual,11411,"Walsh, Marian",2/13/2001,O'NEIL,EDWARD G.,124 So. Main Street,Cohasset,MA,02025,100.0,,,,0,2001 Year-end Report (ND),,0,Not Specified
148,201,Individual,11411,"Walsh, Marian",2/13/2001,"O'NEILL, III",THOMAS P.,1 EXETER STREET,BOSTON,MA,02116,100.0,,,,0,2001 Year-end Report (ND),,0,Not Specified
149,201,Individual,11411,"Walsh, Marian",2/13/2001,O'NEILL,TIMOTHY P.,145 Dudley Lane,Milton,MA,02186,100.0,,,,0,2001 Year-end Report (ND),,0,Not Specified
150,201,Individual,11411,"Walsh, Marian",2/13/2001,ORSINO,JEANNETTE,10 HANCOCK STREET,BOSTON,MA,02114,100.0,,,,0,2001 Year-end Report (ND),,0,Not Specified
151,201,Individual,11411,"Walsh, Marian",2/13/2001,CAWLEY,PATRICIA  A.,53 CHESBOROUGH STREET,WEST ROXBURY,MA,02132,100.0,,,,0,2001 Year-end Report (ND),,0,Not Specified
152,201,Individual,11411,"Walsh, Marian",2/13/2001,CLANCY,MARY ANN B.,39 HUTCHINSON STREET,DORCHESTER,MA,02124,200.0,LOBBYIST,MA. CUNA,,0,2001 Year-end Report (ND),,0,Not Specified
153,201,Individual,11411,"Walsh, Marian",2/13/2001,"CLOHERTY, JR.",JOHN J.,171 ROBBINS STREET,OSTERVILLE,MA,02655,100.0,,,,0,2001 Year-end Report (ND),,0,Not Specified
154,201,Individual,11411,"Walsh, Marian",2/13/2001,"CONDON, JR.",JAMES J.,279 COREY STREET,WEST ROXBURY,MA,02132,100.0,,,,0,2001 Year-end Report (ND),,0,Not Specified
155,201,Individual,11411,"Walsh, Marian",2/13/2001,CONNEELY,MARY,33 Greaton Street,West Roxbury,MA,02132,100.0,HOUSEWIFE,,,0,2001 Year-end Report (ND),,0,Not Specified
156,201,Individual,11411,"Walsh, Marian",2/13/2001,CONNOLLY,CHRISTOPHER F.,37 OLIVER STREET,BELMONT,MA,02478,100.0,,,,0,2001 Year-end Report (ND),,0,Not Specified
157,201,Individual,11411,"Walsh, Marian",2/13/2001,CONNOLLY,JOHN J.,30 HARTWELL PLACE,CANTON,MA,02021,100.0,CONS.WKR.,SHAUGHNESSEY,,0,2001 Year-end Report (ND),,0,Not Specified
158,201,Individual,11411,"Walsh, Marian",2/13/2001,CONSALVO,MICHELLE,15 RAYNES ROAD,HYDE PARK,MA,02136,100.0,,,,0,2001 Year-end Report (ND),,0,Not Specified
159,201,Individual,11411,"Walsh, Marian",2/13/2001,CONWAY,JOY C.,34 MEADOWBROOK ROAD,DOVER,MA,02030,100.0,LOBBYIST,G.B.R.B.,,0,2001 Year-end Report (ND),,0,Not Specified
160,201,Individual,11411,"Walsh, Marian",2/13/2001,CONWAY,SUSAN M.,19 CRESCENT AVENUE,SCITUATE,MA,02066,100.0,,,,0,2001 Year-end Report (ND),,0,Not Specified
161,201,Individual,11411,"Walsh, Marian",2/13/2001,CONWAY,THERESA E.,29 Hillcrest Road,Milton,MA,02186,100.0,,,,0,2001 Year-end Report (ND),,0,Not Specified
162,201,Individual,11411,"Walsh, Marian",2/13/2001,COSTELLO,NEAL B.,9 Park Street,Boston,MA,02108,100.0,,,,0,2001 Year-end Report (ND),,0,Not Specified
163,201,Individual,11411,"Walsh, Marian",2/13/2001,COURTNEY,ALEXANDER A.,10 LONGWOOD DRIVE,WESTWOOD,MA,02090,100.0,RETIRED,,,0,2001 Year-end Report (ND),,0,Not Specified
164,201,Individual,11411,"Walsh, Marian",2/13/2001,PJC ASSOCIATES,PAUL LOVELL,P.O. BOX 707,SO. DENNIS,MA,02660,100.0,,,,0,2001 Year-end Report (ND),,0,Not Specified
165,201,Individual,11411,"Walsh, Marian",2/13/2001,"COYNE, JR.",WILLIAM F.,6 Beacon Street,Boston,MA,02108,200.0,Lobbyist,Self-employed,,0,2001 Year-end Report (ND),,0,Not Specified
166,201,Individual,11411,"Walsh, Marian",2/13/2001,CRONIN,GEORGE F.,58 Cerdan Avenue,Boston,MA,02131,100.0,LOBBYIST,THE CHOATE GROUP,,0,2001 Year-end Report (ND),,0,Not Specified
167,201,Individual,11411,"Walsh, Marian",2/13/2001,CURTIN,ELIZABETH M.,111 WILLOW STREET,WEST ROXBURY,MA,02132,200.0,ADM. SECRETARY,BOSTON POLICE,,0,2001 Year-end Report (ND),,0,Not Specified
168,201,Individual,11411,"Walsh, Marian",2/13/2001,DALTON,EDWARD P.,24 Bowditch Road,Jamaica Plain,MA,02130,100.0,ASSIST. P.O.,MA. TRIAL COURT,,0,2001 Year-end Report (ND),,0,Not Specified
169,201,Individual,11411,"Walsh, Marian",2/13/2001,"DANIELS, JR.",RICHARD S.,35 PARK STREET,WEST ROXBURY,MA,02132,100.0,,,,0,2001 Year-end Report (ND),,0,Not Specified
170,201,Individual,11411,"Walsh, Marian",2/13/2001,DAVIS,KENNETH A.,11 Hackensack Circle,Chestnut Hill,MA,02467,100.0,,,,0,2001 Year-end Report (ND),,0,Not Specified
171,201,Individual,11411,"Walsh, Marian",2/13/2001,DELANEY,MARK J.,15 George Street,Reading,MA,01867,100.0,,,,0,2001 Year-end Report (ND),,0,Not Specified
172,201,Individual,11411,"Walsh, Marian",2/13/2001,DELANEY,JOHN W.,77 Village Avenue,Dedham,MA,02026,100.0,,,,0,2001 Year-end Report (ND),,0,Not Specified
173,201,Individual,11411,"Walsh, Marian",2/13/2001,DELANEY,WILLIAM A.,22 BONNER AVENUE,MEDFORD,MA,02155,100.0,,,,0,2001 Year-end Report (ND),,0,Not Specified
174,201,Individual,11411,"Walsh, Marian",2/13/2001,DeROSA,ANTHONY E.,94 PARTRIDGE STREET,West Roxbury,MA,02132,200.0,PRIV.INVSTGATR.,"REGIONAL RESEARCHERS, INC.",,0,2001 Year-end Report (ND),,0,Not Specified
175,201,Individual,11411,"Walsh, Marian",2/13/2001,"DEVER, JR.",EDWARD J.,46 Salisbury Street,Winchester,MA,02460,100.0,,,,0,2001 Year-end Report (ND),,0,Not Specified
176,201,Individual,11411,"Walsh, Marian",2/13/2001,"DOLAN, JR.",BARRY ANDREW,5 Cass Street,West Roxbury,MA,02132,115.0,,,,0,2001 Year-end Report (ND),,0,Not Specified
177,201,Individual,11411,"Walsh, Marian",2/13/2001,"DONAHUE, JR.",DOUGLAS,580 MAIN STREET,NORWELL,MA,02061,100.0,,,,0,2001 Year-end Report (ND),,0,Not Specified
178,201,Individual,11411,"Walsh, Marian",2/13/2001,DONOGHUE,ROGER D.,27 Jackson Drive,Acton,MA,01720,200.0,LOBBYIST,DONOGHUE ASSOCIATES,,0,2001 Year-end Report (ND),,0,Not Specified
179,201,Individual,11411,"Walsh, Marian",2/13/2001,DONOVAN,MICHAEL D.,86 Baldwin Street,Charlestown,MA,02129,100.0,,,,0,2001 Year-end Report (ND),,0,Not Specified
180,201,Individual,11411,"Walsh, Marian",2/13/2001,DONOVAN,PAUL T.,82 Park Avenue,Newton,MA,02458,100.0,,,,0,2001 Year-end Report (ND),,0,Not Specified
181,201,Individual,11411,"Walsh, Marian",2/13/2001,DUGGAN,KEVIN P.,2 Trailside Road,Medfield,MA,02052,100.0,,,,0,2001 Year-end Report (ND),,0,Not Specified
182,201,Individual,11411,"Walsh, Marian",2/13/2001,DRUKER,RONALD M.,50 FEDERAL STREET,BOSTON,MA,02110,100.0,,,,0,2001 Year-end Report (ND),,0,Not Specified
183,201,Individual,11411,"Walsh, Marian",2/13/2001,EISENSTADT,DAVID G.,2 CENTER PLAZA,BOSTON,MA,02108,200.0,ATTORNEY,SELF EMPLOYED,,0,2001 Year-end Report (ND),,0,Not Specified
184,201,Individual,11411,"Walsh, Marian",2/13/2001,EMELUE,PETER M.,88 BURT STREET,DORCHESTER,MA,02124,100.0,,,,0,2001 Year-end Report (ND),,0,Not Specified
185,201,Individual,11411,"Walsh, Marian",2/13/2001,EYSIE,PAUL W.,853 WASHINGTON STREET,NORWOOD,MA,02062,100.0,,,,0,2001 Year-end Report (ND),,0,Not Specified
186,201,Individual,11411,"Walsh, Marian",2/13/2001,FAGONE,ROBERT R.,37 EGAN TERRACE,DEDHAM,MA,02026,100.0,,,,0,2001 Year-end Report (ND),,0,Not Specified
187,201,Individual,11411,"Walsh, Marian",2/13/2001,FERRICK,MICHAEL,16 Fales Avenue,Norwood,MA,02062,100.0,,,,0,2001 Year-end Report (ND),,0,Not Specified
188,201,Individual,11411,"Walsh, Marian",2/13/2001,FINNEGAN,DAVID I.,22 Batterymarch Street,Boston,MA,02109,200.0,LOBBYIST,FINNEGAN & UNDERWOOD,,0,2001 Year-end Report (ND),,0,Not Specified
189,201,Individual,11411,"Walsh, Marian",2/13/2001,FITZGERALD,JOHN G.,15 CROCKERS LANE,WEST ROXBURY,MA,02132,100.0,,,,0,2001 Year-end Report (ND),,0,Not Specified
190,201,Individual,11411,"Walsh, Marian",2/13/2001,FLAGG,MARGARET E.,66 ROBIN STREET,WEST ROXBURY,MA,02132,100.0,,,,0,2001 Year-end Report (ND),,0,Not Specified
191,201,Individual,11411,"Walsh, Marian",2/13/2001,FLAHERTY,CHARLES F.,25 HOMER AVENUE,CAMBRIDGE,MA,02139,100.0,,,,0,2001 Year-end Report (ND),,0,Not Specified
192,201,Individual,11411,"Walsh, Marian",2/13/2001,FLAHERTY,ROBERT,28 FLAVIA STREET,DORCHESTER,MA,02122,100.0,,,,0,2001 Year-end Report (ND),,0,Not Specified
193,201,Individual,11411,"Walsh, Marian",2/13/2001,FONTAINE,G. CHARLES,21 Sawyer Drive,Dedham,MA,02026,100.0,,,,0,2001 Year-end Report (ND),,0,Not Specified
194,201,Individual,11411,"Walsh, Marian",2/13/2001,FRANTZIS,KONSTANTINOS,2176 CENTRE STREET,WEST ROXBURY,MA,02132,100.0,,,,0,2001 Year-end Report (ND),,0,Not Specified
195,201,Individual,11411,"Walsh, Marian",2/13/2001,FRIENDS OF MIKE RUSH,,280 STRATFORD STREET,WEST ROXBURY,MA,02132,100.0,,,,0,2001 Year-end Report (ND),,0,Not Specified
196,201,Individual,11411,"Walsh, Marian",2/13/2001,GANNON,FRANCINE M.,74 Commercial Street,Boston,MA,02109,100.0,,,,0,2001 Year-end Report (ND),,0,Not Specified
197,201,Individual,11411,"Walsh, Marian",2/13/2001,"GATELY, JR.",JOHN P.,655 West Roxbury Pkwy.,West Roxbury,MA,02132,100.0,,,,0,2001 Year-end Report (ND),,0,Not Specified
198,201,Individual,11411,"Walsh, Marian",2/13/2001,GAUDET,ROBERT D.,5 KEANE ROAD,WEST ROXBURY,MA,02132,100.0,,,,0,2001 Year-end Report (ND),,0,Not Specified
199,201,Individual,11411,"Walsh, Marian",2/13/2001,$50 OR LESS,,,,MA,,625.0,,,,0,2001 Year-end Report (ND),,0,Not Specified
200,201,Individual,11411,"Walsh, Marian",2/13/2001,GEORGAKOPOULOS,KATHLEEN,68 CLARK STREET,DEDHAM,MA,02026,100.0,,,,0,2001 Year-end Report (ND),,0,Not Specified
201,201,Individual,11411,"Walsh, Marian",2/13/2001,"GIANNETTI, JR.",ALBERT,48 MYOPIA ROAD,HYDE PARK,MA,02136,100.0,,,,0,2001 Year-end Report (ND),,0,Not Specified
202,201,Individual,11411,"Walsh, Marian",2/13/2001,"GILBERTI, III",COSMO A.,6 LANDMARK ROAD,WESTWOOD,MA,02090,100.0,,,,0,2001 Year-end Report (ND),,0,Not Specified
203,201,Individual,11411,"Walsh, Marian",2/13/2001,GILLIGAN,BRIAN F.,39 Satuit Meadow Lane,Norwell,MA,02061,100.0,,,,0,2001 Year-end Report (ND),,0,Not Specified
204,201,Individual,11411,"Walsh, Marian",2/13/2001,GILLIS,STEPHEN J.,492 JERUSALEM ROAD,COHASSET,MA,02025,200.0,SELF-EMP.,JCI COMMUNICATIONS,,0,2001 Year-end Report (ND),,0,Not Specified
205,201,Individual,11411,"Walsh, Marian",2/13/2001,GORDON,KEITH,129 DEAN ROAD,BROOKLINE,MA,02146,100.0,,,,0,2001 Year-end Report (ND),,0,Not Specified
206,201,Individual,11411,"Walsh, Marian",2/13/2001,GORMLEY,RICHARD,2055 CENTRE STREET,WEST ROXBURY,MA,02132,100.0,,,,0,2001 Year-end Report (ND),,0,Not Specified
207,201,Individual,11411,"Walsh, Marian",2/13/2001,HAGGERTY,JEFFREY J.,6 NELSON ROAD,ROCKLAND,MA,02370,100.0,,,,0,2001 Year-end Report (ND),,0,Not Specified
208,201,Individual,11411,"Walsh, Marian",2/13/2001,PAGLIARULO,JOSEPH M.,104 Keith Street,West Roxbury,MA,02132,100.0,,,,0,2001 Year-end Report (ND),,0,Not Specified
209,201,Individual,11411,"Walsh, Marian",2/13/2001,PALMARIELLO,JANET M.,4779 Washington Street,West Roxbury,MA,02132,200.0,RETIRED,,,0,2001 Year-end Report (ND),,0,Not Specified
210,201,Individual,11411,"Walsh, Marian",2/13/2001,PALMARIELLO,PAUL G.,750 BARNSTABLE ROAD,MASHPEE,MA,02649,100.0,,,,0,2001 Year-end Report (ND),,0,Not Specified
211,201,Individual,11411,"Walsh, Marian",2/13/2001,PETITTI,CHARLES J.,16 BROOKSIDE AVENUE,NEWTON,MA,02460,100.0,,,,0,2001 Year-end Report (ND),,0,Not Specified
212,201,Individual,11411,"Walsh, Marian",2/13/2001,PEZZELLA,PAUL M.,215 Commonwealth Avenue,Boston,MA,02116,100.0,,,,0,2001 Year-end Report (ND),,0,Not Specified
213,201,Individual,11411,"Walsh, Marian",2/13/2001,PIRO,VINCENT J.,4 DREXEL AVENUE,WINCHESTER,MA,01890,100.0,SALES,J. WHITE CONSTRUCTION CO.,,0,2001 Year-end Report (ND),,0,Not Specified
214,201,Individual,11411,"Walsh, Marian",2/13/2001,POMAROLE,MICHAEL J.,35 MT. VERNON STREET,WEST ROXBURY,MA,02132,100.0,,,,0,2001 Year-end Report (ND),,0,Not Specified
215,201,Individual,11411,"Walsh, Marian",2/13/2001,PULGINI,JOSEPH J.,41 PROSPECT STREET,HYDE PARK,MA,02136,500.0,ATTORNEY,SELF-EMPLOYED,,0,2001 Year-end Report (ND),,0,Not Specified
216,201,Individual,11411,"Walsh, Marian",2/13/2001,PYNE,MARK W.,31 EMMETT AVENUE,DEDHAM,MA,02026,250.0,COMMUNICATIONS,COMM. MA./HIGHWAY DEPT.,,0,2001 Year-end Report (ND),,0,Not Specified
217,201,Individual,11411,"Walsh, Marian",2/13/2001,QUINN,ANNE M.,14 SO. MONROE TERRACE,DORCHESTER,MA,02122,200.0,SALES REP.,VERIZON,,0,2001 Year-end Report (ND),,0,Not Specified
218,201,Individual,11411,"Walsh, Marian",2/13/2001,QUINN,ROBERT H.,1452 Canton Avenue,Milton,MA,02186,200.0,LOBBYIST,QUINN & MORRIS,,0,2001 Year-end Report (ND),,0,Not Specified
219,201,Individual,11411,"Walsh, Marian",2/13/2001,RACHINS,EDWARD A.,P.O. BOX 250,BROCKTON,MA,02305,100.0,LETTER SENT 01-14-02,,,0,2001 Year-end Report (ND),,0,Not Specified
220,201,Individual,11411,"Walsh, Marian",2/13/2001,RAFFERTY,MARY F.,709 W. Roxbury Pkwy.,West Roxbury,MA,02132,100.0,,,,0,2001 Year-end Report (ND),,0,Not Specified
221,201,Individual,11411,"Walsh, Marian",2/13/2001,RAFFERTY,RICHARD,709 W. ROXBURY PKWY.,WEST ROXBURY,MA,02132,100.0,,,,0,2001 Year-end Report (ND),,0,Not Specified
222,201,Individual,11411,"Walsh, Marian",2/13/2001,RANSFORD,LAWRENCE H.,19 GREENBRIAR ROAD,CANTON,MA,02021,100.0,,,,0,2001 Year-end Report (ND),,0,Not Specified
223,201,Individual,11411,"Walsh, Marian",2/13/2001,RIDEOUT,CHARLENE D.,P.O. BOX 85,BOSTON,MA,02133,100.0,,,,0,2001 Year-end Report (ND),,0,Not Specified
224,201,Individual,11411,"Walsh, Marian",2/13/2001,ROBERTSON,A.H.,40 WATER STREET,BOSTON,MA,02108,100.0,,,,0,2001 Year-end Report (ND),,0,Not Specified
225,201,Individual,11411,"Walsh, Marian",2/13/2001,ROCHE,PATRICK E.,13 Bayfield Road,Marshfield,MA,02050,100.0,RETIRED,,,0,2001 Year-end Report (ND),,0,Not Specified
226,201,Individual,11411,"Walsh, Marian",2/13/2001,RODOPHELE,ROBERT P.,20 Samuel Parlin Drive,Acton,MA,01720,100.0,LOBBYIST,"FERRITER,SCOBBO, & RODOPHELE",,0,2001 Year-end Report (ND),,0,Not Specified
227,201,Individual,11411,"Walsh, Marian",2/13/2001,RUSH,RICHARD L.,40 MEADOW STREET,NORWOOD,MA,02062,100.0,,,,0,2001 Year-end Report (ND),,0,Not Specified
228,201,Individual,11411,"Walsh, Marian",2/13/2001,RUSSO,S. GEORGE,14 MT. CALVARY ROAD,ROSLINDALE,MA,02131,100.0,GARDEN SHOP OWNER,SELF-EMP.,,0,2001 Year-end Report (ND),,0,Not Specified
229,201,Individual,11411,"Walsh, Marian",2/13/2001,RYAN,CHARLES,24 CONRAD STREET,BRAINTREE,MA,02184,100.0,,,,0,2001 Year-end Report (ND),,0,Not Specified
230,201,Individual,11411,"Walsh, Marian",2/13/2001,RYAN,DANIEL F.,17 MARSHALL AVENUE,SCITUATE,MA,02066,100.0,,,,0,2001 Year-end Report (ND),,0,Not Specified
231,201,Individual,11411,"Walsh, Marian",2/13/2001,SAROUFIM,TONY Y.,100 Westover Street,West Roxbury,MA,02132,100.0,,,,0,2001 Year-end Report (ND),,0,Not Specified
232,201,Individual,11411,"Walsh, Marian",2/13/2001,"SAUNDERS, JR.",EDWARD F.,34 WHALER LANE,QUINCY,MA,02169,100.0,,,,0,2001 Year-end Report (ND),,0,Not Specified
233,201,Individual,11411,"Walsh, Marian",2/13/2001,SAUNDERS,LINDA H.,9 Normandie Road,Dover,MA,02030,100.0,RETIRED,,,0,2001 Year-end Report (ND),,0,Not Specified
234,201,Individual,11411,"Walsh, Marian",2/13/2001,SCHINDLER,JAMES P.,67 MANTHORNE ROAD,WEST ROXBURY,MA,02132,100.0,,,,0,2001 Year-end Report (ND),,0,Not Specified
235,201,Individual,11411,"Walsh, Marian",2/13/2001,SETTANA,DANIEL,10 STRATFORD STREET,WEST ROXBURY,MA,02132,100.0,,,,0,2001 Year-end Report (ND),,0,Not Specified
236,201,Individual,11411,"Walsh, Marian",2/13/2001,SHAPIRO,DAVID K.,21 WORMWOOD STREET,BOSTON,MA,02210,100.0,,,,0,2001 Year-end Report (ND),,0,Not Specified
237,201,Individual,11411,"Walsh, Marian",2/13/2001,SHEEHY,SHAWN K.,1 STATE STREET,BOSTON,MA,02109,200.0,LOBBYIST,SHEEHY & ASSOCIATES,,0,2001 Year-end Report (ND),,0,Not Specified
238,201,Individual,11411,"Walsh, Marian",2/13/2001,"SHEFFIELD, ESQ.",ROBERT J.,553 ADAMS STREET,MILTON,MA,02186,100.0,,,,0,2001 Year-end Report (ND),,0,Not Specified
239,201,Individual,11411,"Walsh, Marian",2/13/2001,SKEHILL,PATRICK,32 SHEFFIELD ROAD,ROSLINDALE,MA,02131,100.0,ASSIST. P.O.,MA. TRIAL COURT,,0,2001 Year-end Report (ND),,0,Not Specified
240,201,Individual,11411,"Walsh, Marian",2/13/2001,SMITH,WILLIAM J.,100 SANBORN AVENUE,WEST ROXBURY,MA,02132,100.0,,,,0,2001 Year-end Report (ND),,0,Not Specified
241,201,Individual,11411,"Walsh, Marian",2/13/2001,SOLIMINE,ALESSANDRO P.,119 WESTMOOR ROAD,WEST ROXBURY,MA,02132,200.0,CUSTODIAN,ST. JOHN CHRYSOSTOM CHURCH,,0,2001 Year-end Report (ND),,0,Not Specified
242,201,Individual,11411,"Walsh, Marian",2/13/2001,STRATFORD,ARTHUR J.,6 BRIARWOOD LANE,DEDHAM,MA,02026,100.0,,,,0,2001 Year-end Report (ND),,0,Not Specified
243,201,Individual,11411,"Walsh, Marian",2/13/2001,SULLIVAN,DAVID R.,37 NETTA ROAD,DEDHAM,MA,02026,100.0,,,,0,2001 Year-end Report (ND),,0,Not Specified
244,201,Individual,11411,"Walsh, Marian",2/13/2001,SULLIVAN,GIL,85 BRUNSWICK STREET,MARSHFIELD,MA,02050,200.0,EXECUTIVE,IPAK,,0,2001 Year-end Report (ND),,0,Not Specified
245,201,Individual,11411,"Walsh, Marian",2/13/2001,"SULLIVAN, M.D.",JAMES D.,26 VERMONT STREET,WEST ROXBURY,MA,02132,100.0,,,,0,2001 Year-end Report (ND),,0,Not Specified
246,201,Individual,11411,"Walsh, Marian",2/13/2001,SUMMERS,THOMAS W.,14 EAST WAY,MASHPEE,MA,02649,200.0,RETIRED,,,0,2001 Year-end Report (ND),,0,Not Specified
247,201,Individual,11411,"Walsh, Marian",2/13/2001,TAMULIS,JOSEPH A.,25 ELLSMORE TERRACE,BRAINTREE,MA,02184,100.0,CONTRACTOR,SELF-EMPLOYED,,0,2001 Year-end Report (ND),,0,Not Specified
248,201,Individual,11411,"Walsh, Marian",2/13/2001,TIERNEY,ROBERT E.,14 Peter Hobart Drive,Hingham,MA,02043,100.0,,,,0,2001 Year-end Report (ND),,0,Not Specified
249,201,Individual,11411,"Walsh, Marian",2/13/2001,TOWLES,STOKLEY P.,40 Water Street,Boston,MA,02109,100.0,ATTORNEY,SELF-EMPLOYED,,0,2001 Year-end Report (ND),,0,Not Specified
250,201,Individual,11411,"Walsh, Marian",2/13/2001,"TRACY, JR.",PHILIP A.,7 FANEUIL HALL MKT. PL.,BOSTON,MA,02109,100.0,,,,0,2001 Year-end Report (ND),,0,Not Specified
251,201,Individual,11411,"Walsh, Marian",2/13/2001,TRAVERSE,DOROTHY,10 Neillian Crescent,Jamaica Plain,MA,02130,100.0,,,,0,2001 Year-end Report (ND),,0,Not Specified
252,201,Individual,11411,"Walsh, Marian",2/13/2001,TROY,M. KATHERINE,83 Woodard Road,West Roxbury,MA,02132,200.0,R.E. BROKER,DeWOLFE R.E.,,0,2001 Year-end Report (ND),,0,Not Specified
253,201,Individual,11411,"Walsh, Marian",2/13/2001,TRULL,DAVID J.,106 CLIFF ROAD,WELLESLEY,MA,02482,100.0,,,,0,2001 Year-end Report (ND),,0,Not Specified
254,201,Individual,11411,"Walsh, Marian",2/13/2001,WALL,SHARON A.,15 BUCKBOARD DRIVE,WALPOLE,MA,02071,100.0,,,,0,2001 Year-end Report (ND),,0,Not Specified
255,201,Individual,11411,"Walsh, Marian",2/13/2001,WALSH,DIANE M.,378 POND STREET,WESTWOOD,MA,02090,100.0,,,,0,2001 Year-end Report (ND),,0,Not Specified
256,201,Individual,11411,"Walsh, Marian",2/13/2001,WHITE,CAROLE A.,12 RUSKIN ROAD,WEST ROXBURY,MA,02132,100.0,R.E. BROKER,SELF-EMPLOYED,,0,2001 Year-end Report (ND),,0,Not Specified
257,201,Individual,11411,"Walsh, Marian",2/13/2001,WHITE,ROBERT,370 OCEAN AVENUE,REVERE,MA,02151,100.0,LOBBYIST,ROBERT WHITE ASSOCIATES,,0,2001 Year-end Report (ND),,0,Not Specified
258,201,Individual,11411,"Walsh, Marian",2/13/2001,WHITE,ROBERT,370 OCEAN AVENUE,REVERE,MA,02151,100.0,LOBBYIST,ROBERT WHITE ASSOCIATES,,0,2001 Year-end Report (ND),,0,Not Specified
259,201,Individual,11411,"Walsh, Marian",2/13/2001,WHITE,W. PAUL,16 Cedar Hill Road,Dover,MA,02030,100.0,,,,0,2001 Year-end Report (ND),,0,Not Specified
260,201,Individual,11411,"Walsh, Marian",2/13/2001,WILSON,GARY D.,48 Winfield Street,Norwood,MA,02062,100.0,,,,0,2001 Year-end Report (ND),,0,Not Specified
261,201,Individual,11411,"Walsh, Marian",2/13/2001,YESSAYAN,RAFFI N.,352 WEST MAIN STREET,AVON,MA,02322,100.0,,,,0,2001 Year-end Report (ND),,0,Not Specified
262,201,Individual,11411,"Walsh, Marian",2/13/2001,YOUNG,SARAH A.,132 BEACONSFIELD ROAD,BROOKLINE,MA,02146,200.0,ADMIN. ASSIST.,STATE STREET BANK,,0,2001 Year-end Report (ND),,0,Not Specified
263,201,Individual,11411,"Walsh, Marian",2/13/2001,MORRIS,JAMES T.,21 McCALL ROAD,WINCHESTER,MA,02460,200.0,ATTORNEY,QUINN & MORRIS,,0,2001 Year-end Report (ND),,0,Not Specified
264,201,Individual,11411,"Walsh, Marian",2/13/2001,GORHAM,MARTIN F.,35 Alleyne Street,West Roxbury,MA,02132,100.0,,,,0,2001 Year-end Report (ND),,0,Not Specified
265,201,Individual,12791,"Stanley, Harriett L.",2/13/2001,Bartlett,James R.,672 Chestnut Street,Lynnfield,MA,01940,500.0,CEO,ZBR Publications,,0,2001 Year-end Report (ND),,0,Not Specified
266,201,Individual,12791,"Stanley, Harriett L.",2/13/2001,Outhouse,David S.,84 Woodman Road,South Hampton,NH,03827,100.0,,,,0,2001 Year-end Report (ND),,0,Not Specified
267,201,Individual,10106,"Correia, Robert",2/14/2001,Courey,W. Robert,P.O. Box 770,Cataumet,MA,02534,500.0,letter sent see attached,,,0,2001 Year-end Report (ND),,0,Not Specified
268,201,Individual,10106,"Correia, Robert",2/14/2001,"White, Ralph",Retired Publ. Employees Comm.,"11 Beacon Street, Suite 309",Boston,MA,02108,500.0,CPF# 80153Y,,,0,2001 Year-end Report (ND),,0,Not Specified
269,201,Individual,10106,"Correia, Robert",2/14/2001,Bourland,H. Lawrence,160 Cheshire Road,Wallingford,CT,02492,125.0,retired,,,0,2001 Year-end Report (ND),,0,Not Specified
270,201,Individual,10106,"Correia, Robert",2/14/2001,"Aguiar, O.D.",Louis,12 S. Sixth Street,New Bedford,MA,02740,125.0,,,,0,2001 Year-end Report (ND),,0,Not Specified
271,201,Individual,10106,"Correia, Robert",2/14/2001,Squillante,Gregory,67 GAR Highway,Swansea,MA,02777,250.0,lawyer,"G. Squillante, Esquire",,0,2001 Year-end Report (ND),,0,Not Specified
272,201,Individual,10106,"Correia, Robert",2/14/2001,Millen,Robert,1 Rdigewood Lane,Marion,MA,02738,125.0,,,,0,2001 Year-end Report (ND),,0,Not Specified
273,201,Individual,10106,"Correia, Robert",2/14/2001,Turgeon,Sheryl,2243 Highland Ave.,Fall River,MA,02720,125.0,,,,0,2001 Year-end Report (ND),,0,Not Specified
274,201,Individual,10106,"Correia, Robert",2/14/2001,Squillante,Gregory,67 GAR Highway,Swansea,MA,02777,250.0,lawyer,"G. Squillante, Esquire",,0,2001 Year-end Report (ND),,0,Not Specified
275,201,Individual,12557,"O'Brien, Thomas J.",2/14/2001,Cravenho,George,277 Grove Street,Kingston,MA,02364,300.0,Retailer,Factory Shoe Mart,,0,2001 Year-end Report (ND),,0,Not Specified
276,201,Individual,11421,"Brewer, Stephen M.",2/15/2001,Ziff,Margaret,66 West Brookfield Road,New Braintree,MA,01531,50.0,,,,0,2001 Year-end Report (ND),,0,Not Specified
277,201,Individual,10106,"Correia, Robert",2/15/2001,Read,Dennis,P.O. Box 2571,Fall River,MA,02720,500.0,insurance broker,Read Ins. & Financial Serv.,,0,2001 Year-end Report (ND),,0,Not Specified
278,201,Individual,10106,"Correia, Robert",2/15/2001,Mitchell,John,312 Florence Street,Fall River,MA,02720,125.0,,,,0,2001 Year-end Report (ND),,0,Not Specified
279,201,Individual,10106,"Correia, Robert",2/15/2001,Tawa,E.,86 Reading Street,Fall River,MA,02720,125.0,,,,0,2001 Year-end Report (ND),,0,Not Specified
280,201,Individual,10106,"Correia, Robert",2/15/2001,IUOE Loc. 4 PAC,,120 Mt. Hope Street,Roslindale,MA,02131,250.0,,,,0,2001 Year-end Report (ND),,0,Not Specified
281,201,Individual,12791,"Stanley, Harriett L.",2/15/2001,Sargent,Robert R.,82 Bear Hill Road,Merrimac,MA,01860,100.0,,,,0,2001 Year-end Report (ND),,0,Not Specified
282,201,Individual,12791,"Stanley, Harriett L.",2/15/2001,Amari,Dr. Samuel J.,89-93 Kenoza Avenue,Haverhill,MA,01830,125.0,,,,0,2001 Year-end Report (ND),,0,Not Specified
283,201,Individual,10106,"Correia, Robert",2/16/2001,Vieira,Antonio,809 Sodom Road,Westport,MA,02790,125.0,,,,0,2001 Year-end Report (ND),,0,Not Specified
284,201,Individual,10106,"Correia, Robert",2/16/2001,Keyes,David,111 Alsada Road,Swansea,MA,02777,125.0,,,,0,2001 Year-end Report (ND),,0,Not Specified
285,201,Individual,10315,"Moore, Richard T.",2/16/2001,SEIU MA State Council,,"145 Tremont Street, #202",Boston,MA,02111,500.0,,,,0,2001 Year-end Report (ND),,0,Not Specified
286,201,Individual,13537,"Blumer (deceased), Deborah D.",2/16/2001,Hollerorth,Hugo and Holly,3 Patton Dr,Natick,MA,01760,100.0,,,,0,2001 Year-end Report (ND),,0,Not Specified
287,201,Individual,10106,"Correia, Robert",2/17/2001,Silva,Liberal,158 Plain Street,Fall River,MA,02723,125.0,,,,0,2001 Year-end Report (ND),,0,Not Specified
288,201,Individual,10106,"Correia, Robert",2/17/2001,Curry,Thomas,4 Bay Point Road,Swansea,MA,02777,125.0,,,,0,2001 Year-end Report (ND),,0,Not Specified
289,201,Individual,12119,"Quinn, John F.",2/17/2001,Armstrong,Maureen,131 Elm St.,Dartmouth,MA,02748,60.0,,,,0,2001 Year-end Report (ND),,0,Not Specified
290,201,Individual,11783,"Sprague, Jo Ann",2/17/2001,Cooney,Christopher B.,205 Newbury Avenue,Quincy,MA,02171,100.0,,,,0,2001 Year-end Report (ND),,0,Not Specified
291,201,Individual,10106,"Correia, Robert",2/18/2001,Aguiar,Leonard,26 Francis Street,Fall River,MA,02724,250.0,principal,F.R. School Dept,,0,2001 Year-end Report (ND),,0,Not Specified
292,201,Individual,12119,"Quinn, John F.",2/19/2001,Flanagan,Carol,13 Sagamore Dr.,Dartmouth,MA,02748,90.0,,,,0,2001 Year-end Report (ND),,0,Not Specified
293,201,Individual,12791,"Stanley, Harriett L.",2/19/2001,Rogers,Elizabeth,133 Neck Road,Ward Hill,MA,01835,100.0,,,,0,2001 Year-end Report (ND),,0,Not Specified
294,201,Individual,12791,"Stanley, Harriett L.",2/20/2001,Eagle,Frances,276 Massapoag Road,Tyngsborough,MA,01879,125.0,,,,0,2001 Year-end Report (ND),,0,Not Specified
295,201,Individual,12119,"Quinn, John F.",2/20/2001,Xifaras,Margaret,34 Piney Point Rd.,Marion,MA,02738,100.0,Attorney,"Lang, Xifaras & Bullard",,0,2001 Year-end Report (ND),,0,Not Specified
296,201,Individual,10106,"Correia, Robert",2/20/2001,Nasser,Bassem,120 Highcrest Road,Fall River,MA,02720,500.0,physician,Prima Care,,0,2001 Year-end Report (ND),,0,Not Specified
297,201,Individual,10106,"Correia, Robert",2/20/2001,Hague,Raymond,30 Detroit Street,Fall River,MA,02721,125.0,,,,0,2001 Year-end Report (ND),,0,Not Specified
298,201,Individual,10106,"Correia, Robert",2/20/2001,Tavares,James,314 Charles Street,Fall River,MA,02724,100.0,,,,0,2001 Year-end Report (ND),,0,Not Specified
299,201,Individual,10025,"Berry, Frederick E.",2/20/2001,Berry,Frederick E.,Keefe Hall #10/210 Washington Street,Peabody,MA,01960,350.0,1-2/01 Vehicle Lease,,,0,2001 Year-end Report (ND),,0,Not Specified
300,201,Individual,10106,"Correia, Robert",2/20/2001,Pasternak,Thomas,202 Rock Street,Fall River,MA,02720,375.0,pharmacist,Walsh Pharmacy,,0,2001 Year-end Report (ND),,0,Not Specified
301,201,Individual,10106,"Correia, Robert",2/20/2001,Butterick,James,"700 Shore Dr.,#804",Fall River,MA,02720,125.0,,,,0,2001 Year-end Report (ND),,0,Not Specified
302,201,Individual,10106,"Correia, Robert",2/20/2001,MA Police PAC 80288,,42 Pilgrim Road,Medford,MA,02155,500.0,,,,0,2001 Year-end Report (ND),,0,Not Specified
303,201,Individual,10106,"Correia, Robert",2/21/2001,Flores,Arthur,69 Napoleon St.,Fall River,MA,02720,250.0,owner,Art & John's Auto Sales,,0,2001 Year-end Report (ND),,0,Not Specified
304,201,Individual,10106,"Correia, Robert",2/21/2001,Cote,Raymond,60 Rowley Street,Swansea,MA,02777,250.0,controller,Tillotson Corp.,,0,2001 Year-end Report (ND),,0,Not Specified
305,201,Individual,10106,"Correia, Robert",2/21/2001,Goodspeed,Ronald,"700 Shore Dr.,#1202",Fall River,MA,02721,250.0,physician,Charlton Hospital,,0,2001 Year-end Report (ND),,0,Not Specified
306,201,Individual,10106,"Correia, Robert",2/21/2001,Liggin,Marcia,208 Sodom Road,Westport,MA,02790,125.0,,,,0,2001 Year-end Report (ND),,0,Not Specified
307,201,Individual,10106,"Correia, Robert",2/21/2001,Prof. Fire Fighters of MA,,"130 Bowdoin St., Ste.710",Boston,MA,02108,250.0,#80374,,,0,2001 Year-end Report (ND),,0,Not Specified
308,201,Individual,10106,"Correia, Robert",2/21/2001,Bishins,Paul,,,MA,,250.0,,,,0,2001 Year-end Report (ND),,0,Not Specified
309,201,Individual,10106,"Correia, Robert",2/21/2001,Abreu,James,57 Horton Street,Fall River,MA,02720,125.0,social worker,Dept. Mental Health,,0,2001 Year-end Report (ND),,0,Not Specified
310,201,Individual,12119,"Quinn, John F.",2/21/2001,Mills,Carol,540 Berkley St.,Berkley,MA,02779,60.0,,,,0,2001 Year-end Report (ND),,0,Not Specified
311,201,Individual,12791,"Stanley, Harriett L.",2/21/2001,Edwards,Marylou Buyse,Box 279,Dover,MA,02030,125.0,,,,0,2001 Year-end Report (ND),,0,Not Specified
312,201,Individual,12791,"Stanley, Harriett L.",2/21/2001,Ettlinger,Roy,937 Dedham Street,Newton,MA,02459,125.0,,,,0,2001 Year-end Report (ND),,0,Not Specified
313,201,Individual,12791,"Stanley, Harriett L.",2/21/2001,Bernard,Lynda M.,493 Weld Street,West Roxbury,MA,02132,200.0,Legislative Agent,Cassidy & Associates,,0,2001 Year-end Report (ND),,0,Not Specified
314,201,Individual,12791,"Stanley, Harriett L.",2/22/2001,Burke,Edward L.,130 Parker Road,Framingham,MA,01702,125.0,,,,0,2001 Year-end Report (ND),,0,Not Specified
315,201,Individual,12791,"Stanley, Harriett L.",2/22/2001,Colton,Deborah G.,15 Colman Street,Newton,MA,02465,125.0,,,,0,2001 Year-end Report (ND),,0,Not Specified
316,201,Individual,10106,"Correia, Robert",2/22/2001,Mezitt,R.  Wayne,25 Phipps Street,Hopkinton,MA,01748,100.0,,,,0,2001 Year-end Report (ND),,0,Not Specified
317,201,Individual,10106,"Correia, Robert",2/22/2001,Matheson,Frank,591  Great Road,Littleton,MA,01460,100.0,,,,0,2001 Year-end Report (ND),,0,Not Specified
318,201,Individual,10106,"Correia, Robert",2/22/2001,Kappas,Shirley,1353 Robeson Street,Fall River,MA,02720,125.0,,,,0,2001 Year-end Report (ND),,0,Not Specified
319,201,Individual,10106,"Correia, Robert",2/22/2001,Schnure,Frederick,32 Main Street,Mattapoisett,MA,02739,500.0,letter sent see attached,,,0,2001 Year-end Report (ND),,0,Not Specified
320,201,Individual,10106,"Correia, Robert",2/22/2001,Marshall,Joseph,323 Kenyon Street,Fall River,MA,02720,250.0,president,J Marshall Associates,,0,2001 Year-end Report (ND),,0,Not Specified
321,201,Individual,10106,"Correia, Robert",2/22/2001,Souza,Cheryl,37 St. James St.,Fall River,MA,02720,250.0,hairdresser,Main Attractions,,0,2001 Year-end Report (ND),,0,Not Specified
322,201,Individual,10106,"Correia, Robert",2/22/2001,Melo,Jennifer,864 Woodman Street,Fall River,MA,02724,250.0,letter sent see attached,,,0,2001 Year-end Report (ND),,0,Not Specified
323,201,Individual,10106,"Correia, Robert",2/22/2001,Cummings,Catherine,70 Barnes Street,Providence,RI,02906,125.0,homemaker,,,0,2001 Year-end Report (ND),,0,Not Specified
324,201,Individual,10106,"Correia, Robert",2/22/2001,Vincelette,Paul,27 Kane Street,Fall River,MA,02720,125.0,,,,0,2001 Year-end Report (ND),,0,Not Specified
325,201,Individual,10106,"Correia, Robert",2/22/2001,Gaudette,M. Earle,38 Gaudette Drive,Fall River,MA,02720,125.0,,,,0,2001 Year-end Report (ND),,0,Not Specified
326,201,Individual,10106,"Correia, Robert",2/23/2001,Pina,Sheila,600 Rockdale Ave.,New Bedford,MA,02742,125.0,,,,0,2001 Year-end Report (ND),,0,Not Specified
327,201,Individual,10106,"Correia, Robert",2/23/2001,Karam,James,P.O. Box 2516,Fall River,MA,02720,250.0,president,Jkaram Management Inc.,,0,2001 Year-end Report (ND),,0,Not Specified
328,201,Individual,10106,"Correia, Robert",2/23/2001,Wilson,Alton,784 C Reed Road,N. Dartmouth,MA,02747,125.0,,,,0,2001 Year-end Report (ND),,0,Not Specified
329,201,Individual,10106,"Correia, Robert",2/23/2001,Pelletier,Leo,323 Peckham Street,Fall River,MA,02720,50.0,,,,0,2001 Year-end Report (ND),,0,Not Specified
330,201,Individual,10106,"Correia, Robert",2/23/2001,Reis,Peter,665 Woodman Street,Fall River,MA,02724,125.0,,,,0,2001 Year-end Report (ND),,0,Not Specified
331,201,Individual,10106,"Correia, Robert",2/23/2001,Marchand,Robert,Winter Street,Fall River,MA,02720,125.0,attorney,Robert J. Marchand Atty. At Law,,0,2001 Year-end Report (ND),,0,Not Specified
332,201,Individual,10106,"Correia, Robert",2/23/2001,Silvia,Alan,684 Woodman Street,Fall River,MA,02720,125.0,,,,0,2001 Year-end Report (ND),,0,Not Specified
333,201,Individual,10106,"Correia, Robert",2/23/2001,Canavarros,Lenore,31 Joanne Drive,Marion,MA,02738,125.0,,,,0,2001 Year-end Report (ND),,0,Not Specified
334,201,Individual,12791,"Stanley, Harriett L.",2/23/2001,Fleming,F. Jeffrey,Two Park Plaza - Ste. 205,Boston,MA,02116,200.0,Legislative Agent,"Shanley, Fleming",,0,2001 Year-end Report (ND),,0,Not Specified
335,201,Individual,12119,"Quinn, John F.",2/23/2001,Lima,Judith,60 Ryder St.,Dartmouth,MA,02747,60.0,,,,0,2001 Year-end Report (ND),,0,Not Specified
336,201,Individual,10106,"Correia, Robert",2/24/2001,Kobrin,Kennard,210 Rock Street,Fall River,MA,02720,125.0,phychiatrist,"Kennard C. Kobrin, M.D.",,0,2001 Year-end Report (ND),,0,Not Specified
337,201,Individual,10106,"Correia, Robert",2/24/2001,Long,Stephen,1147 Meridian Street,Fall River,MA,02720,250.0,ins. Broker,Long & Parent Ins.,,0,2001 Year-end Report (ND),,0,Not Specified
338,201,Individual,10315,"Moore, Richard T.",2/24/2001,Casale,Paul T.,"P.O. Box 143, 73 Captains Hill Road",Duxbury,MA,02332,250.0,Vice President,Welch Healthcare & Retirement Group,,0,2001 Year-end Report (ND),,0,Not Specified
339,201,Individual,10106,"Correia, Robert",2/25/2001,Arruda,Richard,124 Lewis Street,Fall River,MA,02724,125.0,,,,0,2001 Year-end Report (ND),,0,Not Specified
340,201,Individual,10106,"Correia, Robert",2/25/2001,Puscizna,Stephen,122 Hailes Hill Rd.,Swansea,MA,02777,125.0,,,,0,2001 Year-end Report (ND),,0,Not Specified
341,201,Individual,10106,"Correia, Robert",2/26/2001,O'Connor,Ronald,P.O. Box 72,Westport,MA,02790,125.0,,,,0,2001 Year-end Report (ND),,0,Not Specified
342,201,Individual,10106,"Correia, Robert",2/26/2001,Lees,Albert,,Westport,MA,02790,500.0,owner,Lees Market,,0,2001 Year-end Report (ND),,0,Not Specified
343,201,Individual,10106,"Correia, Robert",2/26/2001,Silva,Edmund,P.O. Box 403,Somerset,MA,02726,375.0,Purchaser,Diman Reg. Tech. High School,,0,2001 Year-end Report (ND),,0,Not Specified
344,201,Individual,10106,"Correia, Robert",2/26/2001,Reis,Derek,62 Robert Street,Westport,MA,02790,125.0,,,,0,2001 Year-end Report (ND),,0,Not Specified
345,201,Individual,10106,"Correia, Robert",2/26/2001,Soares,Horacio,"P.O. Box 6364, So. Station",Fall River,MA,02720,250.0,owner,Lusitano Restaurant,,0,2001 Year-end Report (ND),,0,Not Specified
346,201,Individual,10106,"Correia, Robert",2/26/2001,DeJesus,John,204 Centre St.,Somerset,MA,02726,250.0,probation officer,Probate & Family Court,,0,2001 Year-end Report (ND),,0,Not Specified
347,201,Individual,10106,"Correia, Robert",2/26/2001,Penacho,Maria,34 Forsythia Lane,Westport,MA,02790,250.0,homemaker,,,0,2001 Year-end Report (ND),,0,Not Specified
348,201,Individual,10106,"Correia, Robert",2/26/2001,Faria,Lisa,711 Cambridge Street,Fall River,MA,02721,250.0,Teacher,F.R.  School Dept.,,0,2001 Year-end Report (ND),,0,Not Specified
349,201,Individual,10106,"Correia, Robert",2/26/2001,Silva,John,30 Cross Street,Somerset,MA,02726,125.0,,,,0,2001 Year-end Report (ND),,0,Not Specified
350,201,Individual,10106,"Correia, Robert",2/26/2001,Bogan,Robert,944 Gardner Neck Rd,Swansea,MA,02777,250.0,manager,Tillotson Corp.,,0,2001 Year-end Report (ND),,0,Not Specified
351,201,Individual,10106,"Correia, Robert",2/26/2001,Friar,John,537 Montgomery Street,Fall River,MA,02720,125.0,,,,0,2001 Year-end Report (ND),,0,Not Specified
352,201,Individual,10106,"Correia, Robert",2/26/2001,Benevides,Carol,1316 Locust Street,Fall River,MA,02723,250.0,letter sent see attached,,,0,2001 Year-end Report (ND),,0,Not Specified
353,201,Individual,10106,"Correia, Robert",2/26/2001,Long,John Patrick,"2042 Main Road, Box 75",Westport Point,MA,02791,250.0,attorney,J.P.Long Esq.,,0,2001 Year-end Report (ND),,0,Not Specified
354,201,Individual,10106,"Correia, Robert",2/26/2001,Cashman,Jay,315 Dartmouth Street,Boston,MA,02116,500.0,Owner,Cashman Construction,,0,2001 Year-end Report (ND),,0,Not Specified
355,201,Individual,10106,"Correia, Robert",2/26/2001,Harb,J.E.,784 Main Road,Westport,MA,02790,125.0,,,,0,2001 Year-end Report (ND),,0,Not Specified
356,201,Individual,10106,"Correia, Robert",2/26/2001,Corbishley,John,31 Poppasquash Road,Bristol,RI,02809,125.0,,,,0,2001 Year-end Report (ND),,0,Not Specified
357,201,Individual,10106,"Correia, Robert",2/26/2001,Mateus,Richard,109 Angus Street,Somerset,MA,02726,500.0,Chief Operat.Officer,"Prima Care, Inc.",,0,2001 Year-end Report (ND),,0,Not Specified
358,201,Individual,10106,"Correia, Robert",2/26/2001,Mendes,Rui,20 Highbridge Rd,Westport,MA,02790,125.0,,,,0,2001 Year-end Report (ND),,0,Not Specified
359,201,Individual,10106,"Correia, Robert",2/26/2001,Mouded,Majed,111 Pontiac Road,Somerset,MA,02726,250.0,physician,Prima Care,,0,2001 Year-end Report (ND),,0,Not Specified
360,201,Individual,10106,"Correia, Robert",2/26/2001,Grant,Joseph M.,"130 Bowdoin St.,Suite 1701",Boston,MA,02108,200.0,legis.agent,,,0,2001 Year-end Report (ND),,0,Not Specified
361,201,Individual,10106,"Correia, Robert",2/26/2001,Aube,Adrien,P.O. Box 458,Mattapoisett,MA,02739,125.0,,,,0,2001 Year-end Report (ND),,0,Not Specified
362,201,Individual,10106,"Correia, Robert",2/26/2001,DaPonte,Kevin,248 Prescott Drive,Somerset,MA,02726,125.0,,,,0,2001 Year-end Report (ND),,0,Not Specified
363,201,Individual,10106,"Correia, Robert",2/26/2001,Rezendes,Kenneth,3 Sammys Lane,Assonet,MA,02702,500.0,owner,KR Rezendes,,0,2001 Year-end Report (ND),,0,Not Specified
364,201,Individual,10025,"Berry, Frederick E.",2/26/2001,Darling,John E.,25 Burnham Road,Wenham,MA,01984,125.0,Attorney,"Serafini, Serafini, & Darling",,0,2001 Year-end Report (ND),,0,Not Specified
365,201,Individual,10025,"Berry, Frederick E.",2/26/2001,DeLorenzo,Joseph A.,692 Cabot Street,Beverly,MA,01915,125.0,Owner,Danversport Yacht Club,,0,2001 Year-end Report (ND),,0,Not Specified
366,201,Individual,10025,"Berry, Frederick E.",2/26/2001,DiGravio,Lucille,25 Janet Road,Quincy,MA,02170,125.0,Teacher,Boston Public Schools,,0,2001 Year-end Report (ND),,0,Not Specified
367,201,Individual,10025,"Berry, Frederick E.",2/26/2001,Flanagan,James R.,"175 Derby Street, Suite 4",Hingham,MA,02043-4021,125.0,President,Flanagan Company,,0,2001 Year-end Report (ND),,0,Not Specified
368,201,Individual,10025,"Berry, Frederick E.",2/26/2001,Harrington,Kevin B.,21 Fairview Road,Salem,MA,01970,125.0,Lobbyist,,,0,2001 Year-end Report (ND),,0,Not Specified
369,201,Individual,10025,"Berry, Frederick E.",2/26/2001,"Henry, Jr.",Edward J.,46 Moynihan Road,Hamilton,MA,01936,125.0,Teacher,Shawsheen Tech,,0,2001 Year-end Report (ND),,0,Not Specified
370,201,Individual,10025,"Berry, Frederick E.",2/26/2001,Keating,Paul F.,111 Allen Avenue,Falmouth,MA,02540,125.0,CPA,"Paul F. Keating, Certified Public Accountant",,0,2001 Year-end Report (ND),,0,Not Specified
371,201,Individual,10025,"Berry, Frederick E.",2/26/2001,Lappin,Robert I.,60 Littles Point,Swampscott,MA,01907,125.0,,,,0,2001 Year-end Report (ND),,0,Not Specified
372,201,Individual,10025,"Berry, Frederick E.",2/26/2001,Leduc,Ralph W.,25 Meadow Drive,Middleton,MA,01949,125.0,Development Coordinator,Bishop Fenwick High School,,0,2001 Year-end Report (ND),,0,Not Specified
373,201,Individual,10025,"Berry, Frederick E.",2/26/2001,Lukowski,Stanley J.,30 Towne Lane,Topsfield,MA,01983,125.0,President,Eastern Bank,,0,2001 Year-end Report (ND),,0,Not Specified
374,201,Individual,10025,"Berry, Frederick E.",2/26/2001,"McCarthy, Jr.",John F.,1 Pierce Road,Peabody,MA,01960,125.0,Insurance Agent,BK McCarthy Insurance,,0,2001 Year-end Report (ND),,0,Not Specified
375,201,Individual,10025,"Berry, Frederick E.",2/26/2001,Milano,Joseph A.,9 Orchard Lane,Lynnfield,MA,01940,125.0,President,Union Oyster House,,0,2001 Year-end Report (ND),,0,Not Specified
376,201,Individual,10025,"Berry, Frederick E.",2/26/2001,Patten,Bruce A.,P.O. Box 2913,Peabody,MA,01961,125.0,Retired,,,0,2001 Year-end Report (ND),,0,Not Specified
377,201,Individual,10025,"Berry, Frederick E.",2/26/2001,Pino,Ralph,46 Middle Street,Gloucester,MA,01930,125.0,Attorney,Pino & Shea,,0,2001 Year-end Report (ND),,0,Not Specified
378,201,Individual,10025,"Berry, Frederick E.",2/26/2001,Purcell,Michael C.,89 Dennison Avenue,Swampscott,MA,01907,125.0,Auctioneer,1-A Restaurant Traders,,0,2001 Year-end Report (ND),,0,Not Specified
379,201,Individual,10025,"Berry, Frederick E.",2/26/2001,Rabchenuk,Paul Thomas,37 Glendale Road,Marblehead,MA,01945,125.0,Attorney,Rabchenuk Law Offices,,0,2001 Year-end Report (ND),,0,Not Specified
380,201,Individual,10025,"Berry, Frederick E.",2/26/2001,Regas,Thomas C.,2 Trofin Lane,Peabody,MA,01960,125.0,Maintenance Supervisor,City of Peabody,,0,2001 Year-end Report (ND),,0,Not Specified
381,201,Individual,10025,"Berry, Frederick E.",2/26/2001,Ring Brown,Susan E.,"7 Emerton Street, #1",Salem,MA,01970,125.0,Development Coordinator,EMARC,,0,2001 Year-end Report (ND),,0,Not Specified
382,201,Individual,10025,"Berry, Frederick E.",2/26/2001,Selby,Robert M.,38 Phillips Beach Avenue,Swampscott,MA,01907,125.0,President,Kappy's Liquors,,0,2001 Year-end Report (ND),,0,Not Specified
383,201,Individual,10025,"Berry, Frederick E.",2/26/2001,Shea,James,45 Dearborn Street,Salem,MA,01970,125.0,CEO,"Professional Roofing, Inc.",,0,2001 Year-end Report (ND),,0,Not Specified
384,201,Individual,10025,"Berry, Frederick E.",2/26/2001,Shea,Michael C.,186 R South Street,Rockport,MA,01966,125.0,Attorney,Pino & Shea,,0,2001 Year-end Report (ND),,0,Not Specified
385,201,Individual,10025,"Berry, Frederick E.",2/26/2001,Twomey,William L.,3202 Woodbridge Road,Peabody,MA,01960,125.0,,Rainbow Nursing Center,,0,2001 Year-end Report (ND),,0,Not Specified
386,201,Individual,10025,"Berry, Frederick E.",2/26/2001,Williams,Alice A.,3 Cleveland Road,Salem,MA,01970,125.0,,MBTA,,0,2001 Year-end Report (ND),,0,Not Specified
387,201,Individual,10025,"Berry, Frederick E.",2/26/2001,Milo,Elaine F.,181 Marlborough Street,Salem,MA,01970,250.0,Grants Coordinator,Salem State College,,0,2001 Year-end Report (ND),,0,Not Specified
388,201,Individual,10025,"Berry, Frederick E.",2/26/2001,Cummings,William S.,4 Fernway,Winchester,MA,01890-3709,500.0,President,"Cummings Properties, LLC",,0,2001 Year-end Report (ND),,0,Not Specified
389,201,Individual,10025,"Berry, Frederick E.",2/26/2001,Bircher,Judith A.,7 Piedmont Street,Salem,MA,01970,20.0,,,,0,2001 Year-end Report (ND),,0,Not Specified
390,201,Individual,10025,"Berry, Frederick E.",2/26/2001,Callahan,William T.,51 North Shore Avenue,Danvers,MA,01923,25.0,,,,0,2001 Year-end Report (ND),,0,Not Specified
391,201,Individual,10025,"Berry, Frederick E.",2/26/2001,Delaney,Joseph D.,1 Orchard Terrace,Peabody,MA,01960,25.0,Retired,,,0,2001 Year-end Report (ND),,0,Not Specified
392,201,Individual,10025,"Berry, Frederick E.",2/26/2001,White,James C.,105 Abington Road,Danvers,MA,01923,25.0,Associate Probation Officer,Commonwealth of MA,,0,2001 Year-end Report (ND),,0,Not Specified
393,201,Individual,10025,"Berry, Frederick E.",2/26/2001,Bates-Palardy,Jennifer,87-87 Hull Street,Beverly,MA,01915,50.0,Teacher,Swampscott Public Schools,,0,2001 Year-end Report (ND),,0,Not Specified
394,201,Individual,10025,"Berry, Frederick E.",2/26/2001,McCauley,Donald F.,18 Clark Road,Peabody,MA,01960,50.0,Retired,,,0,2001 Year-end Report (ND),,0,Not Specified
395,201,Individual,10025,"Berry, Frederick E.",2/26/2001,"O'Leary, Jr.",Dr. Edward J.,129 Lynn Street,Peabody,MA,01960,50.0,Dentist,"Edward J. O'Leary, DDS",,0,2001 Year-end Report (ND),,0,Not Specified
396,201,Individual,10025,"Berry, Frederick E.",2/26/2001,Splaine,Attorney Michael J.,160 Dayton Street,Danvers,MA,01923,50.0,,,,0,2001 Year-end Report (ND),,0,Not Specified
397,201,Individual,10025,"Berry, Frederick E.",2/26/2001,"Yanco, Esquire",Glen,29 LeBlanc Drive,Peabody,MA,01960,50.0,Attorney,"Glen Yanco, Esq.",,0,2001 Year-end Report (ND),,0,Not Specified
398,201,Individual,10025,"Berry, Frederick E.",2/26/2001,Gordon,Dr. Gregory J.,76 1/2 Federal Street,Salem,MA,01970,100.0,Chiropractor,Dr. Gregory J. Gordon,,0,2001 Year-end Report (ND),,0,Not Specified
399,201,Individual,10025,"Berry, Frederick E.",2/26/2001,Jones,Theodore C.,28 Bartholomew Terrace,Peabody,MA,01960,100.0,Owner,Century House Restaurant,,0,2001 Year-end Report (ND),,0,Not Specified
400,201,Individual,10025,"Berry, Frederick E.",2/26/2001,"Serafini, Jr.",John R.,63 Federal Street,Salem,MA,01970,100.0,Attorney,Serafini & Serafini,,0,2001 Year-end Report (ND),,0,Not Specified
401,201,Individual,10025,"Berry, Frederick E.",2/26/2001,Spiliotis,William P.,"13B Sabino Farms Road, #2",Peabody,MA,01960,100.0,Lab Inspector,MA Highway Department,,0,2001 Year-end Report (ND),,0,Not Specified
402,201,Individual,10025,"Berry, Frederick E.",2/26/2001,Tatelman,Richard,50 Prince Street,Danvers,MA,01923,100.0,Executive,Merrimack Valley Distributing Co.,,0,2001 Year-end Report (ND),,0,Not Specified
403,201,Individual,10025,"Berry, Frederick E.",2/26/2001,Van Almkerk,Paul,19 Skytop Road,Ipswich,MA,01938,100.0,,,,0,2001 Year-end Report (ND),,0,Not Specified
404,201,Individual,10025,"Berry, Frederick E.",2/26/2001,Bane,Richard C.,28 Essex Street,Lynn,MA,01902,125.0,President,Bane Skilled Care Residences,,0,2001 Year-end Report (ND),,0,Not Specified
405,201,Individual,10025,"Berry, Frederick E.",2/26/2001,Barrett,David M.,3 Buttonwood Drive,Andover,MA,01810,125.0,CEO,Lahey Clinic,,0,2001 Year-end Report (ND),,0,Not Specified
406,201,Individual,10025,"Berry, Frederick E.",2/26/2001,Berry,Ralph F.,3 Chase Street,Salem,MA,01970,125.0,Manager,Salem State College,,0,2001 Year-end Report (ND),,0,Not Specified
407,201,Individual,10025,"Berry, Frederick E.",2/26/2001,Bradshaw,John F.,P.O. Box 5608/JFK Station,Boston,MA,02114,125.0,Administrator,Gilbane,,0,2001 Year-end Report (ND),,0,Not Specified
408,201,Individual,10025,"Berry, Frederick E.",2/26/2001,Burton,Wayne M.,106 Madbury Road,Durham,NH,03824,125.0,President,North Shore Community College,,0,2001 Year-end Report (ND),,0,Not Specified
409,201,Individual,10025,"Berry, Frederick E.",2/26/2001,Casey,Christopher T.,2 Homestead Road,Marblehead,MA,01945,125.0,,,,0,2001 Year-end Report (ND),,0,Not Specified
410,201,Individual,10025,"Berry, Frederick E.",2/26/2001,Cook,Oliver T.,12 Grove Street,Beverly,MA,01915,125.0,Attorney,"Pearl, McNiff, Crean, Cook, & Sheehan",,0,2001 Year-end Report (ND),,0,Not Specified
411,201,Individual,12791,"Stanley, Harriett L.",2/26/2001,Hollander,Ronald,15 Wamesit Road,Waban,MA,02468,200.0,President,MA Hospital Association,,0,2001 Year-end Report (ND),,0,Not Specified
412,201,Individual,12791,"Stanley, Harriett L.",2/26/2001,Donovan,Paul T.,82 Park Avenue,Newton,MA,02458,200.0,Legislative Agent,"Choate, Hall & Stewart",,0,2001 Year-end Report (ND),,0,Not Specified
413,201,Individual,12791,"Stanley, Harriett L.",2/26/2001,Armstrong,Gale L.,12 Brattle Court,Arlington,MA,02476,100.0,,,,0,2001 Year-end Report (ND),,0,Not Specified
414,201,Individual,12791,"Stanley, Harriett L.",2/26/2001,Campion,Charles M.,284 Dean Road,Brookline,MA,02146,125.0,,,,0,2001 Year-end Report (ND),,0,Not Specified
415,201,Individual,12791,"Stanley, Harriett L.",2/26/2001,Chianca,Anthony J.,64 St. Andrew Road,East Boston,MA,02128,100.0,,,,0,2001 Year-end Report (ND),,0,Not Specified
416,201,Individual,12791,"Stanley, Harriett L.",2/27/2001,Cataldo,Robert D.,29 Hammersmith Drive,Saugus,MA,01906,100.0,,,,0,2001 Year-end Report (ND),,0,Not Specified
417,201,Individual,12791,"Stanley, Harriett L.",2/27/2001,Connor,Brian J.,54 Claremont Avenue,Arlington,MA,02476,100.0,,,,0,2001 Year-end Report (ND),,0,Not Specified
418,201,Individual,13164,"Candaras, Gale D.",2/27/2001,Crowe,Elise,Putting Green Circle,Springfield,MA,01108,100.0,Retired,,,0,2001 Year-end Report (ND),,0,Not Specified
419,201,Individual,13164,"Candaras, Gale D.",2/27/2001,Crowe,James,Putting Green Circle,Springfield,MA,01108,100.0,Retired,,,0,2001 Year-end Report (ND),,0,Not Specified
420,201,Individual,12791,"Stanley, Harriett L.",2/27/2001,Bonsall,Jon,"dba Keegan, Werlin - 21 Custom House Street",Boston,MA,02110,125.0,,,,0,2001 Year-end Report (ND),,0,Not Specified
421,201,Individual,12791,"Stanley, Harriett L.",2/27/2001,Shanley,Vincent J.,2 Park Plaza - Ste. 205,Boston,MA,02116,200.0,Legislative Agent,"Shanley, Fleming",,0,2001 Year-end Report (ND),,0,Not Specified
422,201,Individual,12791,"Stanley, Harriett L.",2/27/2001,Smith,James E.,50 Congress Street - Ste. 600,Boston,MA,02108,200.0,Attorney,"Smith, Segal & Sowalsky",,0,2001 Year-end Report (ND),,0,Not Specified
423,201,Individual,12791,"Stanley, Harriett L.",2/27/2001,Davis,Kenneth A.,11 Hackensack Circle,Chestnut Hill,MA,02467,125.0,,,,0,2001 Year-end Report (ND),,0,Not Specified
424,201,Individual,12791,"Stanley, Harriett L.",2/27/2001,Driscoll,Sean R.,230 Massachusetts Avenue #8,Arlington,MA,02474,125.0,,,,0,2001 Year-end Report (ND),,0,Not Specified
425,201,Individual,12791,"Stanley, Harriett L.",2/27/2001,Grant,Joseph M.,130 Bowdoin Street - Ste. 1701,Boston,MA,02108,200.0,Legislative Agent,MA Medical Society,,0,2001 Year-end Report (ND),,0,Not Specified
426,201,Individual,12791,"Stanley, Harriett L.",2/27/2001,Matteodo,David,91 Lindbergh Avenue,Needham,MA,02192,125.0,,,,0,2001 Year-end Report (ND),,0,Not Specified
427,201,Individual,12791,"Stanley, Harriett L.",2/27/2001,King,Sean C.,49 Marlboro Street #3,Belmont,MA,02478,125.0,,,,0,2001 Year-end Report (ND),,0,Not Specified
428,201,Individual,10106,"Correia, Robert",2/27/2001,Costa,Abilio,1076 BedfordStreet,Fall River,MA,02723,125.0,,,,0,2001 Year-end Report (ND),,0,Not Specified
429,201,Individual,10106,"Correia, Robert",2/27/2001,Almeida,Alfred,373 Stafford Road,Fall River,MA,02720,125.0,funeral Director,Almeida & Sons Funeral Home,,0,2001 Year-end Report (ND),,0,Not Specified
430,201,Individual,10106,"Correia, Robert",2/27/2001,Tache,Roger,623 Pearce Street,Fall River,MA,02720,125.0,,,,0,2001 Year-end Report (ND),,0,Not Specified
431,201,Individual,10106,"Correia, Robert",2/27/2001,"Eccles, Jr.",W.R.,95 Carol Street,Somerset,MA,02726,125.0,,,,0,2001 Year-end Report (ND),,0,Not Specified
432,201,Individual,10106,"Correia, Robert",2/27/2001,Rezendes Jr.,Kenneth,P.O. Box 351,Assonet,MA,02702,250.0,owner,KR Rezendes,,0,2001 Year-end Report (ND),,0,Not Specified
433,201,Individual,10106,"Correia, Robert",2/27/2001,Ambroziak,Paul,184 Sawyer Ave.,Swansea,MA,02777,250.0,"letter sent,see attached",,,0,2001 Year-end Report (ND),,0,Not Specified
434,201,Individual,10106,"Correia, Robert",2/27/2001,Rousseau,Lorraine,30 Burt Street,Acushnet,MA,02743,125.0,,,,0,2001 Year-end Report (ND),,0,Not Specified
435,201,Individual,10106,"Correia, Robert",2/27/2001,Ravenscroft,Robert,31 Prospect Street,Fall River,MA,02720,125.0,,,,0,2001 Year-end Report (ND),,0,Not Specified
436,201,Individual,10106,"Correia, Robert",2/27/2001,Nunes,Manuel,487 Slade Street,Fall River,MA,02724,125.0,owner,NA Auto Sales,,0,2001 Year-end Report (ND),,0,Not Specified
437,201,Individual,10106,"Correia, Robert",2/27/2001,"Haley, Jr.",Robert,P.O. Box 361,Accord,MA,02018,125.0,,,,0,2001 Year-end Report (ND),,0,Not Specified
438,201,Individual,10106,"Correia, Robert",2/27/2001,Cummings,Ernest,224 Donald Avenue,Somerset,MA,02726,125.0,,,,0,2001 Year-end Report (ND),,0,Not Specified
439,201,Individual,10106,"Correia, Robert",2/27/2001,Stathis,William,74 Cliff Drive,Assonet,MA,02702,250.0,owner,Highland Spa,,0,2001 Year-end Report (ND),,0,Not Specified
440,201,Individual,10106,"Correia, Robert",2/27/2001,Christ,Nicholas,278 Woodlawn Street,Fall River,MA,02720,125.0,,,,0,2001 Year-end Report (ND),,0,Not Specified
441,201,Individual,10106,"Correia, Robert",2/27/2001,Ashmont,Gordon,187 New Boston Road,Fall River,MA,02720,125.0,,,,0,2001 Year-end Report (ND),,0,Not Specified
442,201,Individual,10106,"Correia, Robert",2/27/2001,Reilly,David,1029 Massachusetts Ave.,Lexington,MA,02421,125.0,President,Battlelship  Mass Committee,,0,2001 Year-end Report (ND),,0,Not Specified
443,201,Individual,10106,"Correia, Robert",2/27/2001,Mauretti,Gerald,41 Resevoir Street,Fall River,MA,02723,125.0,,,,0,2001 Year-end Report (ND),,0,Not Specified
444,201,Individual,10106,"Correia, Robert",2/27/2001,Karam,Robert,456 Rock Street,Fall River,MA,02720,500.0,president,Karam Financial Group,,0,2001 Year-end Report (ND),,0,Not Specified
445,201,Individual,10106,"Correia, Robert",2/27/2001,Cooper,Tracy,84 Smith Ave.,Somerset,MA,02726,125.0,,,,0,2001 Year-end Report (ND),,0,Not Specified
446,201,Individual,10106,"Correia, Robert",2/27/2001,Pettine,Louis,141 Woodlawn St.,Fall River,MA,02720,125.0,,,,0,2001 Year-end Report (ND),,0,Not Specified
447,201,Individual,10106,"Correia, Robert",2/27/2001,Corey,Brian,251 Bank Street,Fall River,MA,02720,125.0,,,,0,2001 Year-end Report (ND),,0,Not Specified
448,201,Individual,10106,"Correia, Robert",2/27/2001,Gettings,Brian,64 Renwood Street,Fall River,MA,02720,125.0,,,,0,2001 Year-end Report (ND),,0,Not Specified
449,201,Individual,10106,"Correia, Robert",2/27/2001,Frank,Arthur,10 Purchase Street,Fall River,MA,02720,125.0,,,,0,2001 Year-end Report (ND),,0,Not Specified
450,201,Individual,10106,"Correia, Robert",2/27/2001,Karam,Stephen,251 Woodlawn Street,Fall River,MA,02720,500.0,financial advisor,Karam Financial Group,,0,2001 Year-end Report (ND),,0,Not Specified
451,201,Individual,10106,"Correia, Robert",2/27/2001,Devillers,Andre,11392 Rodman Street,Fall River,MA,02721,125.0,,,,0,2001 Year-end Report (ND),,0,Not Specified
452,201,Individual,10106,"Correia, Robert",2/27/2001,Bigelow,Patricia,2 Strawberry Hill Ln.,Boylston,MA,01505,100.0,,,,0,2001 Year-end Report (ND),,0,Not Specified
453,201,Individual,10106,"Correia, Robert",2/27/2001,Luoto,Kathleen M.,8 Alden Street,Plymouth,MA,02360,100.0,,,,0,2001 Year-end Report (ND),,0,Not Specified
454,201,Individual,10106,"Correia, Robert",2/27/2001,Cianelli,Paul,25 Brewer Lane,Duxbury,MA,02332,125.0,,,,0,2001 Year-end Report (ND),,0,Not Specified
455,201,Individual,10106,"Correia, Robert",2/27/2001,Couto,Laurenio,366 Sion Street,Fall River,MA,02721,250.0,letter sent see attached,,,0,2001 Year-end Report (ND),,0,Not Specified
456,201,Individual,10106,"Correia, Robert",2/27/2001,Long,James,16 Dias Avenue,Westport,MA,02790,125.0,,,,0,2001 Year-end Report (ND),,0,Not Specified
457,201,Individual,10106,"Correia, Robert",2/27/2001,Cordeiro,Anthony,171 Pleasant Street,Fall River,MA,02721,125.0,,,,0,2001 Year-end Report (ND),,0,Not Specified
458,201,Individual,10106,"Correia, Robert",2/27/2001,Clarkin,Kerry,357 Albany Street,Fall River,MA,02720,125.0,,,,0,2001 Year-end Report (ND),,0,Not Specified
459,201,Individual,10106,"Correia, Robert",2/27/2001,Vasiljevic,Ljiljana,488 High Street,Fall River,MA,02720,500.0,publidsher,Coastal Communication Corp.,,0,2001 Year-end Report (ND),,0,Not Specified
460,201,Individual,10106,"Correia, Robert",2/27/2001,MA PHARPAC,CPF# 80499,P.O. Box 540232,Waltham,MA,02454,125.0,,,,0,2001 Year-end Report (ND),,0,Not Specified
461,201,Individual,10106,"Correia, Robert",2/27/2001,Viveiros,Keith,10 Kings Way,Fall River,MA,02720,125.0,asst. probation officer,Bristol Juvenile,,0,2001 Year-end Report (ND),,0,Not Specified
462,201,Individual,10106,"Correia, Robert",2/27/2001,Almeida,Shirley,901 S. Main Street,Fall River,MA,02724,250.0,Receptionist,Prima Care,,0,2001 Year-end Report (ND),,0,Not Specified
463,201,Individual,10106,"Correia, Robert",2/27/2001,Macomber,Francis,27 Cypress Raod,Somerset,MA,02726,125.0,,,,0,2001 Year-end Report (ND),,0,Not Specified
464,201,Individual,10106,"Correia, Robert",2/27/2001,Cardoso,Manuel,556 Wood Street,Fall River,MA,02721,250.0,Owner,Terra Nostra Restaurant,,0,2001 Year-end Report (ND),,0,Not Specified
465,201,Individual,10106,"Correia, Robert",2/27/2001,Pasternak,Lara,175 Brian Ave.,Somerset,MA,02726,125.0,,,,0,2001 Year-end Report (ND),,0,Not Specified
466,201,Individual,10106,"Correia, Robert",2/27/2001,Pasternak,Michael,232 Rock Street,Fall River,MA,02720,125.0,,,,0,2001 Year-end Report (ND),,0,Not Specified
467,201,Individual,10106,"Correia, Robert",2/27/2001,Relihan,Michael,1056 Westgate Street,New Bedford,MA,02742,250.0,Vice Pres,Tillitson Corp.,,0,2001 Year-end Report (ND),,0,Not Specified
468,201,Individual,10106,"Correia, Robert",2/27/2001,Scanlon,John,554 Madison Street,Fall River,MA,02720,250.0,letter sent see attached,,,0,2001 Year-end Report (ND),,0,Not Specified
469,201,Individual,10106,"Correia, Robert",2/27/2001,Bogan,Daniel,659 Pearce Street,Fall River,MA,02720,500.0,President,"Tillitson, Corp.",,0,2001 Year-end Report (ND),,0,Not Specified
470,201,Individual,10106,"Correia, Robert",2/27/2001,Baptista,Frank,P.O. Box 9813,Fall River,MA,02720,375.0,radio announcer,Voz do Emigrante Radio,,0,2001 Year-end Report (ND),,0,Not Specified
471,201,Individual,10106,"Correia, Robert",2/27/2001,"Walsh,Jr.",Comm. To Elect Paul,888 Pruchase St.,New Bedford,MA,02742,100.0,,,,0,2001 Year-end Report (ND),,0,Not Specified
472,201,Individual,10106,"Correia, Robert",2/27/2001,Souza,Gary,159 Regina Ave.,Somerset,MA,02726,250.0,letter sent see attached,,,0,2001 Year-end Report (ND),,0,Not Specified
473,201,Individual,10106,"Correia, Robert",2/27/2001,Gettings,Tara,99 Spring Street,Newport,RI,02840,125.0,,,,0,2001 Year-end Report (ND),,0,Not Specified
474,201,Individual,10106,"Correia, Robert",2/27/2001,Oliveira,Beth Ann,108 Fairhaven Ave.,Swansea,MA,02777,125.0,,,,0,2001 Year-end Report (ND),,0,Not Specified
475,201,Individual,10106,"Correia, Robert",2/27/2001,Oliveira,David,507 Ocean Grove Ave.,Swansea,MA,02777,250.0,maintenance,Umass-Dartmouth,,0,2001 Year-end Report (ND),,0,Not Specified
476,201,Individual,10106,"Correia, Robert",2/27/2001,Santos,Eric,692 Woodman Street,Fall River,MA,02724,125.0,,,,0,2001 Year-end Report (ND),,0,Not Specified
477,201,Individual,10106,"Correia, Robert",2/27/2001,Simister,Paul,505 Oak Grove Ave.,Fall River,MA,02720,125.0,,,,0,2001 Year-end Report (ND),,0,Not Specified
478,201,Individual,10106,"Correia, Robert",2/27/2001,Campos,Manuel,1363 Pleasant Street,Fall River,MA,02723,250.0,owner,Charlmor Furniture,,0,2001 Year-end Report (ND),,0,Not Specified
479,201,Individual,10106,"Correia, Robert",2/27/2001,Latanza,Alfred,403 Main Street,Everett,MA,02149,125.0,,,,0,2001 Year-end Report (ND),,0,Not Specified
480,201,Individual,10106,"Correia, Robert",2/27/2001,Haddad,Solomon,P.O. Box 2707,Fall River,MA,02722,125.0,,,,0,2001 Year-end Report (ND),,0,Not Specified
481,201,Individual,10106,"Correia, Robert",2/27/2001,Brenner,George,P.O. Box 188,Westport,MA,02790,125.0,,,,0,2001 Year-end Report (ND),,0,Not Specified
482,201,Individual,10106,"Correia, Robert",2/27/2001,Viveiros,Keith,344 Sprague Street,Fall River,MA,02724,125.0,asst. probation officer,Bristol Juvenile,,0,2001 Year-end Report (ND),,0,Not Specified
483,201,Individual,10106,"Correia, Robert",2/27/2001,Laprise,Richard,82 Tiffany Drive,Somerset,MA,02726,125.0,,,,0,2001 Year-end Report (ND),,0,Not Specified
484,201,Individual,10106,"Correia, Robert",2/27/2001,Saber,Mark,52 Carnegie St.,N. Dartmouth,MA,02747,250.0,Vice President,Saber Floor Covering,,0,2001 Year-end Report (ND),,0,Not Specified
485,201,Individual,10106,"Correia, Robert",2/27/2001,Koczera,John,50 Ocean Ave.,Fairhaven,MA,02719,250.0,owner/union painter,"K and R Painting, Inc.",,0,2001 Year-end Report (ND),,0,Not Specified
486,201,Individual,12293,"Simmons (Deceased), Mary Jane",2/28/2001,SEIU,,145 TREMONT STREET,Boston,MA,02111,500.0,,,,0,2001 Year-end Report (ND),,0,Not Specified
487,201,Individual,10025,"Berry, Frederick E.",2/28/2001,North Shore Bank,,Main Street,Peabody,MA,01960,6.74,,,,0,2001 Year-end Report (ND),,0,Not Specified
488,201,Individual,12791,"Stanley, Harriett L.",2/28/2001,Wallace,Ronna B.,14 Robin Road,Sharon,MA,02067,125.0,,,,0,2001 Year-end Report (ND),,0,Not Specified
489,201,Individual,12791,"Stanley, Harriett L.",2/28/2001,Lynch,Patricia A.,141 Tremont Street - Ste. 600,Boston,MA,02111,125.0,,,,0,2001 Year-end Report (ND),,0,Not Specified
490,201,Individual,12791,"Stanley, Harriett L.",2/28/2001,Baird,Douglas,11 Davis Lane,Georgetown,MA,01833,125.0,,,,0,2001 Year-end Report (ND),,0,Not Specified
491,201,Individual,12791,"Stanley, Harriett L.",2/28/2001,Hall,Jackson C.,612 Washington Street,Brookline,MA,02146,125.0,,,,0,2001 Year-end Report (ND),,0,Not Specified
492,201,Individual,12791,"Stanley, Harriett L.",2/28/2001,Newman,Joseph P.,176 Newport Street,Arlington,MA,02476,125.0,,,,0,2001 Year-end Report (ND),,0,Not Specified
493,201,Individual,12791,"Stanley, Harriett L.",2/28/2001,O'Reilly,Elaine,95 Cushing Street,Cambridge,MA,02138,125.0,,,,0,2001 Year-end Report (ND),,0,Not Specified
494,201,Individual,12791,"Stanley, Harriett L.",2/28/2001,"Roosevelt, Jr.",James,14 Meadow Way,Cambridge,MA,02138,125.0,,,,0,2001 Year-end Report (ND),,0,Not Specified
495,201,Individual,12791,"Stanley, Harriett L.",2/28/2001,Atkins,Chester G.,1540 Monument Street,Concord,MA,01742,125.0,,,,0,2001 Year-end Report (ND),,0,Not Specified
496,201,Individual,12791,"Stanley, Harriett L.",2/28/2001,Cammisa,M. Laurie,281 Beacon Street #11,Boston,MA,02116,125.0,,,,0,2001 Year-end Report (ND),,0,Not Specified
497,201,Individual,12791,"Stanley, Harriett L.",2/28/2001,Dillon,Luke A.,40 Maplewood Drive,Hanover,MA,02339,125.0,,,,0,2001 Year-end Report (ND),,0,Not Specified
498,201,Individual,12791,"Stanley, Harriett L.",2/28/2001,Fresina,Lori J.,62 Union Street,Woburn,MA,01801,125.0,,,,0,2001 Year-end Report (ND),,0,Not Specified
499,201,Individual,12791,"Stanley, Harriett L.",2/28/2001,Lewis,Dr. Alan Laird,282 East Riding Drive,Carlisle,MA,01741,125.0,,,,0,2001 Year-end Report (ND),,0,Not Specified
500,201,Individual,12791,"Stanley, Harriett L.",2/28/2001,MacDonald,Alan G.,92 Bacon Street,Winchester,MA,01890,125.0,,,,0,2001 Year-end Report (ND),,0,Not Specified
501,201,Individual,12791,"Stanley, Harriett L.",2/28/2001,Braun,Peter,16 Trapelo Road,Lincoln,MA,01773,125.0,,,,0,2001 Year-end Report (ND),,0,Not Specified
502,201,Individual,12791,"Stanley, Harriett L.",2/28/2001,McCarthy,Patricia E.,486 East Third Street #2,South Boston,MA,02127,125.0,,,,0,2001 Year-end Report (ND),,0,Not Specified
503,201,Individual,12791,"Stanley, Harriett L.",2/28/2001,Ricca,Joseph A.,20 Bluegrass Lane,Shrewsbury,MA,01545,125.0,,,,0,2001 Year-end Report (ND),,0,Not Specified
504,201,Individual,12791,"Stanley, Harriett L.",2/28/2001,Shestakofsky,Stephen,18 Edward Street,Belmont,MA,02478,125.0,,,,0,2001 Year-end Report (ND),,0,Not Specified
505,201,Individual,12791,"Stanley, Harriett L.",2/28/2001,Hull,Joan S.,386 Wallace Road,Bedford,NH,03110,125.0,,,,0,2001 Year-end Report (ND),,0,Not Specified
506,201,Individual,12791,"Stanley, Harriett L.",2/28/2001,McMullin,Patricia B.,331 Ashmont Street,Dorchester,MA,02124,125.0,,,,0,2001 Year-end Report (ND),,0,Not Specified
507,201,Individual,12791,"Stanley, Harriett L.",2/28/2001,Lazare,Dr. Aaron,95 Dorset Road,Waban,MA,02468,125.0,,,,0,2001 Year-end Report (ND),,0,Not Specified
508,201,Individual,12791,"Stanley, Harriett L.",2/28/2001,Delaney,Mark J.,6 Beacon Street - Ste. 415,Boston,MA,02108,100.0,,,,0,2001 Year-end Report (ND),,0,Not Specified
509,201,Individual,12791,"Stanley, Harriett L.",2/28/2001,"Dellavalle, Jr.",Alfred F.,43 Oakwood Drive,North Haven,CT,06473,100.0,,,,0,2001 Year-end Report (ND),,0,Not Specified
510,201,Individual,12791,"Stanley, Harriett L.",2/28/2001,Dever,Edward J.,46 Salisbury Street,Winchester,MA,01890,100.0,,,,0,2001 Year-end Report (ND),,0,Not Specified
511,201,Individual,12791,"Stanley, Harriett L.",2/28/2001,Habib,William M.,14-9 Royal Crest Drive,North Andover,MA,01845,100.0,,,,0,2001 Year-end Report (ND),,0,Not Specified
512,201,Individual,12791,"Stanley, Harriett L.",2/28/2001,Ollari,Maria T.,68 Telegraph Street #3,South Boston,MA,02127,100.0,,,,0,2001 Year-end Report (ND),,0,Not Specified
513,201,Individual,12791,"Stanley, Harriett L.",2/28/2001,Maselli,Katherine,4 Abbott Road,Dover,MA,02030,100.0,,,,0,2001 Year-end Report (ND),,0,Not Specified
514,201,Individual,12791,"Stanley, Harriett L.",2/28/2001,Pezzella,Paul M.,215 Commonwealth Avenue #2,Boston,MA,02116,100.0,,,,0,2001 Year-end Report (ND),,0,Not Specified
515,201,Individual,12791,"Stanley, Harriett L.",2/28/2001,Prendergast,Kevin J.,15 Magnolia Drive,North Andover,MA,01845,100.0,,,,0,2001 Year-end Report (ND),,0,Not Specified
516,201,Individual,12791,"Stanley, Harriett L.",2/28/2001,Boksanski,Stephen A.,47 Joy Street #2,Boston,MA,02114,100.0,,,,0,2001 Year-end Report (ND),,0,Not Specified
517,201,Individual,12791,"Stanley, Harriett L.",2/28/2001,Fierro,Benjamin,141 Tremont Street - Ste. 600,Boston,MA,02111,125.0,,,,0,2001 Year-end Report (ND),,0,Not Specified
518,201,Individual,12791,"Stanley, Harriett L.",2/28/2001,Mulligan,Mary Ann,23 Falmouth Road,Watertown,MA,02472,125.0,,,,0,2001 Year-end Report (ND),,0,Not Specified
519,201,Individual,12791,"Stanley, Harriett L.",2/28/2001,Connelly,Timothy J.,8 Garden Road,Wellesley Hills,MA,02481,125.0,,,,0,2001 Year-end Report (ND),,0,Not Specified
520,201,Individual,12791,"Stanley, Harriett L.",2/28/2001,Phillips,Alfred J.,3 Farley Lane,Acton,MA,01720,200.0,Letter sent,,,0,2001 Year-end Report (ND),,0,Not Specified
521,201,Individual,12791,"Stanley, Harriett L.",2/28/2001,Krupa,Michael P.,41 Canterbury Road,Winchester,MA,01890,125.0,,,,0,2001 Year-end Report (ND),,0,Not Specified
522,201,Individual,12791,"Stanley, Harriett L.",2/28/2001,Foster,David F.,162 Walnut Street #2,Brookline,MA,02445,125.0,,,,0,2001 Year-end Report (ND),,0,Not Specified
523,201,Individual,12791,"Stanley, Harriett L.",2/28/2001,Alagero,Charles T.,,Andover,MA,01810,125.0,,,,0,2001 Year-end Report (ND),,0,Not Specified
524,201,Individual,12791,"Stanley, Harriett L.",2/28/2001,"Murphy, Jr.",John E.,10 Chestnut Street,Peabody,MA,01960,200.0,Legislative Agent,Issues Management,,0,2001 Year-end Report (ND),,0,Not Specified
525,201,Individual,12791,"Stanley, Harriett L.",2/28/2001,"McGlynn, Jr.",John J.,57 Wharf Street - Ste. 3A,Salem,MA,01970,150.0,,,,0,2001 Year-end Report (ND),,0,Not Specified
526,201,Individual,12791,"Stanley, Harriett L.",2/28/2001,Segal,James W.,30 Edgewater Drive,Needham,MA,02492,200.0,Attorney,"Smith, Segal & Sowalsky",,0,2001 Year-end Report (ND),,0,Not Specified
527,201,Individual,12791,"Stanley, Harriett L.",2/28/2001,Baker,Robert A.,118 Atlantic Avenue,Swampscott,MA,01907,125.0,,,,0,2001 Year-end Report (ND),,0,Not Specified
528,201,Individual,12791,"Stanley, Harriett L.",2/28/2001,Cass,William F.,71 Myrtle Avenue,Wakefield,MA,01880,200.0,Legislative Agent,Suffolk Group,,0,2001 Year-end Report (ND),,0,Not Specified
529,201,Individual,12791,"Stanley, Harriett L.",2/28/2001,O'Malley,Robert M.,56 Mingo Street,Milton,MA,02186,125.0,,,,0,2001 Year-end Report (ND),,0,Not Specified
530,201,Individual,12791,"Stanley, Harriett L.",2/28/2001,Loftus III,Patrick J.,9 Park Street,Boston,MA,02108,100.0,,,,0,2001 Year-end Report (ND),,0,Not Specified
531,201,Individual,12791,"Stanley, Harriett L.",2/28/2001,Donoghue,Roger D.,27 Jackson Drive,Acton,MA,01720,200.0,Legislative Agent,"Donoghue, Barrett & Singal",,0,2001 Year-end Report (ND),,0,Not Specified
532,201,Individual,12791,"Stanley, Harriett L.",2/28/2001,McGee,Michelle R.,63 West Dedar Street #4,Boston,MA,02114,200.0,Legislative Agent,"Choate, Hall & Stewart",,0,2001 Year-end Report (ND),,0,Not Specified
533,201,Individual,12791,"Stanley, Harriett L.",2/28/2001,Gibbons,Robert E.,5 Lakeside Terrace,Westford,MA,01886,200.0,Vice President,MA Hospital Association,,0,2001 Year-end Report (ND),,0,Not Specified
534,201,Individual,12791,"Stanley, Harriett L.",2/28/2001,Brennan,John A.,88 Beltran Street,Malden,MA,02148,200.0,Legislative Agent,The Brennan Group,,0,2001 Year-end Report (ND),,0,Not Specified
535,201,Individual,12791,"Stanley, Harriett L.",2/28/2001,Burke,John,27 Dexter Street,Dedham,MA,02026,200.0,Letter sent,,,0,2001 Year-end Report (ND),,0,Not Specified
536,201,Individual,12791,"Stanley, Harriett L.",2/28/2001,Bartlett,Cynthia,672 Chestnut Street,Lynnfield,MA,01940,250.0,Home,,,0,2001 Year-end Report (ND),,0,Not Specified
537,201,Individual,12791,"Stanley, Harriett L.",2/28/2001,Tibbetts,David A.,51 Congress Street - Ste. 600,Boston,MA,02109,200.0,Attorney,"Smith, Segal & Sowalsky",,0,2001 Year-end Report (ND),,0,Not Specified
538,201,Individual,12791,"Stanley, Harriett L.",2/28/2001,Bullen,Bruce M.,120 Ridgeway Road,Weston,MA,02493,125.0,,,,0,2001 Year-end Report (ND),,0,Not Specified
539,201,Individual,12791,"Stanley, Harriett L.",2/28/2001,Gillet,Susan,138 Old County Road,Westport,MA,02790,100.0,,,,0,2001 Year-end Report (ND),,0,Not Specified
540,201,Individual,12791,"Stanley, Harriett L.",2/28/2001,Pellegrini,Lora M.,104 Elm Street,Charlestown,MA,02129,75.0,,,,0,2001 Year-end Report (ND),,0,Not Specified
541,201,Individual,12791,"Stanley, Harriett L.",2/28/2001,Rose,Jan Z.,487 Washington Street,Brookline,MA,02446,100.0,,,,0,2001 Year-end Report (ND),,0,Not Specified
542,201,Individual,12791,"Stanley, Harriett L.",2/28/2001,O'Donnell,Tara J.,19 Allston Street,Charlestown,MA,02129,100.0,,,,0,2001 Year-end Report (ND),,0,Not Specified
543,201,Individual,12791,"Stanley, Harriett L.",2/28/2001,Meredith,Judith C.,59 Richfield Street,Dorchester,MA,02125,100.0,,,,0,2001 Year-end Report (ND),,0,Not Specified
544,201,Individual,12791,"Stanley, Harriett L.",2/28/2001,O'Brien,Neil,PO Box 1296,Melrose,MA,02176,100.0,,,,0,2001 Year-end Report (ND),,0,Not Specified
545,201,Individual,12791,"Stanley, Harriett L.",2/28/2001,Haggerty,Jeffrey,6 Nelson Road,Rockland,MA,02370,100.0,,,,0,2001 Year-end Report (ND),,0,Not Specified
546,201,Individual,11066,"Bosley, Daniel E.",2/28/2001,LAWLESS,RICHARD T.,159 HILLCREST ROAD,NEEDHAM,MA,02492,200.0,"LETTER SENT 3/3/01, 4/20/01",,,0,2001 Year-end Report (ND),,0,Not Specified
547,201,Individual,13356,"Carron, Mark J.",3/1/2001,Adendumm to follow March Fundraiser,,"P,O. Box 629",Charlton,MA,01507,2705.1,,,,0,2001 Year-end Report (ND),,0,Not Specified
548,201,Individual,12791,"Stanley, Harriett L.",3/1/2001,Ober,Stacey,218 Bullard Street,Holden,MA,01520,100.0,(contribution returned),,,0,2001 Year-end Report (ND),,0,Not Specified
549,201,Individual,12119,"Quinn, John F.",3/1/2001,Mc Bratney,Lea Ventura,1028 Horseneck Rd.,Westport,MA,02790,100.0,,,,0,2001 Year-end Report (ND),,0,Not Specified
550,201,Individual,10106,"Correia, Robert",3/1/2001,Oliveira,Gilbert,P.O. Box 2031,Fall River,MA,02722,250.0,President,Oliveria Insurance Agency,,0,2001 Year-end Report (ND),,0,Not Specified
551,201,Individual,11497,"Koczera, Robert M.",3/1/2001,firstfed - interest,,Ashley Blvd,New Bedford,MA,02745,5.03,,,,0,2001 Year-end Report (ND),,0,Not Specified
