,Record Type ID,Record Type Description,Filer CPF ID,Filer Full Name Reverse,Date,Name,First Name,Address,City,State,Zip Code,Amount,Occupation,Employer,Principal Officer,Contributor CPF ID,Source Description,Description,Tender Type ID,Tender Type Description
0,201,Individual,11497,"Koczera, Robert M.",5/1/2001,Firstfed - interest,,Ashley Blvd,New Bedford,MA,02745,2.73,,,,0,2001 Year-end Report (ND),,0,Not Specified
1,201,Individual,12119,"Quinn, John F.",5/1/2001,Handy,Brian,P.O. Box 75,Pocasset,MA,02559,100.0,,,,0,2001 Year-end Report (ND),,0,Not Specified
2,201,Individual,12119,"Quinn, John F.",5/1/2001,Jeffers,Donna,440 Snipatuit Rd.,Rochester,MA,02770,100.0,,,,0,2001 Year-end Report (ND),,0,Not Specified
3,201,Individual,10315,"Moore, Richard T.",5/1/2001,Moss,Alan P.,1 Knollwood Drive,Worcester,MA,01609,250.0,Medical Doctor,Self-employed,,0,2001 Year-end Report (ND),,0,Not Specified
4,201,Individual,10315,"Moore, Richard T.",5/1/2001,Family Eye Care Center,,"133 Littleton Road, Suite 201",Westford,MA,01886,250.0,,,,0,2001 Year-end Report (ND),,0,Not Specified
5,201,Individual,10315,"Moore, Richard T.",5/1/2001,Vergnani,Robert J.,40 Porters Lane,Portsmouth,RI,02871,350.0,Ophthalmologist,"Eye Physicians & Surgeons of Fall River, Inc.",,0,2001 Year-end Report (ND),,0,Not Specified
6,201,Individual,10315,"Moore, Richard T.",5/1/2001,Kapoor,Vikas,154 Harvard Street,Newtonville,MA,02460,400.0,President,Copley Technology Group,,0,2001 Year-end Report (ND),,0,Not Specified
7,201,Individual,11421,"Brewer, Stephen M.",5/1/2001,Haggerty,Patricia,18 Westwood Drive,Sturbridge,MA,01566,40.0,,,,0,2001 Year-end Report (ND),,0,Not Specified
8,201,Individual,11421,"Brewer, Stephen M.",5/1/2001,Novak,Paul,121 King Philip Road,Worcester,MA,01606,100.0,,,,0,2001 Year-end Report (ND),,0,Not Specified
9,201,Individual,11421,"Brewer, Stephen M.",5/1/2001,Solomito,Joseph,104 Rinnock Road,Fitchburg,MA,01420,50.0,Asst. District Attorney,Commonwealth of MA,,0,2001 Year-end Report (ND),,0,Not Specified
10,201,Individual,11421,"Brewer, Stephen M.",5/1/2001,Solomito,Joseph,104 Rinnock Road,Fitchburg,MA,01420,50.0,Asst. District Attorney,Commonwealth of MA,,0,2001 Year-end Report (ND),,0,Not Specified
11,201,Individual,10315,"Moore, Richard T.",5/1/2001,Dacey,Mark P.,"285 Bunkerhill Street, A-3",Charlestown,MA,02129,500.0,Physician,"Eye Health Services 77 Woodcliff Road, Wellesley",,0,2001 Year-end Report (ND),,0,Not Specified
12,201,Individual,12534,"Jones Jr., Bradley H.",5/1/2001,Moynihan,Gerard W.,25 Marshall Street,North Reading,MA,01864,100.0,Owner,Moynihan Lumber Company,,0,2001 Year-end Report (ND),,0,Not Specified
13,201,Individual,13164,"Candaras, Gale D.",5/1/2001,Edgerly,Brian,322 Blueberry Hill Road,Longmeadow,MA,01106,100.0,General Manager,,,0,2001 Year-end Report (ND),,0,Not Specified
14,201,Individual,13164,"Candaras, Gale D.",5/1/2001,Fitzgerald,Frank,95 State Street,Springfield,MA,01103,250.0,Attorney,Fitzgerald Attorneys at Law,,0,2001 Year-end Report (ND),,0,Not Specified
15,201,Individual,13164,"Candaras, Gale D.",5/1/2001,Gagliarducci,Jerome,8 Bonair Drive,Wilbraham,MA,01095,300.0,Construction Owner,Gagliarducci Construction,,0,2001 Year-end Report (ND),,0,Not Specified
16,201,Individual,12557,"O'Brien, Thomas J.",5/1/2001,Vendetti,Thomas,9 Brook Street,Kingston,MA,02364,100.0,,,,0,2001 Year-end Report (ND),,0,Not Specified
17,201,Individual,13164,"Candaras, Gale D.",5/1/2001,Mirkin,Zane,P.O. Box 2851,Springfield,MA,01101,250.0,Owner,Associated Wrecking,,0,2001 Year-end Report (ND),,0,Not Specified
18,201,Individual,10315,"Moore, Richard T.",5/2/2001,Snebold,Neal G.,,Winchester,MA,01890,500.0,Ophthalmologist,Self-employed,,0,2001 Year-end Report (ND),,0,Not Specified
19,201,Individual,10025,"Berry, Frederick E.",5/3/2001,Forti,Andrew T.,55 Forest Street,Malden,MA,02148-2723,25.0,,,,0,2001 Year-end Report (ND),,0,Not Specified
20,201,Individual,10025,"Berry, Frederick E.",5/3/2001,Wilson,Katherine B.,16 Eastwood Drive,Wilbraham,MA,01095,25.0,,,,0,2001 Year-end Report (ND),,0,Not Specified
21,201,Individual,10025,"Berry, Frederick E.",5/3/2001,Allard,Yvonne,"240 High Street, #4",Newburyport,MA,01950,35.0,,,,0,2001 Year-end Report (ND),,0,Not Specified
22,201,Individual,10025,"Berry, Frederick E.",5/3/2001,Potvin,Edward A.,7 Eden Street,Salem,MA,01970,50.0,,,,0,2001 Year-end Report (ND),,0,Not Specified
23,201,Individual,10025,"Berry, Frederick E.",5/3/2001,Alpert,Eric S.,66 Holten Street,Peabody,MA,01960,100.0,Security Officer,Peabody District Court,,0,2001 Year-end Report (ND),,0,Not Specified
24,201,Individual,10025,"Berry, Frederick E.",5/3/2001,Lamson,Gary W.,5 Ledgewood Court,Warren,NJ,07059-6751,50.0,,,,0,2001 Year-end Report (ND),,0,Not Specified
25,201,Individual,10025,"Berry, Frederick E.",5/3/2001,Healey,Grace G.,6 Seaver Street,North Easton,MA,02356,50.0,,,,0,2001 Year-end Report (ND),,0,Not Specified
26,201,Individual,10025,"Berry, Frederick E.",5/3/2001,Loughran,Elizabeth Lee,263 Gulf Road,Belchertown,MA,01007,50.0,,,,0,2001 Year-end Report (ND),,0,Not Specified
27,201,Individual,10025,"Berry, Frederick E.",5/3/2001,Boisvert,Maurice J.,491 West Main Street,Shrewsbury,MA,01545-2250,50.0,,,,0,2001 Year-end Report (ND),,0,Not Specified
28,201,Individual,10025,"Berry, Frederick E.",5/3/2001,Talkov,Barbara J.,"51 Eastern Point Road, #9",Gloucester,MA,01930,50.0,,,,0,2001 Year-end Report (ND),,0,Not Specified
29,201,Individual,10025,"Berry, Frederick E.",5/3/2001,Berardo,Michael,322 Humphrey Street,Swampscott,MA,01907,30.0,,,,0,2001 Year-end Report (ND),,0,Not Specified
30,201,Individual,10025,"Berry, Frederick E.",5/3/2001,Keefe-Layden,Bonita J.,32 Lake Avenue,Leicester,MA,01524,25.0,,,,0,2001 Year-end Report (ND),,0,Not Specified
31,201,Individual,10025,"Berry, Frederick E.",5/3/2001,Sarkissian,Leo V.,70 Gilbert Road,East Weymouth,MA,02189,100.0,,,,0,2001 Year-end Report (ND),,0,Not Specified
32,201,Individual,10025,"Berry, Frederick E.",5/3/2001,McDonald,Karen,22 Cricket Lane,Littleton,MA,01460,100.0,,,,0,2001 Year-end Report (ND),,0,Not Specified
33,201,Individual,10025,"Berry, Frederick E.",5/3/2001,Greiff,Lorraine,2 Cameron Road,Wayland,MA,01778-3102,50.0,,,,0,2001 Year-end Report (ND),,0,Not Specified
34,201,Individual,10025,"Berry, Frederick E.",5/3/2001,Donelly,Nancy A.,450 Prospect Street,East Longmeadow,MA,01028-3167,100.0,,,,0,2001 Year-end Report (ND),,0,Not Specified
35,201,Individual,10025,"Berry, Frederick E.",5/3/2001,Gibber,Harold J.,"20 Hampton Avenue, Apt. 409",Northampton,MA,01060-4406,100.0,,,,0,2001 Year-end Report (ND),,0,Not Specified
36,201,Individual,10025,"Berry, Frederick E.",5/3/2001,Long,Linda E.,"181 Woodland Avenue, North",Lynn,MA,01904,100.0,,,,0,2001 Year-end Report (ND),,0,Not Specified
37,201,Individual,10025,"Berry, Frederick E.",5/3/2001,Rossi,Karen S.,129 Melrose Avenue,Needham,MA,02492,35.0,,,,0,2001 Year-end Report (ND),,0,Not Specified
38,201,Individual,10025,"Berry, Frederick E.",5/3/2001,Gardiner,John T.,34-C Charles River Road,Waltham,MA,02453,25.0,,,,0,2001 Year-end Report (ND),,0,Not Specified
39,201,Individual,10025,"Berry, Frederick E.",5/3/2001,Amick,Carol C.,18 Crescent Avenue,Bedford,MA,01730,50.0,,,,0,2001 Year-end Report (ND),,0,Not Specified
40,201,Individual,10025,"Berry, Frederick E.",5/3/2001,Maloney,Mary Louise,117 Sheridan Street,Boston,MA,02130,100.0,,,,0,2001 Year-end Report (ND),,0,Not Specified
41,201,Individual,10025,"Berry, Frederick E.",5/3/2001,Omelia,Kristen,12 North Woods Circle,Woburn,MA,01801,50.0,,,,0,2001 Year-end Report (ND),,0,Not Specified
42,201,Individual,10025,"Berry, Frederick E.",5/3/2001,Sprague,William,61 Beaver Dam Road,North Easton,MA,02356,100.0,,,,0,2001 Year-end Report (ND),,0,Not Specified
43,201,Individual,10025,"Berry, Frederick E.",5/3/2001,Budelmann,Edward,3 Kennedy Drive,Beverly,MA,01915,100.0,,,,0,2001 Year-end Report (ND),,0,Not Specified
44,201,Individual,10025,"Berry, Frederick E.",5/3/2001,Bakal,Dr. Yitzak,39 Bayview Road,Marblehead,MA,01945,70.0,,,,0,2001 Year-end Report (ND),,0,Not Specified
45,201,Individual,10025,"Berry, Frederick E.",5/3/2001,Ring Brown,Susan E.,"7 Emerton Street, #1",Salem,MA,01970,100.0,Development Coordinator,EMARC,,0,2001 Year-end Report (ND),,0,Not Specified
46,201,Individual,10025,"Berry, Frederick E.",5/3/2001,Attaliades,Ellen,50 Allan Avenue,Sudbury,MA,01776,100.0,,,,0,2001 Year-end Report (ND),,0,Not Specified
47,201,Individual,10025,"Berry, Frederick E.",5/3/2001,Leavey,Joseph,15 Southwick Road,Waban,MA,02168,100.0,,,,0,2001 Year-end Report (ND),,0,Not Specified
48,201,Individual,10025,"Berry, Frederick E.",5/3/2001,Connors,Stanley P.,65 Bernard Street,Newton,MA,02161,100.0,,,,0,2001 Year-end Report (ND),,0,Not Specified
49,201,Individual,10025,"Berry, Frederick E.",5/3/2001,Harris,Robert A.,9 Sequoia Lane,Plaistow,NH,03865,100.0,,,,0,2001 Year-end Report (ND),,0,Not Specified
50,201,Individual,10025,"Berry, Frederick E.",5/3/2001,Cropper,James F.,24 Olde Berry Road,Andover,MA,01810,100.0,Vice President/Legal Counsel,"Health & Education Services, Inc.",,0,2001 Year-end Report (ND),,0,Not Specified
51,201,Individual,10025,"Berry, Frederick E.",5/3/2001,Laurie,Leslie Tarr,113 Packardville Road,Pelham,MA,01002,100.0,,,,0,2001 Year-end Report (ND),,0,Not Specified
52,201,Individual,10025,"Berry, Frederick E.",5/3/2001,Todd,Susan,26 Cole Street,Beverly,MA,01915,100.0,,,,0,2001 Year-end Report (ND),,0,Not Specified
53,201,Individual,10025,"Berry, Frederick E.",5/3/2001,Penniman,Gary A.,15 Craig Lane,Waltham,MA,02451,100.0,,,,0,2001 Year-end Report (ND),,0,Not Specified
54,201,Individual,10025,"Berry, Frederick E.",5/3/2001,Mulligan,Mary T.,402 Cardinal Lane,Tyngsborough,MA,01879,100.0,CFO,"Health & Education Services, Inc.",,0,2001 Year-end Report (ND),,0,Not Specified
55,201,Individual,10025,"Berry, Frederick E.",5/3/2001,Roszkiewicz,Dana J.,3581 Main Road,Tiverton,RI,02878,100.0,,,,0,2001 Year-end Report (ND),,0,Not Specified
56,201,Individual,10025,"Berry, Frederick E.",5/3/2001,Mitchell,Phillip S.,10 Barcelona Avenue,Salem,MA,01970,100.0,Owner,Champion's Restaurant,,0,2001 Year-end Report (ND),,0,Not Specified
57,201,Individual,10025,"Berry, Frederick E.",5/3/2001,Reeh,Gailanne,20 Harborview Road,Nahant,MA,01908,100.0,,,,0,2001 Year-end Report (ND),,0,Not Specified
58,201,Individual,10025,"Berry, Frederick E.",5/3/2001,Wayne,Susan,81 Phillips Street,Boston,MA,02114,100.0,,,,0,2001 Year-end Report (ND),,0,Not Specified
59,201,Individual,10025,"Berry, Frederick E.",5/3/2001,Selesnick,Judith A.,8 Bragg Street,Peabody,MA,01960,125.0,Executive Director,Workforce Investment Associates,,0,2001 Year-end Report (ND),,0,Not Specified
60,201,Individual,10025,"Berry, Frederick E.",5/3/2001,Rucker,Randal R.,210 Eliot Street,Milton,MA,02186,100.0,,,,0,2001 Year-end Report (ND),,0,Not Specified
61,201,Individual,10025,"Berry, Frederick E.",5/3/2001,Ripple,Michael P.,23 Billingham Street,Somerville,MA,02144,100.0,,,,0,2001 Year-end Report (ND),,0,Not Specified
62,201,Individual,10025,"Berry, Frederick E.",5/3/2001,Silbert,Gerald,82 Plymouth Avenue,Swampscott,MA,01907-1143,100.0,,,,0,2001 Year-end Report (ND),,0,Not Specified
63,201,Individual,10025,"Berry, Frederick E.",5/3/2001,Brady,Nancy P.,12 Trafford Road,Hampton,NH,03842,100.0,,,,0,2001 Year-end Report (ND),,0,Not Specified
64,201,Individual,10025,"Berry, Frederick E.",5/3/2001,Nardella,Bruce F.,194 Dodge Street,Beverly,MA,01915,100.0,,,,0,2001 Year-end Report (ND),,0,Not Specified
65,201,Individual,10025,"Berry, Frederick E.",5/3/2001,Pattullo,Elizabeth A.,25 Wildwood Street,Winchester,MA,01890,100.0,,,,0,2001 Year-end Report (ND),,0,Not Specified
66,201,Individual,10025,"Berry, Frederick E.",5/3/2001,Fay,Juliette E.,12 Fairview Drive,Southborough,MA,01772,100.0,,,,0,2001 Year-end Report (ND),,0,Not Specified
67,201,Individual,10025,"Berry, Frederick E.",5/3/2001,Kennard,Mark S.,42 Sunset Drive,Beverly,MA,01915,100.0,,,,0,2001 Year-end Report (ND),,0,Not Specified
68,201,Individual,10025,"Berry, Frederick E.",5/3/2001,Bird,Dr. Bruce L.,40 Gannett Road,Scituate,MA,02066,100.0,,,,0,2001 Year-end Report (ND),,0,Not Specified
69,201,Individual,10025,"Berry, Frederick E.",5/3/2001,Weekes,Michael D.,234 Green Hill Road,Longmeadow,MA,01106,100.0,,,,0,2001 Year-end Report (ND),,0,Not Specified
70,201,Individual,10025,"Berry, Frederick E.",5/3/2001,Madaus,William C.,"503 Main Street, #8",Amesbury,MA,01913,100.0,"Sr. VP, Behavioral Health","Northeast Health Systems, Inc.",,0,2001 Year-end Report (ND),,0,Not Specified
71,201,Individual,10025,"Berry, Frederick E.",5/3/2001,Libon,Mark D.,7 Cedar Street,Marblehead,MA,01945,100.0,Vice President,"Health & Education Services, Inc.",,0,2001 Year-end Report (ND),,0,Not Specified
72,201,Individual,10025,"Berry, Frederick E.",5/3/2001,Torres,Gregory,25 Wildwood Street,Winchester,MA,01890,500.0,Executive Director,"Mentor, Inc.",,0,2001 Year-end Report (ND),,0,Not Specified
73,201,Individual,10025,"Berry, Frederick E.",5/3/2001,Tierney,Michael F.,56 School Street,Salem,MA,01970,125.0,,,,0,2001 Year-end Report (ND),,0,Not Specified
74,201,Individual,10025,"Berry, Frederick E.",5/3/2001,McCann,C.M.,65 Bernard Street,Newton,MA,02161,100.0,,,,0,2001 Year-end Report (ND),,0,Not Specified
75,201,Individual,10025,"Berry, Frederick E.",5/3/2001,O'Brien,Neil Thomas,P.O. Box 1296 CT,Melrose,MA,02176,200.0,Lobbyist,Brian Hickey Associates,,0,2001 Year-end Report (ND),,0,Not Specified
76,201,Individual,10025,"Berry, Frederick E.",5/3/2001,Drinkwater,Dennis,44 Southpoint Lane,Ipswich,MA,01938,500.0,Owner,Giant Glass,,0,2001 Year-end Report (ND),,0,Not Specified
77,201,Individual,10025,"Berry, Frederick E.",5/3/2001,Vara,Henry D.,2630 Bayview Drive,Fort Lauderdale,FL,33306,500.0,President,Western New England,,0,2001 Year-end Report (ND),,0,Not Specified
78,201,Individual,10315,"Moore, Richard T.",5/4/2001,Mattox,Cynthia G.,72 Chestnut Street,Weston,MA,02493,250.0,Letter Sent 1-18-02,,,0,2001 Year-end Report (ND),,0,Not Specified
79,201,Individual,10315,"Moore, Richard T.",5/4/2001,Hutchinson,B. Thomas,59 Chestnut Street,Boston,MA,02108,500.0,Ophthalmologist,Ophthalmic Consultants of Boston,,0,2001 Year-end Report (ND),,0,Not Specified
80,201,Individual,12119,"Quinn, John F.",5/5/2001,Joyce,Thomas,5 Norwood Ave.,Rockport,MA,01966,200.0,Legislative Agent,Joyce & Joyce,,0,2001 Year-end Report (ND),,0,Not Specified
81,201,Individual,11428,"Resor, Pamela P.",5/5/2001,Frasier,Gretchen G.,336 Hayward Mill Rd,Concord,MA,01742,75.0,,,,0,2001 Year-end Report (ND),,0,Not Specified
82,201,Individual,11428,"Resor, Pamela P.",5/5/2001,Masi,Eric L.,68 Lowell Drive,Stow,MA,01775,100.0,,,,0,2001 Year-end Report (ND),,0,Not Specified
83,201,Individual,11428,"Resor, Pamela P.",5/5/2001,Frasier,Cline W.,336 Hayward Mill Rd,Concord,MA,01742,75.0,,,,0,2001 Year-end Report (ND),,0,Not Specified
84,201,Individual,12119,"Quinn, John F.",5/6/2001,Dabney,Frederick,794 Horseneck Rd.,Dartmouth,MA,02748,100.0,Owner,Quansett Nurseries,,0,2001 Year-end Report (ND),,0,Not Specified
85,201,Individual,10315,"Moore, Richard T.",5/6/2001,Ramsey,Jean E.,58 Gregory Island Road,South Hamilton,MA,01982,250.0,Physician/Ophthalmologist,Boston Medical Center,,0,2001 Year-end Report (ND),,0,Not Specified
86,201,Individual,10315,"Moore, Richard T.",5/7/2001,McHam,M. Lisa,16 Harris Avenue,Jamaica Plain,MA,02130,250.0,Physician,MA Eye Care Associates,,0,2001 Year-end Report (ND),,0,Not Specified
87,201,Individual,10315,"Moore, Richard T.",5/7/2001,Williams,Joseph M.,53 Hancock Hill Drive,Worcester,MA,01609,250.0,Physician/Ophthalmologist,Self-employed,,0,2001 Year-end Report (ND),,0,Not Specified
88,201,Individual,10315,"Moore, Richard T.",5/7/2001,Remis,Leon L.,41 Bellevue Road,Swampscott,MA,01907,100.0,Medical Doctor,,,0,2001 Year-end Report (ND),,0,Not Specified
89,201,Individual,10315,"Moore, Richard T.",5/7/2001,Hinckley,Ralph H.,16 Stillmeadow Road,Weston,MA,02493,100.0,,,,0,2001 Year-end Report (ND),,0,Not Specified
90,201,Individual,10106,"Correia, Robert",5/7/2001,Rebello,Beverly,105 Buffington Street,Swansea,MA,02777,125.0,,,,0,2001 Year-end Report (ND),,0,Not Specified
91,201,Individual,10315,"Moore, Richard T.",5/7/2001,"Aleixo, Jr.",Theodore J.,"12 Taunton Green, #204",Taunton,MA,02780,125.0,Lobbyist,"Aleixo Law Offices, P.C.",,0,2001 Year-end Report (ND),,0,Not Specified
92,201,Individual,10315,"Moore, Richard T.",5/7/2001,Roth,Larry,42 Sylvan Lane,Weston,MA,02493,500.0,Occupation Letter  1-18-02,,,0,2001 Year-end Report (ND),,0,Not Specified
93,201,Individual,12534,"Jones Jr., Bradley H.",5/7/2001,Leahy,Brian L.,15 Louanis Drive,Reading,MA,01867,50.0,,,,0,2001 Year-end Report (ND),,0,Not Specified
94,201,Individual,12119,"Quinn, John F.",5/7/2001,Aleixo,Theodore,1 State St. Suite 1100,Boston,MA,02109,100.0,,,,0,2001 Year-end Report (ND),,0,Not Specified
95,201,Individual,12119,"Quinn, John F.",5/7/2001,Buddle,John,445 Leominster Rd.,Lunenburg,MA,01462,100.0,,,,0,2001 Year-end Report (ND),,0,Not Specified
96,201,Individual,12119,"Quinn, John F.",5/7/2001,Matheson,Frank,591 Great Rd.,Littleton,MA,01460,100.0,,,,0,2001 Year-end Report (ND),,0,Not Specified
97,201,Individual,12119,"Quinn, John F.",5/7/2001,Griffith,Clark,15 Lakeview St.  Box 127,Carver,MA,02366,100.0,,,,0,2001 Year-end Report (ND),,0,Not Specified
98,201,Individual,12718,"Hahn, Celia",5/7/2001,Palmer,William,362 Granville Road  #210,Westfield,MA,,100.0,,,,0,2001 Year-end Report (ND),,0,Not Specified
99,201,Individual,12119,"Quinn, John F.",5/8/2001,Brennan,John,88 Beltran St.,Malden,MA,02148,200.0,Vice Chairman,Cassidy & Associates,,0,2001 Year-end Report (ND),,0,Not Specified
100,201,Individual,12119,"Quinn, John F.",5/8/2001,Murphy,John,10 Chestnut St.,Peabody,MA,01960,200.0,Legislative Agent,Issues Management,,0,2001 Year-end Report (ND),,0,Not Specified
101,201,Individual,12119,"Quinn, John F.",5/8/2001,Demers,James,951 Ocean Blvd.  #9,Hampton,NH,03842,100.0,,,,0,2001 Year-end Report (ND),,0,Not Specified
102,201,Individual,12119,"Quinn, John F.",5/8/2001,Cortez,Teresa Munoz,68 L'heureux Circle,Randolph,MA,02368,350.0,Letter Sent,Info Requested,,0,2001 Year-end Report (ND),,0,Not Specified
103,201,Individual,12119,"Quinn, John F.",5/8/2001,Franco,Edward,68 L'heureux Circle,Randolph,MA,02368,350.0,Letter Sent,Info Requested,,0,2001 Year-end Report (ND),,0,Not Specified
104,201,Individual,12119,"Quinn, John F.",5/8/2001,Costello,Neal,9 Park St.  #500,Boston,MA,02108,200.0,Legislative Agent,Brian Hickey & Assoc.,,0,2001 Year-end Report (ND),,0,Not Specified
105,201,Individual,12119,"Quinn, John F.",5/8/2001,O'Brien,Neil,P.O. Box 1296 CT.,Melrose,MA,02176,200.0,Legislative Agent,Brian Hickey & Assoc.,,0,2001 Year-end Report (ND),,0,Not Specified
106,201,Individual,12119,"Quinn, John F.",5/8/2001,Shanley,Vincent,"2 Park Plaza, Ste. 205",Boston,MA,02116,200.0,Legislative Agent,"Shanley, Fleming & Assoc.",,0,2001 Year-end Report (ND),,0,Not Specified
107,201,Individual,12119,"Quinn, John F.",5/8/2001,Quinn,Robert,1452 Canton Ave.,Milton,MA,02186,200.0,Legislative Agent,Quinn & Morris,,0,2001 Year-end Report (ND),,0,Not Specified
108,201,Individual,12119,"Quinn, John F.",5/8/2001,Considine,Kevin,One Beacon St.,Boston,MA,02108,200.0,Lawyer,Self Employed,,0,2001 Year-end Report (ND),,0,Not Specified
109,201,Individual,12119,"Quinn, John F.",5/8/2001,Fleming,Jeffrey,Two Park Plaza  Suite 205,Boston,MA,02116,200.0,Legislative Agent,"Shanley, Fleming & Assoc.",,0,2001 Year-end Report (ND),,0,Not Specified
110,201,Individual,12119,"Quinn, John F.",5/8/2001,Hickey,Brian,9 Park St.  Suite 500,Boston,MA,02108,200.0,Legislative Agent,Brian Hickey & Assoc.,,0,2001 Year-end Report (ND),,0,Not Specified
111,201,Individual,12119,"Quinn, John F.",5/8/2001,Kearney,Dennis,7 Madison Ave. West,Winchester,MA,01890,200.0,Legislative Agent,"Choate, Hall & Stewart",,0,2001 Year-end Report (ND),,0,Not Specified
112,201,Individual,12119,"Quinn, John F.",5/8/2001,Malloy,William,31 Wildcat Ln.,Norwell,MA,02061,100.0,,,,0,2001 Year-end Report (ND),,0,Not Specified
113,201,Individual,12119,"Quinn, John F.",5/8/2001,Calamare,Andrew,40 Converse Ave.,Newton,MA,02458,100.0,,,,0,2001 Year-end Report (ND),,0,Not Specified
114,201,Individual,12119,"Quinn, John F.",5/8/2001,Glynn,Maureen,8 Viden Rd.,Quincy,MA,02169,100.0,,,,0,2001 Year-end Report (ND),,0,Not Specified
115,201,Individual,12119,"Quinn, John F.",5/8/2001,Gallagher,Mark,286 K Street Apt. 2,South Boston,MA,02127,100.0,,,,0,2001 Year-end Report (ND),,0,Not Specified
116,201,Individual,12119,"Quinn, John F.",5/8/2001,Clancy,Mary Ann,39 Hutchinson St.,Dorchester,MA,02124,100.0,Legislative Agent,MA Credit Union League,,0,2001 Year-end Report (ND),,0,Not Specified
117,201,Individual,12119,"Quinn, John F.",5/8/2001,Haggerty,Jeffrey,6 Nelson Rd.,Rockland,MA,02370,100.0,,,,0,2001 Year-end Report (ND),,0,Not Specified
118,201,Individual,12119,"Quinn, John F.",5/8/2001,Huntington,Patrick,49 Fairbanks Rd.,Milton,MA,02186,100.0,,,,0,2001 Year-end Report (ND),,0,Not Specified
119,201,Individual,12119,"Quinn, John F.",5/8/2001,Hart,John,35 Standard St.,Mattapan,MA,02126,100.0,,,,0,2001 Year-end Report (ND),,0,Not Specified
120,201,Individual,12119,"Quinn, John F.",5/8/2001,Smith,Edward,284 Lowell St.,Andover,MA,01810,100.0,,,,0,2001 Year-end Report (ND),,0,Not Specified
121,201,Individual,12119,"Quinn, John F.",5/8/2001,Flaherty,Charles,25 Homer Ave.  Apt.34,Cambridge,MA,02138,100.0,,,,0,2001 Year-end Report (ND),,0,Not Specified
122,201,Individual,12119,"Quinn, John F.",5/8/2001,Powers,Lonnie,11 Beacon St.  Suite 820,Boston,MA,02108,100.0,,,,0,2001 Year-end Report (ND),,0,Not Specified
123,201,Individual,12119,"Quinn, John F.",5/8/2001,Orsino,Jeannette,10 Hancock St.  Apt. 3,Boston,MA,02114,100.0,,,,0,2001 Year-end Report (ND),,0,Not Specified
124,201,Individual,12119,"Quinn, John F.",5/8/2001,Harrington,James,2 Park Plaza  Suite 200,Boston,MA,02116,150.0,,,,0,2001 Year-end Report (ND),,0,Not Specified
125,201,Individual,10315,"Moore, Richard T.",5/8/2001,Johnson,Eric H.,286 Warren Street,Brookline,MA,02146,500.0,Ophthalmologist,Eye Health Services,,0,2001 Year-end Report (ND),,0,Not Specified
126,201,Individual,11066,"Bosley, Daniel E.",5/8/2001,KEARNEY,DENNIS J.,7 MADISON AVE.,WINCHESTER,MA,01890,200.0,LAWYER,CHOATE HALL STEWART,,0,2001 Year-end Report (ND),,0,Not Specified
127,201,Individual,10315,"Moore, Richard T.",5/8/2001,Low,Richard M.,5-A Fulling Mill Lane,Hingham,MA,02043,500.0,Ophthalmologist,Eye Health Services,,0,2001 Year-end Report (ND),,0,Not Specified
128,201,Individual,10315,"Moore, Richard T.",5/9/2001,Seraphin,Leleta,260 Peakham Road,Sudbury,MA,01776,400.0,Letter Sent 1-18-02,,,0,2001 Year-end Report (ND),,0,Not Specified
129,201,Individual,10315,"Moore, Richard T.",5/9/2001,Buzney,Sheldon Marc,100 Charles River Plaza,Boston,MA,02114,250.0,Physician,Self-employed,,0,2001 Year-end Report (ND),,0,Not Specified
130,201,Individual,12534,"Jones Jr., Bradley H.",5/9/2001,Ruderman,Morton E.,31 Wildwood Drive,Lynnfield,MA,01940,100.0,,,,0,2001 Year-end Report (ND),,0,Not Specified
131,201,Individual,12119,"Quinn, John F.",5/9/2001,Pezzella,Paul,215 Commonwealth Ave.  Apt. 2,Boston,MA,02116,100.0,,,,0,2001 Year-end Report (ND),,0,Not Specified
132,201,Individual,12119,"Quinn, John F.",5/9/2001,Donovan,Paul,82 Park Ave.,Newton,MA,02458,100.0,,,,0,2001 Year-end Report (ND),,0,Not Specified
133,201,Individual,12119,"Quinn, John F.",5/9/2001,Cremin,Thomas,1 Beacon St.  13th Floor,Boston,MA,02108,100.0,,,,0,2001 Year-end Report (ND),,0,Not Specified
134,201,Individual,12119,"Quinn, John F.",5/10/2001,Mc Bratney,James,1028 Horseneck Rd.,Westport,MA,02790,100.0,Management,Sylvan Nurseries,,0,2001 Year-end Report (ND),,0,Not Specified
135,201,Individual,10025,"Berry, Frederick E.",5/10/2001,Gray,Lauren R.,38 Pine Plain Road,Boxford,MA,01921,500.0,Consultant,"Timothy J. Gray, Independent Consultants",,0,2001 Year-end Report (ND),,0,Not Specified
136,201,Individual,10025,"Berry, Frederick E.",5/10/2001,Gray,Timothy J.,38 Pine Plain Road,Boxford,MA,01921,500.0,Consultant,"Timothy J. Gray, Independent Consultants",,0,2001 Year-end Report (ND),,0,Not Specified
137,201,Individual,10025,"Berry, Frederick E.",5/10/2001,Deschenes,Julie A.,90 Dale Street,Dedham,MA,02026,50.0,,,,0,2001 Year-end Report (ND),,0,Not Specified
138,201,Individual,10025,"Berry, Frederick E.",5/10/2001,Hilferty,Joanne K.,49 Langdon Street,Cambridge,MA,02138,50.0,,,,0,2001 Year-end Report (ND),,0,Not Specified
139,201,Individual,10025,"Berry, Frederick E.",5/10/2001,McCarthy,Gerard L.,67 Margin Street,Peabody,MA,01960,125.0,Executive Director,North Shore ARC,,0,2001 Year-end Report (ND),,0,Not Specified
140,201,Individual,10025,"Berry, Frederick E.",5/10/2001,Singer,Kenneth W.,1045 West Street,Pittsfield,MA,01201,100.0,,,,0,2001 Year-end Report (ND),,0,Not Specified
141,201,Individual,10025,"Berry, Frederick E.",5/10/2001,Griffin,Robert J.,4 Avon Way,Quincy,MA,02169,100.0,,,,0,2001 Year-end Report (ND),,0,Not Specified
142,201,Individual,10025,"Berry, Frederick E.",5/10/2001,Wright,Bruce A.,P.O. Box 4315,Vero Beach,FL,32964-4315,500.0,Retired,,,0,2001 Year-end Report (ND),,0,Not Specified
143,201,Individual,10025,"Berry, Frederick E.",5/10/2001,Leopold,Deborah A.,75 Lindor Heights,Holyoke,MA,01040,100.0,,,,0,2001 Year-end Report (ND),,0,Not Specified
144,201,Individual,12119,"Quinn, John F.",5/10/2001,Segerstrom,Rhoda,69 Yale St.,Winchester,MA,01890,100.0,,,,0,2001 Year-end Report (ND),,0,Not Specified
145,201,Individual,10315,"Moore, Richard T.",5/10/2001,UniBank for Savings,,49 Church Street,Whitinsville,MA,01588,14.39,,,,0,2001 Year-end Report (ND),,0,Not Specified
146,201,Individual,10315,"Moore, Richard T.",5/10/2001,Papale,John J.,120 Ashford Road,Longmeadow,MA,01106,250.0,Physician/Ophthalmologist,Self-employed,,0,2001 Year-end Report (ND),,0,Not Specified
147,201,Individual,10315,"Moore, Richard T.",5/10/2001,Gallo,Jeffrey P.,149 Brook Street,Framingham,MA,01701,250.0,Letter Sent 1-18-02,,,0,2001 Year-end Report (ND),,0,Not Specified
148,201,Individual,10315,"Moore, Richard T.",5/11/2001,Umlas,James W.,237 Moody Street #564,Waltham,MA,02453,150.0,,,,0,2001 Year-end Report (ND),,0,Not Specified
149,201,Individual,10315,"Moore, Richard T.",5/11/2001,Ricker,Deanna P.,10 Chestnut Street,Needham,MA,02492,500.0,Physician,Self-employed,,0,2001 Year-end Report (ND),,0,Not Specified
150,201,Individual,10315,"Moore, Richard T.",5/11/2001,Kerrigan,Kathleen A.,10 Thaxter Road,Newton,MA,02460,500.0,Letter Sent 1-18-02,,,0,2001 Year-end Report (ND),,0,Not Specified
151,201,Individual,10315,"Moore, Richard T.",5/11/2001,"Rice, Jr.",Willard G.,19 Bay Path Drive,Boylston,MA,01505,500.0,Ophthalmologist,Self-employed,,0,2001 Year-end Report (ND),,0,Not Specified
152,201,Individual,12718,"Hahn, Celia",5/11/2001,Tomasini,LaVoy,72 Kensington,Westfield,MA,01085,100.0,,,,0,2001 Year-end Report (ND),,0,Not Specified
153,201,Individual,12718,"Hahn, Celia",5/11/2001,Simpson,Elizabeth,63 Serafino Court,Hamden,CT,06518,100.0,,,,0,2001 Year-end Report (ND),,0,Not Specified
154,201,Individual,10315,"Moore, Richard T.",5/12/2001,Pollan,Susan,36 Boylston Avenue,Providence,RI,02906,100.0,,,,0,2001 Year-end Report (ND),,0,Not Specified
155,201,Individual,12119,"Quinn, John F.",5/13/2001,Sheridan,Robert,16 Camelot Dr.,Hingham,MA,02043,300.0,CEO,Savings Bank Life Ins.,,0,2001 Year-end Report (ND),,0,Not Specified
156,201,Individual,12119,"Quinn, John F.",5/14/2001,Elliott,David,87 Eliot St.,South Natick,MA,01760,250.0,President/CEO,Depositors Insurance Fund,,0,2001 Year-end Report (ND),,0,Not Specified
157,201,Individual,12534,"Jones Jr., Bradley H.",5/15/2001,Colt,James D.,18 Larch Row,Wenham,MA,01984,50.0,,,,0,2001 Year-end Report (ND),,0,Not Specified
158,201,Individual,12557,"O'Brien, Thomas J.",5/15/2001,Shirley,Russell Jr.,25 Filmore Street,Plymouth,MA,02360,100.0,,,,0,2001 Year-end Report (ND),,0,Not Specified
159,201,Individual,12119,"Quinn, John F.",5/16/2001,Simonetti,Lisa,85 Fulton Spring Rd.,Medford,MA,02155,200.0,Legislative Agent,Hub Strategies,,0,2001 Year-end Report (ND),,0,Not Specified
160,201,Individual,11421,"Brewer, Stephen M.",5/17/2001,Lazare,Aaron,95 Dorset Road,Waban,MA,02468,100.0,,,,0,2001 Year-end Report (ND),,0,Not Specified
161,201,Individual,11421,"Brewer, Stephen M.",5/17/2001,Pezzella,Paul,"215 Commonwealth Ave., Apt 2",Boston,MA,02116,100.0,,,,0,2001 Year-end Report (ND),,0,Not Specified
162,201,Individual,11421,"Brewer, Stephen M.",5/17/2001,Delaney,Mark,25 Royal Crest Drive,North Andover,MA,01845,100.0,,,,0,2001 Year-end Report (ND),,0,Not Specified
163,201,Individual,11421,"Brewer, Stephen M.",5/17/2001,Habib,William,14-9 Royal Crest Drive,North Andover,MA,01845,100.0,,,,0,2001 Year-end Report (ND),,0,Not Specified
164,201,Individual,11421,"Brewer, Stephen M.",5/17/2001,Barrett,John,38 Congress Street,Greenfield,MA,01301,100.0,,,,0,2001 Year-end Report (ND),,0,Not Specified
165,201,Individual,11421,"Brewer, Stephen M.",5/17/2001,Gawle,Stanley,66 Colrain-Shelburne Falls Road,Shelburne Falls,MA,01370,100.0,,,,0,2001 Year-end Report (ND),,0,Not Specified
166,201,Individual,11421,"Brewer, Stephen M.",5/17/2001,Carito,William,460 Crafts Street,West Newton,MA,02465,100.0,,,,0,2001 Year-end Report (ND),,0,Not Specified
167,201,Individual,11421,"Brewer, Stephen M.",5/17/2001,Asquino,Daniel,170 Shore Road,Bourne,MA,02532,100.0,,,,0,2001 Year-end Report (ND),,0,Not Specified
168,201,Individual,11421,"Brewer, Stephen M.",5/17/2001,Peters,R. Norman,8 Old Lantern Circle,Paxton,MA,01612,100.0,,,,0,2001 Year-end Report (ND),,0,Not Specified
169,201,Individual,11421,"Brewer, Stephen M.",5/17/2001,Solomito,Joseph,104 Rinnock Road,Fitchburg,MA,01420,100.0,Asst. District Attorney,Commonwealth of MA,,0,2001 Year-end Report (ND),,0,Not Specified
170,201,Individual,11421,"Brewer, Stephen M.",5/17/2001,O'Sullivan,Kevin,5 Tattan Farm Road,Worcester,MA,01605,100.0,,,,0,2001 Year-end Report (ND),,0,Not Specified
171,201,Individual,11421,"Brewer, Stephen M.",5/17/2001,Carroll,Francis,11 Hancock Hill Drive,Worcester,MA,01609,100.0,,,,0,2001 Year-end Report (ND),,0,Not Specified
172,201,Individual,11421,"Brewer, Stephen M.",5/17/2001,Coffey,Dennis,155 Butman Road,Lowell,MA,01850,100.0,,,,0,2001 Year-end Report (ND),,0,Not Specified
173,201,Individual,11421,"Brewer, Stephen M.",5/17/2001,Haggerty,Jeffrey,6 Nelson Road,Rockland,MA,02370,200.0,Lobbyist,Brian Hickey Associates,,0,2001 Year-end Report (ND),,0,Not Specified
174,201,Individual,11421,"Brewer, Stephen M.",5/17/2001,Donoghue,Roger,27 Jackson Drive,Acton,MA,01720,200.0,Lobbyist,"Donoghue, Barrett & Singal",,0,2001 Year-end Report (ND),,0,Not Specified
175,201,Individual,11421,"Brewer, Stephen M.",5/17/2001,O'Brien,Neil,PO Box 1296,Melrose,MA,02176,200.0,Lobbyist,Brian Hickey Associates,,0,2001 Year-end Report (ND),,0,Not Specified
176,201,Individual,11421,"Brewer, Stephen M.",5/17/2001,Sheehy,Shawn,1 State Street Suite 1100,Boston,MA,02109,200.0,Attorney,Sheehy & Associates,,0,2001 Year-end Report (ND),,0,Not Specified
177,201,Individual,11421,"Brewer, Stephen M.",5/17/2001,Brennan,John,88 Beltran Street,Malden,MA,02148,200.0,Lobbyist,Brennan Group,,0,2001 Year-end Report (ND),,0,Not Specified
178,201,Individual,11421,"Brewer, Stephen M.",5/17/2001,Fitzpatrick,Daniel,30 Tucker Lane,Belchertown,MA,01007,50.0,,,,0,2001 Year-end Report (ND),,0,Not Specified
179,201,Individual,11421,"Brewer, Stephen M.",5/17/2001,Grace,Kevin,19 George Allen Road,West Brookfield,MA,01585,150.0,Dentist,Self-employed,,0,2001 Year-end Report (ND),,0,Not Specified
180,201,Individual,11421,"Brewer, Stephen M.",5/17/2001,Coflesky,John,South Royalston Road,Royalston,MA,01368,250.0,President,MA State Police Union,,0,2001 Year-end Report (ND),,0,Not Specified
181,201,Individual,11421,"Brewer, Stephen M.",5/17/2001,Ricca,Joseph,20 Bluegrass Lane,Shrewsbury,MA,01545,100.0,Lobbyist,Dewey Square Group,,0,2001 Year-end Report (ND),,0,Not Specified
182,201,Individual,11421,"Brewer, Stephen M.",5/17/2001,Stanton,Richard,51 Boynton Road,Medford,MA,02155,100.0,,,,0,2001 Year-end Report (ND),,0,Not Specified
183,201,Individual,13164,"Candaras, Gale D.",5/17/2001,Cremin,Thomas,1 Beacon Street,Boston,MA,02108,200.0,Attorney/Lobbyist,Thomas Cremin,,0,2001 Year-end Report (ND),,0,Not Specified
184,201,Individual,13164,"Candaras, Gale D.",5/17/2001,Diotalevi,James J.,16 Glenn Drive,Wilbraham,MA,01095,150.0,Owner/Operator,Alpha Oil,,0,2001 Year-end Report (ND),,0,Not Specified
185,201,Individual,11064,"Festa, Michael E.",5/17/2001,Hamblin,Eileen,1 Bellevue Ave.,Melrose,MA,02176,100.0,R.E. Broker,Remax Heritage,,0,2001 Year-end Report (ND),,0,Not Specified
186,201,Individual,12119,"Quinn, John F.",5/18/2001,Karol,Stephen,86 West St.,Attleboro,MA,02703,100.0,,,,0,2001 Year-end Report (ND),,0,Not Specified
187,201,Individual,11411,"Walsh, Marian",5/20/2001,"MURPHY, ESQ.",WAYNE R.,43 BOWDOIN STREET,BOSTON,MA,02114,250.0,ATTORNEY,SELF-EMPLOYED,,0,2001 Year-end Report (ND),,0,Not Specified
188,201,Individual,11411,"Walsh, Marian",5/21/2001,MacKINNON,ALAN J.,670 Baker Street,West Roxbury,MA,02132,150.0,,,,0,2001 Year-end Report (ND),,0,Not Specified
189,201,Individual,12119,"Quinn, John F.",5/21/2001,Casey,William,52 Coventry Rd.,Atkinson,NH,03811,100.0,,,,0,2001 Year-end Report (ND),,0,Not Specified
190,201,Individual,12534,"Jones Jr., Bradley H.",5/22/2001,Morgovsky,Pearl P.,50 Highland Terrace,Needham,MA,02494,100.0,,,,0,2001 Year-end Report (ND),,0,Not Specified
191,201,Individual,12534,"Jones Jr., Bradley H.",5/22/2001,Curley,Robert A.,77 White Oak Drive,Southington,CT,06489,100.0,,,,0,2001 Year-end Report (ND),,0,Not Specified
192,201,Individual,12534,"Jones Jr., Bradley H.",5/22/2001,Woods,David J.,101 Mountainview Drive,Clarksburg,MA,01247,100.0,,,,0,2001 Year-end Report (ND),,0,Not Specified
193,201,Individual,12534,"Jones Jr., Bradley H.",5/23/2001,Ravioli,Kenneth C.,7 Kings Row,North Reading,MA,01864,100.0,Civil Engineer,Mass. Highway Department,,0,2001 Year-end Report (ND),,0,Not Specified
194,201,Individual,10025,"Berry, Frederick E.",5/24/2001,Eastern Bank,,Main Street,Peabody,MA,01960,63.54,,,,0,2001 Year-end Report (ND),,0,Not Specified
195,201,Individual,13164,"Candaras, Gale D.",5/28/2001,Garvey,Glen J.,12 Cooley Drive,Wilbraham,MA,01095,500.0,Real Estate Agent,Self Employed,,0,2001 Year-end Report (ND),,0,Not Specified
196,201,Individual,13164,"Candaras, Gale D.",5/28/2001,Wells,Michael,80 Wheeler Avenue,Springfield,MA,01118,100.0,Probation Officer,Hampden County Courts,,0,2001 Year-end Report (ND),,0,Not Specified
197,201,Individual,11421,"Brewer, Stephen M.",5/29/2001,Solomito,Joseph,104 Rinnock Road,Fitchburg,MA,01420,100.0,Asst. District Attorney,Commonwealth of MA,,0,2001 Year-end Report (ND),,0,Not Specified
198,201,Individual,13283,"Fresolo, John P.",5/29/2001,"REMILLARD, JR.",ARTHUR,211 MAIN ST.,Webster,MA,01570,500.0,CEO,COMMERCE INSURANCE CO.,,0,2001 Year-end Report (ND),,0,Not Specified
199,201,Individual,10315,"Moore, Richard T.",5/30/2001,Sullivan,Thomas J.,20 Olde Colony Drive,Shrewsbury,MA,01545,100.0,,,,0,2001 Year-end Report (ND),,0,Not Specified
200,201,Individual,10315,"Moore, Richard T.",5/30/2001,Cass,William F.,71 Myrtle Avenue,Wakefield,MA,01880,200.0,Lobbyist,"Suffolk Group, LLP",,0,2001 Year-end Report (ND),,0,Not Specified
201,201,Individual,12534,"Jones Jr., Bradley H.",5/30/2001,Vincze,Christopher,1 Eisenhaur Lane,North Reading,MA,01864,100.0,Management,Self - ATC Group Services,,0,2001 Year-end Report (ND),,0,Not Specified
202,201,Individual,12534,"Jones Jr., Bradley H.",5/30/2001,Shawn Sheehy & Associates,,"1 State Street, Suite 1100",Boston,MA,02109,100.0,,,,0,2001 Year-end Report (ND),,0,Not Specified
203,201,Individual,10315,"Moore, Richard T.",6/1/2001,"Kennedy, Jr.",William H.,2616 Mohawk Circle,West Palm Beach,FL,33409,100.0,,,,0,2001 Year-end Report (ND),,0,Not Specified
204,201,Individual,10315,"Moore, Richard T.",6/1/2001,Goldblatt,Steven L.,"79 St. Botolph Street, #3",Boston,MA,02116,200.0,Lobbyist & Attorney,"The Suffolk Group, LLC",,0,2001 Year-end Report (ND),,0,Not Specified
205,201,Individual,13283,"Fresolo, John P.",6/1/2001,"LOFTUS, III",PATRICK J.,"9 PARK ST., SUITE 500",Boston,MA,02108,200.0,LAWYER,SELF-EMPLOYED,,0,2001 Year-end Report (ND),,0,Not Specified
206,201,Individual,11497,"Koczera, Robert M.",6/1/2001,Firstfed - interest,,Ashley Blvd,New Bedford,MA,02745,2.64,,,,0,2001 Year-end Report (ND),,0,Not Specified
