,Record Type ID,Record Type Description,Filer CPF ID,Filer Full Name Reverse,Date,Name,First Name,Address,City,State,Zip Code,Amount,Occupation,Employer,Principal Officer,Contributor CPF ID,Source Description,Description,Tender Type ID,Tender Type Description
0,201,Individual,12791,"Stanley, Harriett L.",1/1/2001,Esdaile,Mary Ann,568 Bay Road,Hamilton,MA,1936,200.0,Home,,,0,2001 Year-end Report (ND),,0,Not Specified
1,201,Individual,11497,"Koczera, Robert M.",1/1/2001,Firstfed - interest,,Ashley Blvd,New Bedford,MA,2745,529.01,,,,0,2001 Year-end Report (ND),,0,Not Specified
2,201,Individual,11497,"Koczera, Robert M.",1/1/2001,Firstfed - interest,,Ashley Blvd,New Bedford,MA,2745,6.54,,,,0,2001 Year-end Report (ND),,0,Not Specified
3,201,Individual,11066,"Bosley, Daniel E.",1/2/2001,"HALL, II",JOHN L.,"THREE CENTER PLAZA, SUITE 410",BOSTON,MA,2108,125.0,LAWYER,"D/B/A JOHN L. HALL, II",,0,2001 Year-end Report (ND),,0,Not Specified
4,201,Individual,11066,"Bosley, Daniel E.",1/2/2001,KAROL,STEPHEN J.,86 WEST ST.,ATTLEBORO,MA,2703,200.0,LOBBYIST,D/B/A STEPHEN KAROL,,0,2001 Year-end Report (ND),,0,Not Specified
5,201,Individual,11066,"Bosley, Daniel E.",1/3/2001,RHODES,DUSTY S.,OLD NORTH AVENUE,WESTON,MA,2193,500.0,EXEC. DIRECTOR,CONVENTIONS IN BOSTON,,0,2001 Year-end Report (ND),,0,Not Specified
6,201,Individual,11066,"Bosley, Daniel E.",1/3/2001,CITY OF NORTH ADAMS,,10 MAIN STREET,NORTH ADAMS,MA,1247,392.54,,,,0,2001 Year-end Report (ND),,0,Not Specified
7,201,Individual,11066,"Bosley, Daniel E.",1/3/2001,RHODES,DUSTY S.,OLD NORTH AVENUE,WESTON,MA,2193,500.0,EXEC. DIRECTOR,CONVENTIONS IN BOSTON,,0,2001 Year-end Report (ND),,0,Not Specified
8,201,Individual,10025,"Berry, Frederick E.",1/3/2001,Bartley,John C.,"11 Beacon Street, Suite 1030",Boston,MA,2108,200.0,Lobbyist,"John C. Bartley, Attorney @ Law",,0,2001 Year-end Report (ND),,0,Not Specified
9,201,Individual,13537,"Blumer (deceased), Deborah D.",1/3/2001,Blumer,Deborah D,7 Legewood Rd,Framingham,MA,1701,495.0,State Repr,Comm of Mass,,0,2001 Year-end Report (ND),,0,Not Specified
10,201,Individual,11066,"Bosley, Daniel E.",1/4/2001,BASSETT,OLGA,115 BUCKSKIN DR.,WESTON,MA,2193,500.0,HOTEL MANAGER,AIRPORT HOTEL,,0,2001 Year-end Report (ND),,0,Not Specified
11,201,Individual,11066,"Bosley, Daniel E.",1/4/2001,BASSETT,PETER,115 BUCKSKIN DR.,WESTON,MA,2193,500.0,HOTEL OWNER,AIRPORT HOTEL,,0,2001 Year-end Report (ND),,0,Not Specified
12,201,Individual,11066,"Bosley, Daniel E.",1/4/2001,CARPMAN,LAWRENCE M.,180 SPRING STREET,MARSHFIELD,MA,2050,125.0,LETTER SENT 1-12-01 AND 4-20-0,,,0,2001 Year-end Report (ND),,0,Not Specified
13,201,Individual,11066,"Bosley, Daniel E.",1/4/2001,HARRINGTON,JAMES,100 BROOKSIDE AVENUE,BELMONT,MA,2478,200.0,LOBBYIST,AMERICAN INSURANCE ASSOCIATES,,0,2001 Year-end Report (ND),,0,Not Specified
14,201,Individual,11066,"Bosley, Daniel E.",1/4/2001,MOSCARITOLO,ELIZABETH,60 ORIENT AVE.,EAST BOSTON,MA,2128,500.0,HOUSE WIFE,031700,,0,2001 Year-end Report (ND),,0,Not Specified
15,201,Individual,11066,"Bosley, Daniel E.",1/4/2001,MOSCARITOLO,PATRICK B.,60 ORIENT AVE.,EAST BOSTON,MA,2128,500.0,PRES. CEO,GREATOR BOSTON & BUSINESS,,0,2001 Year-end Report (ND),,0,Not Specified
16,201,Individual,10315,"Moore, Richard T.",1/4/2001,Goldstein,Edward S.,30 Mill Street,Newton Center,MA,2459,75.0,Charter Communications,Vice President,,0,2001 Year-end Report (ND),,0,Not Specified
17,201,Individual,11066,"Bosley, Daniel E.",1/6/2001,KATZ,GORDON P.,5 SOUTHWICK ROAD,WABAN,MA,2468,200.0,LAWYER,HOLLAND & KNIGHT LLP,,0,2001 Year-end Report (ND),,0,Not Specified
18,201,Individual,12791,"Stanley, Harriett L.",1/7/2001,O'Brien,Daniel P.,275 Central Street,Saugus,MA,1906,125.0,,,,0,2001 Year-end Report (ND),,0,Not Specified
19,201,Individual,10025,"Berry, Frederick E.",1/8/2001,"Bessette, Esquire",Thomas E.,31 Wellesley Park,Dorchester,MA,2124,100.0,,,,0,2001 Year-end Report (ND),,0,Not Specified
20,201,Individual,11066,"Bosley, Daniel E.",1/8/2001,FINNEGAN,NEAL F.,87 ATLANTIC AVENUE,COHASSET,MA,2025,125.0,LETTER SENT 1-12-01 AND 4-20-0,,,0,2001 Year-end Report (ND),,0,Not Specified
21,201,Individual,11411,"Walsh, Marian",1/8/2001,"GUARINO, DMD",JOSEPH M.,3 RICHWOOD STREET,WEST ROXBURY,MA,2132,100.0,,,,0,2001 Year-end Report (ND),,0,Not Specified
22,201,Individual,11066,"Bosley, Daniel E.",1/9/2001,RUDDOCK,ROBERT R.,436 PLEASANT STREET,BELMONT,MA,2178,100.0,"LETTER SENT 1/12/01, 4/20/01",,,0,2001 Year-end Report (ND),,0,Not Specified
23,201,Individual,12557,"O'Brien, Thomas J.",1/9/2001,Vercollone,Leo,P.O. Box 2809,Duxbury,MA,2331,100.0,,,,0,2001 Year-end Report (ND),,0,Not Specified
24,201,Individual,11421,"Brewer, Stephen M.",1/9/2001,Bellerman,Hans,565 Elm Street,Fitchburg,MA,1420,300.0,"Clerk Magistrate, Winchendon C",Commonwealth of MA,,0,2001 Year-end Report (ND),,0,Not Specified
25,201,Individual,11421,"Brewer, Stephen M.",1/9/2001,Gengel,Leonard,PO Box 355,Rutland,MA,1543,300.0,Owner,C&S Builders,,0,2001 Year-end Report (ND),,0,Not Specified
26,201,Individual,11421,"Brewer, Stephen M.",1/9/2001,O'Malley,Edward,153 Shay Road,West Brookfield,MA,1585,50.0,,,,0,2001 Year-end Report (ND),,0,Not Specified
27,201,Individual,11421,"Brewer, Stephen M.",1/9/2001,Waskiewicz,David,66 Orchard Lane,East Templeton,MA,1438,100.0,,,,0,2001 Year-end Report (ND),,0,Not Specified
28,201,Individual,11066,"Bosley, Daniel E.",1/10/2001,WHITE,PATRICIA EVANS,"370 OCEAN AVE, APT 909",REVERE,MA,2151,300.0,"LETTER SENT 1/12/01, 4/20/01",,,0,2001 Year-end Report (ND),,0,Not Specified
29,201,Individual,11066,"Bosley, Daniel E.",1/10/2001,GLOVSKY,ROBERT J.,18 OLD CONNECTICUT PATH,WAYLAND,MA,1778,125.0,LETTER SENT 2-7-01 AND 4-20-01,,,0,2001 Year-end Report (ND),,0,Not Specified
30,201,Individual,11066,"Bosley, Daniel E.",1/10/2001,NIVAUD,ANNICK D.,390 ATLANTIC AVENUE,COHASSET,MA,2025,250.0,"LETTER SENT 1/12/01, 4/20/01",,,0,2001 Year-end Report (ND),,0,Not Specified
31,201,Individual,11066,"Bosley, Daniel E.",1/10/2001,OBER,STACEY,218 BULLARD STREET,HOLDEN,MA,1520,75.0,"LETTER SENT 1/12/01, 4/20/01",,,0,2001 Year-end Report (ND),,0,Not Specified
32,201,Individual,11066,"Bosley, Daniel E.",1/10/2001,GOODMAN,ABBIE R.,36 GRANTLAND ROAD,WELLESLEY,MA,2481,125.0,LETTER SENT 1-12-01 AND 4-20-0,,,0,2001 Year-end Report (ND),,0,Not Specified
33,201,Individual,11066,"Bosley, Daniel E.",1/10/2001,FINNERAN,ROBERT C.,"42 8TH AVE, APT. 1410",CHARLESTOWN,MA,2129,125.0,LETTER SENT 1-12-01 AND 4-20-0,,,0,2001 Year-end Report (ND),,0,Not Specified
34,201,Individual,11066,"Bosley, Daniel E.",1/10/2001,CRAVEN,GLORIA A.,39 SAMSON ROAD,MEDFORD,MA,2155,75.0,LETTER SENT 1-12-01 AND 4-20-0,,,0,2001 Year-end Report (ND),,0,Not Specified
35,201,Individual,11066,"Bosley, Daniel E.",1/10/2001,CRONIN,GEORGE F.,58 CERDAN AVENUE,BOSTON,MA,2131,100.0,LETTER SENT 1-12-01 AND 4-20-0,,,0,2001 Year-end Report (ND),,0,Not Specified
36,201,Individual,11066,"Bosley, Daniel E.",1/10/2001,BAERLEIN,JOSEPH T.,65 EAST INDIA RD.,BOSTON,MA,2110,200.0,LOBBYST,D/B/A JOSEPH BAERLEIN,,0,2001 Year-end Report (ND),,0,Not Specified
37,201,Individual,11066,"Bosley, Daniel E.",1/10/2001,BOK,ALEXANDER T.,35 MELROSE STREET,BOSTON,MA,2118,125.0,LETTER SENT 01-12-01 AND 4-20-,,,0,2001 Year-end Report (ND),,0,Not Specified
38,201,Individual,11066,"Bosley, Daniel E.",1/10/2001,KERSHAW,THOMAS A.,84 BEACON ST.,BOSTON,MA,2108,500.0,HOTEL OWNER,HAMPSHIRE HOUSE,,0,2001 Year-end Report (ND),,0,Not Specified
39,201,Individual,11066,"Bosley, Daniel E.",1/10/2001,RASKY,LAWRENCE B.,20 BRIDLE PATH,WESTWOOD,MA,2090,500.0,PRESIDENT,D/B/A LAWRENCE B. RASKY,,0,2001 Year-end Report (ND),,0,Not Specified
40,201,Individual,11066,"Bosley, Daniel E.",1/10/2001,WHITE,ROBERT,"370 OCEAN AVE., APT. 909",REVERE,MA,2151,200.0,LOBBYIST,D/B/A,,0,2001 Year-end Report (ND),,0,Not Specified
41,201,Individual,11066,"Bosley, Daniel E.",1/11/2001,LORD,RICHARD C.,18 TAMARACK LANE,PEABODY,MA,1960,125.0,PRESIDENT,A&M INDUSTRIES,,0,2001 Year-end Report (ND),,0,Not Specified
42,201,Individual,10315,"Moore, Richard T.",1/13/2001,Murphy,Debra M.,3 Dudley-Oxford Road,Dudley,MA,1571,100.0,,,,0,2001 Year-end Report (ND),,0,Not Specified
43,201,Individual,11428,"Resor, Pamela P.",1/13/2001,Keyes,Judith B.,91 Liberty St,Concord,MA,1742,100.0,,,,0,2001 Year-end Report (ND),,0,Not Specified
44,201,Individual,12534,"Jones Jr., Bradley H.",1/16/2001,O'Leary,Eugene T.,62 Central Street,North Reading,MA,1864,250.0,Owner/Optometrist,Reading Eye Associates,,0,2001 Year-end Report (ND),,0,Not Specified
45,201,Individual,13537,"Blumer (deceased), Deborah D.",1/18/2001,Cremin,Thomas,"1 Beacon St, 13th Flr",Boston,MA,2108,100.0,,,,0,2001 Year-end Report (ND),,0,Not Specified
46,201,Individual,12557,"O'Brien, Thomas J.",1/23/2001,Fischman,Steven,One Wells Avenue,Newton,MA,2159,200.0,Real Estate Developer,New England Development,,0,2001 Year-end Report (ND),,0,Not Specified
47,201,Individual,12557,"O'Brien, Thomas J.",1/23/2001,Green,Anthony,288 Waban Avenue,Waban,MA,2468,200.0,Homebuilder,The Green Companies,,0,2001 Year-end Report (ND),,0,Not Specified
48,201,Individual,12557,"O'Brien, Thomas J.",1/23/2001,Judge,John,19 Susan Carsley Way,Sandwich,MA,2563,100.0,,,,0,2001 Year-end Report (ND),,0,Not Specified
49,201,Individual,12557,"O'Brien, Thomas J.",1/23/2001,Karp,Stephen,One Wells Avenue,Newton,MA,2159,200.0,Real Estate Developer,New England Development,,0,2001 Year-end Report (ND),,0,Not Specified
50,201,Individual,10106,"Correia, Robert",1/24/2001,Manning,Kevin,Plymouth Avenue,Fall River,MA,2721,125.0,,Swansea Realty Trust,,0,2001 Year-end Report (ND),,0,Not Specified
51,201,Individual,10106,"Correia, Robert",1/24/2001,Ferris,Monte,1028 Ray Street,Fall River,MA,2720,250.0,owner,Vnus deMilo Restaurant,,0,2001 Year-end Report (ND),,0,Not Specified
52,201,Individual,11421,"Brewer, Stephen M.",1/25/2001,Roccanti,Alfred,"281 Chauncey Walker, No 240",Belchertown,MA,1007,100.0,,,,0,2001 Year-end Report (ND),,0,Not Specified
53,201,Individual,11421,"Brewer, Stephen M.",1/25/2001,Raphaelson,Milton,Tantasqua Shore Road,Sturbridge,MA,1566,100.0,,,,0,2001 Year-end Report (ND),,0,Not Specified
54,201,Individual,11421,"Brewer, Stephen M.",1/25/2001,Bellerman,Hans,565 Elm Street,Fitchburg,MA,1420,50.0,"Clerk Magistrate, Winchendon C",Commonwealth of MA,,0,2001 Year-end Report (ND),,0,Not Specified
55,201,Individual,11421,"Brewer, Stephen M.",1/25/2001,Bellerman,Hans,565 Elm Street,Fitchburg,MA,1420,50.0,"Clerk Magistrate, Winchendon C",Commonwealth of MA,,0,2001 Year-end Report (ND),,0,Not Specified
56,201,Individual,10315,"Moore, Richard T.",1/25/2001,Moore,Richard T.,235 Williams Street,Uxbridge,MA,1569,3138.68,Senator,State of Massachusetts,,0,2001 Year-end Report (ND),,0,Not Specified
57,201,Individual,12119,"Quinn, John F.",1/25/2001,Lang,Jeffrey,13 Centre St.,New Bedford,MA,2740,75.0,,,,0,2001 Year-end Report (ND),,0,Not Specified
58,201,Individual,11411,"Walsh, Marian",1/25/2001,MILLER,LOUIS C.,73 Martin Street,West Roxbury,MA,2132,100.0,,,,0,2001 Year-end Report (ND),,0,Not Specified
59,201,Individual,11411,"Walsh, Marian",1/26/2001,HICKEY,BRIAN,9 Park Street,Boston,MA,2108,100.0,Lobbyist,Self-employed,,0,2001 Year-end Report (ND),,0,Not Specified
60,201,Individual,10106,"Correia, Robert",1/26/2001,MA Soc. Of CPA's  PAC,ID# 80262,105 Chauncy Street,Boston,MA,2111,250.0,,,,0,2001 Year-end Report (ND),,0,Not Specified
61,201,Individual,10106,"Correia, Robert",1/26/2001,Onorato,Raymond,1826 S. Main Street,Fall River,MA,2720,500.0,owner,Rays Florist,,0,2001 Year-end Report (ND),,0,Not Specified
62,201,Individual,10106,"Correia, Robert",1/26/2001,Bullard,John,19 Irving St.,New Bedford,MA,2742,125.0,,,,0,2001 Year-end Report (ND),,0,Not Specified
63,201,Individual,10025,"Berry, Frederick E.",1/26/2001,Gilligan,Charles W.,12 Bisson Street,Beverly,MA,1915,100.0,Retired,,,0,2001 Year-end Report (ND),,0,Not Specified
64,201,Individual,10025,"Berry, Frederick E.",1/26/2001,Harrington,Patricia A.,4 Fort Sewall Terrace,Marblehead,MA,1945,100.0,,,,0,2001 Year-end Report (ND),,0,Not Specified
65,201,Individual,10025,"Berry, Frederick E.",1/26/2001,"Tomasini, Jr.",Ray,39 Greaton Road,West Roxbury,MA,2132,100.0,,,,0,2001 Year-end Report (ND),,0,Not Specified
66,201,Individual,11428,"Resor, Pamela P.",1/27/2001,Purchon,Susan F.,9 Baxter Road,Acton,MA,1720,100.0,,,,0,2001 Year-end Report (ND),,0,Not Specified
67,201,Individual,12119,"Quinn, John F.",1/27/2001,Dunning,Brian,P.O. Box 13,Assonet,MA,2702,100.0,Rest. Owner,Independence Harbor,,0,2001 Year-end Report (ND),,0,Not Specified
68,201,Individual,10106,"Correia, Robert",1/29/2001,Silva,Paul,265 Contry Hill Dr.,N. Dighton,MA,2764,125.0,,,,0,2001 Year-end Report (ND),,0,Not Specified
69,201,Individual,10106,"Correia, Robert",1/30/2001,Day,John,37 Myles Standish Dr.,N. Dartmouth,MA,2747,125.0,,,,0,2001 Year-end Report (ND),,0,Not Specified
70,201,Individual,10106,"Correia, Robert",1/30/2001,Kelliher,Robert,37 Point of Pines Rd.,E. Freetown,MA,2717,500.0,letter sent see attached,,,0,2001 Year-end Report (ND),,0,Not Specified
71,201,Individual,10106,"Correia, Robert",1/31/2001,Beer Distributors PAC,,"45 School Street,4th fl.",Boston,MA,2108,500.0,CPF#80051Y,,,0,2001 Year-end Report (ND),,0,Not Specified
72,201,Individual,10106,"Correia, Robert",1/31/2001,Sardinha,Manuel,297 Plain Street,Fall River,MA,2723,125.0,,,,0,2001 Year-end Report (ND),,0,Not Specified
73,201,Individual,10025,"Berry, Frederick E.",1/31/2001,North Shore Bank,,Main Street,Peabody,MA,1960,47.32,,,,0,2001 Year-end Report (ND),,0,Not Specified
74,201,Individual,10106,"Correia, Robert",1/31/2001,Neto,Manuel,13 Country Club Blvd.,N. Dartmouth,MA,2747,125.0,,,,0,2001 Year-end Report (ND),,0,Not Specified
75,201,Individual,10106,"Correia, Robert",1/31/2001,Tessier,Aldam,172 Burgess Road,Somerset,MA,2726,250.0,retired,,,0,2001 Year-end Report (ND),,0,Not Specified
76,201,Individual,10106,"Correia, Robert",2/1/2001,Stoico,Robert,P.O. Box 2601,Fall River,MA,2722,125.0,,,,0,2001 Year-end Report (ND),,0,Not Specified
77,201,Individual,10106,"Correia, Robert",2/1/2001,Ryan,Thomas,76 Rumstick Rd.,Barrington,RI,2806,125.0,president,Citizens Union Savings Bank,,0,2001 Year-end Report (ND),,0,Not Specified
78,201,Individual,10106,"Correia, Robert",2/1/2001,Sbrega,John,18 Albany Street,Fall River,MA,2720,125.0,,,,0,2001 Year-end Report (ND),,0,Not Specified
79,201,Individual,12860,"Donahue, John T.",2/1/2001,Walsh,David,115 Highland Shores Drive,Wareham,MA,2571,250.0,civil engineer,Cullinan Engineering,,0,2002 Pre-primary Report (ND),,0,Not Specified
80,201,Individual,11497,"Koczera, Robert M.",2/1/2001,Firstfed - interest,,Ashley Blvd,New Bedford,MA,2745,5.83,,,,0,2001 Year-end Report (ND),,0,Not Specified
