,Record Type ID,Record Type Description,Filer CPF ID,Filer Full Name Reverse,Date,Name,First Name,Address,City,State,Zip Code,Amount,Occupation,Employer,Principal Officer,Contributor CPF ID,Source Description,Description,Tender Type ID,Tender Type Description
0,201,Individual,10315,"Moore, Richard T.",6/1/2001,"Kennedy, Jr.",William H.,2616 Mohawk Circle,West Palm Beach,FL,33409,100.0,,,,0,2001 Year-end Report (ND),,0,Not Specified
1,201,Individual,10315,"Moore, Richard T.",6/1/2001,Goldblatt,Steven L.,"79 St. Botolph Street, #3",Boston,MA,02116,200.0,Lobbyist & Attorney,"The Suffolk Group, LLC",,0,2001 Year-end Report (ND),,0,Not Specified
2,201,Individual,13283,"Fresolo, John P.",6/1/2001,"LOFTUS, III",PATRICK J.,"9 PARK ST., SUITE 500",Boston,MA,02108,200.0,LAWYER,SELF-EMPLOYED,,0,2001 Year-end Report (ND),,0,Not Specified
3,201,Individual,11497,"Koczera, Robert M.",6/1/2001,Firstfed - interest,,Ashley Blvd,New Bedford,MA,02745,2.64,,,,0,2001 Year-end Report (ND),,0,Not Specified
4,201,Individual,12293,"Simmons (Deceased), Mary Jane",6/2/2001,OBER,STACEY,218 BULLARD STREET,Holden,MA,01520,100.0,LOBBYIST,CRAVEN & OBER POLICY STRATEGIST,,0,2001 Year-end Report (ND),,0,Not Specified
5,201,Individual,12534,"Jones Jr., Bradley H.",6/2/2001,Cass,William F.,71 Myrtle Avenue,Wakefield,MA,01880,200.0,Lobbyist/Principal,"The Suffolk Group, LLC",,0,2001 Year-end Report (ND),,0,Not Specified
6,201,Individual,11421,"Brewer, Stephen M.",6/3/2001,Solomito,Joseph,104 Rinnock Road,Fitchburg,MA,01420,100.0,Asst. District Attorney,Commonwealth of MA,,0,2001 Year-end Report (ND),,0,Not Specified
7,201,Individual,11421,"Brewer, Stephen M.",6/4/2001,Hickey,Brian,9 Park Street Suite 500,Boston,MA,02108,200.0,Lobbyist,Brian Hickey & Associates,,0,2001 Year-end Report (ND),,0,Not Specified
8,201,Individual,11421,"Brewer, Stephen M.",6/4/2001,Bellerman,Marcia,565 Elm Street,Fitchburg,MA,01420,100.0,Probation Officer,Trial Court of MA,,0,2001 Year-end Report (ND),,0,Not Specified
9,201,Individual,10315,"Moore, Richard T.",6/4/2001,Lusardi,Henry,"370 Main Street, #1075",Worcester,MA,01608,200.0,CPA,Singer & Lusardi,,0,2001 Year-end Report (ND),,0,Not Specified
10,201,Individual,11428,"Resor, Pamela P.",6/4/2001,Courtney,Lynn V.,5 Candida Lane,Acton,MA,01720,100.0,,,,0,2001 Year-end Report (ND),,0,Not Specified
11,201,Individual,11973,"Larkin, Peter J.",6/5/2001,Maclean,William,349 Dana Farms,Fairhaven,MA,02719,125.0,,,,0,2001 Year-end Report (ND),,0,Not Specified
12,201,Individual,12718,"Hahn, Celia",6/5/2001,Reed,John E,260 N. Elm Street,Westfield,MA,01085,100.0,Executive,,,0,2001 Year-end Report (ND),,0,Not Specified
13,201,Individual,12718,"Hahn, Celia",6/5/2001,Bruce,John,17 South Maple Street,Westfield,MA,01085,100.0,,,,0,2001 Year-end Report (ND),,0,Not Specified
14,201,Individual,12718,"Hahn, Celia",6/5/2001,Fierro,Benjamin,141 Tremont Street,Boston,MA,02111,100.0,,,,0,2001 Year-end Report (ND),,0,Not Specified
15,201,Individual,11973,"Larkin, Peter J.",6/6/2001,Sasso,John,38 Wallace Road,Wayland,MA,01778,100.0,Lobbyist,Advanced Strategies,,0,2001 Year-end Report (ND),,0,Not Specified
16,201,Individual,11973,"Larkin, Peter J.",6/10/2001,McDevitt,Paul,41 Cleveland Ave,Braintree,MA,02148,125.0,President,Modern Assistance Programs Inc,,0,2001 Year-end Report (ND),,0,Not Specified
17,201,Individual,11421,"Brewer, Stephen M.",6/10/2001,Solomito,Joseph,104 Rinnock Road,Fitchburg,MA,01420,100.0,Asst. District Attorney,Commonwealth of MA,,0,2001 Year-end Report (ND),,0,Not Specified
18,201,Individual,10315,"Moore, Richard T.",6/10/2001,Stevens,Craig M.,11 Paul Revere Drive,Worcester,MA,01609,100.0,,,,0,2001 Year-end Report (ND),,0,Not Specified
19,201,Individual,10315,"Moore, Richard T.",6/11/2001,Hunt,John D.,"770 Salisbury Street, #514",Worcester,MA,01609,100.0,,,,0,2001 Year-end Report (ND),,0,Not Specified
20,201,Individual,12534,"Jones Jr., Bradley H.",6/11/2001,Strob,Edward L.,26 Tower Hill Road,North Reading,MA,01864,100.0,,,,0,2001 Year-end Report (ND),,0,Not Specified
21,201,Individual,11973,"Larkin, Peter J.",6/11/2001,Alviani,Joseph,52 Hillside Avenue,West Newton,MA,02465,250.0,Consultant,"ML Strategies, LLC",,0,2001 Year-end Report (ND),,0,Not Specified
22,201,Individual,11973,"Larkin, Peter J.",6/11/2001,Larkin,Joseph,1277 Walnut St,Newton,MA,02461,250.0,Lobbyist,,,0,2001 Year-end Report (ND),,0,Not Specified
23,201,Individual,11973,"Larkin, Peter J.",6/12/2001,Nurse Plan,,340 Turnpike St.,Canton,,02021,200.0,,,,0,2001 Year-end Report (ND),,0,Not Specified
24,201,Individual,11973,"Larkin, Peter J.",6/14/2001,McEwan,Robert,44 Fairway Avenue,Delmar,NY,12054,125.0,,Nixon Peabody LLP,,0,2001 Year-end Report (ND),,0,Not Specified
25,201,Individual,10315,"Moore, Richard T.",6/14/2001,Kapoor,Prem,154 Harvard Street,Newtonville,MA,02460,500.0,Homemaker,,,0,2001 Year-end Report (ND),,0,Not Specified
26,201,Individual,10315,"Moore, Richard T.",6/15/2001,Sarkar,Srutish,"133 Franklin Street, #204",Stoneham,MA,02180,500.0,Civil Engineer,"MA Highway Dept., Dist.#4, Arlington",,0,2001 Year-end Report (ND),,0,Not Specified
27,201,Individual,10315,"Moore, Richard T.",6/15/2001,UniBank for Savings,,49 Church Street,Whitinsville,MA,01588,15.03,,,,0,2001 Year-end Report (ND),,0,Not Specified
28,201,Individual,12534,"Jones Jr., Bradley H.",6/15/2001,Godin,Jason J.,"37 Mount Vernon Street, #1",Charlestown,MA,02129,150.0,,,,0,2001 Year-end Report (ND),,0,Not Specified
29,201,Individual,10315,"Moore, Richard T.",6/15/2001,Dowdell,Richard,6 Causeway Street,Medway,MA,02053,96.0,Gov't Affairs Liason,MA National Guard,,0,2001 Year-end Report (ND),,0,Not Specified
30,201,Individual,10315,"Moore, Richard T.",6/15/2001,"Kelley, Jr.",Frederic J.,12-A Country Club Lane,Milford,MA,01757,120.0,Retired,,,0,2001 Year-end Report (ND),,0,Not Specified
31,201,Individual,10315,"Moore, Richard T.",6/15/2001,DiAntonio,Joseph C.,14 Fairview Road,Milford,MA,01757,24.0,Retired,,,0,2001 Year-end Report (ND),,0,Not Specified
32,201,Individual,10315,"Moore, Richard T.",6/15/2001,Calarese,A. Richard,148 Rockmeadow Road,Uxbridge,MA,01569,24.0,,,,0,2001 Year-end Report (ND),,0,Not Specified
33,201,Individual,10315,"Moore, Richard T.",6/15/2001,Collin,Judith C.,252 Lincoln Street,Blackstone,MA,01504,24.0,,,,0,2001 Year-end Report (ND),,0,Not Specified
34,201,Individual,10315,"Moore, Richard T.",6/15/2001,Griffith,James D.,141 Congress Street,Milford,MA,01757,24.0,,,,0,2001 Year-end Report (ND),,0,Not Specified
35,201,Individual,10315,"Moore, Richard T.",6/17/2001,Cibley,Lawrence J.,299 Commonwealth Avenue,Warwick,RI,02886,120.0,Retired,,,0,2001 Year-end Report (ND),,0,Not Specified
36,201,Individual,10315,"Moore, Richard T.",6/17/2001,Allen,Conrad M.,16 Flaxfield Road,Dudley,MA,01571,48.0,Realtor,"Self--27 E. Main, 01570",,0,2001 Year-end Report (ND),,0,Not Specified
37,201,Individual,10315,"Moore, Richard T.",6/18/2001,Vires,George W.,153 Providence Road,Grafton,MA,01519,72.0,Partner,Uxbridge Salvage Center,,0,2001 Year-end Report (ND),,0,Not Specified
38,201,Individual,10315,"Moore, Richard T.",6/18/2001,Picard,Ernest O.,96 Carney Street,Uxbridge,MA,01569,24.0,Retired,,,0,2001 Year-end Report (ND),,0,Not Specified
39,201,Individual,10315,"Moore, Richard T.",6/18/2001,Taddei,John A.,295 1/2 Central Street,Milford,MA,01757,24.0,,,,0,2001 Year-end Report (ND),,0,Not Specified
40,201,Individual,10315,"Moore, Richard T.",6/18/2001,DeCapua,Pacifico M.,11 North Vine Street,Milford,MA,01757,100.0,Attorney,Self-employed,,0,2001 Year-end Report (ND),,0,Not Specified
41,201,Individual,10315,"Moore, Richard T.",6/18/2001,Coakley,John F.,363 Burncoat Street,Worcester,MA,01606,100.0,Doctor of Dental Medicine,,,0,2001 Year-end Report (ND),,0,Not Specified
42,201,Individual,12534,"Jones Jr., Bradley H.",6/18/2001,Beaulieu,Alan D.,153 Belmont Street,Reading,MA,01867,100.0,,,,0,2001 Year-end Report (ND),,0,Not Specified
43,201,Individual,10315,"Moore, Richard T.",6/18/2001,"Picknelly, Sr.",Peter,"1 Monarch Place, 25th Floor",Springfield,MA,01144,125.0,,,,0,2001 Year-end Report (ND),,0,Not Specified
44,201,Individual,13283,"Fresolo, John P.",6/18/2001,FIELDS,RONALD I.,21 POINT PLEASANT AVE.,Webster,MA,01570,100.0,,,,0,2001 Year-end Report (ND),,0,Not Specified
45,201,Individual,10315,"Moore, Richard T.",6/19/2001,Griffin,Robert P.,338 Burncoat Street,Worcester,MA,01606,100.0,,,,0,2001 Year-end Report (ND),,0,Not Specified
46,201,Individual,10315,"Moore, Richard T.",6/19/2001,Foley,Paul J.,40 Centerwood Drive,Holden,MA,01520,100.0,,,,0,2001 Year-end Report (ND),,0,Not Specified
47,201,Individual,10315,"Moore, Richard T.",6/19/2001,Bellerive,Catherine W.,"P.O. Box 275, 71 Park Road",Charlton City,MA,01508,24.0,,,,0,2001 Year-end Report (ND),,0,Not Specified
48,201,Individual,10315,"Moore, Richard T.",6/19/2001,Place,Elizabeth J.,60 Killdeer Island Road,Webster,MA,01570,24.0,,,,0,2001 Year-end Report (ND),,0,Not Specified
49,201,Individual,10315,"Moore, Richard T.",6/19/2001,"Gammal, Jr.",Albert A.,73 Sagamore Road,Worcester,MA,01609,24.0,Retired,,,0,2001 Year-end Report (ND),,0,Not Specified
50,201,Individual,11973,"Larkin, Peter J.",6/19/2001,Matthews,Paul,4 Hunthurst Circle,Worcester,MA,01602,100.0,,,,0,2001 Year-end Report (ND),,0,Not Specified
51,201,Individual,11973,"Larkin, Peter J.",6/19/2001,I.U.O.E. Local No. 4,,120 Mt. Hope St,Roslindale,,02131,250.0,,,,0,2001 Year-end Report (ND),,0,Not Specified
52,201,Individual,11973,"Larkin, Peter J.",6/19/2001,MA Lodging Association PAC,,"535 Boylston St., 6th Fl.",Boston,,02116,200.0,,,,0,2001 Year-end Report (ND),,0,Not Specified
53,201,Individual,11973,"Larkin, Peter J.",6/19/2001,Aleixo,Theodore,12 Taunton Green Suite 204,Taunton,MA,02780-3245,125.0,Lobbyist,C/o Alexio Law Offices P.C.,,0,2001 Year-end Report (ND),,0,Not Specified
54,201,Individual,10025,"Berry, Frederick E.",6/19/2001,Vargas,John F.,36 Rainbow Circle,Peabody,MA,01960,150.0,,,,0,2001 Year-end Report (ND),,0,Not Specified
55,201,Individual,10025,"Berry, Frederick E.",6/19/2001,Seamans,Stella-Mae R.,849 Hale Street,Beverly,MA,01915,25.0,,,,0,2001 Year-end Report (ND),,0,Not Specified
56,201,Individual,11973,"Larkin, Peter J.",6/19/2001,Baldino,Michael,10 Old Cart Rd.,Shrewsbury,MA,01545,125.0,,,,0,2001 Year-end Report (ND),,0,Not Specified
57,201,Individual,11973,"Larkin, Peter J.",6/19/2001,Begelfer,David,20 Walnut Hill Road,Chestnut Hill,MA,02167,125.0,Chief Executive Officer,NAIOP,,0,2001 Year-end Report (ND),,0,Not Specified
58,201,Individual,11973,"Larkin, Peter J.",6/19/2001,Brennan,John,88 Beltran Street,Malden,MA,02148,200.0,Lobbyist,The Brennan Group,,0,2001 Year-end Report (ND),,0,Not Specified
59,201,Individual,11973,"Larkin, Peter J.",6/19/2001,Bump,Suzanne,41 Cleveland Avenue,Braintree,MA,02184,200.0,Lobbyist,Citigroup Inc.,,0,2001 Year-end Report (ND),,0,Not Specified
60,201,Individual,11973,"Larkin, Peter J.",6/19/2001,Cass,William,71 Myrtle Avenue,Wakefield,MA,01880,200.0,Lobbyist,Suffolk Group,,0,2001 Year-end Report (ND),,0,Not Specified
61,201,Individual,11973,"Larkin, Peter J.",6/19/2001,Condron,Brian,6 Concord Cir.,Hingham,MA,02043,125.0,,Rasky/Baerlein,,0,2001 Year-end Report (ND),,0,Not Specified
62,201,Individual,11973,"Larkin, Peter J.",6/19/2001,Costello,Neal,"9 Park St, #500",Boston,MA,02108,200.0,Lobbyist,Brian S. Hickey Associates,,0,2001 Year-end Report (ND),,0,Not Specified
63,201,Individual,11973,"Larkin, Peter J.",6/19/2001,Cotton,Clare,1272 Beacon Street #8,Brookline,MA,02446,125.0,,,,0,2001 Year-end Report (ND),,0,Not Specified
64,201,Individual,11973,"Larkin, Peter J.",6/19/2001,Coyne,William,546 E. Broadway,South Boston,MA,02127,200.0,Lobbyist,"William F. Coyne, Jr. Esq., PC",,0,2001 Year-end Report (ND),,0,Not Specified
65,201,Individual,11973,"Larkin, Peter J.",6/19/2001,Donovan,Paul,82 Park Ave,Newton,MA,02458-2629,125.0,Attorney,"Choate, Hall & Stewart",,0,2001 Year-end Report (ND),,0,Not Specified
66,201,Individual,11973,"Larkin, Peter J.",6/19/2001,Edgerly,William,124 Mount Auburn Street,Cambridge,MA,02138,250.0,Business Owner,,,0,2001 Year-end Report (ND),,0,Not Specified
67,201,Individual,11973,"Larkin, Peter J.",6/19/2001,Farley,Peter,3 Mallard Run,Hingham,MA,02043,250.0,,,,0,2001 Year-end Report (ND),,0,Not Specified
68,201,Individual,11973,"Larkin, Peter J.",6/19/2001,Fields,Ronald,21 Point Pleasant Ave.,Webster,MA,01570--158,100.0,President,Consolidated Beverage,,0,2001 Year-end Report (ND),,0,Not Specified
69,201,Individual,11973,"Larkin, Peter J.",6/19/2001,Finnegan,Stephen,1296 Canton Ave.,Milton,MA,02186,125.0,Lobbyist,,,0,2001 Year-end Report (ND),,0,Not Specified
70,201,Individual,11973,"Larkin, Peter J.",6/19/2001,Flaherty,Charles,25 Homer Avenue,Cambridge,MA,02138,200.0,Lobbyist,MA Community Colleges,,0,2001 Year-end Report (ND),,0,Not Specified
71,201,Individual,11973,"Larkin, Peter J.",6/19/2001,Goldblatt,Steven,79 Saint Botolph St. #3,Boston,MA,02116-6404,100.0,Lobbyist,"The Suffolk Group, LLC",,0,2001 Year-end Report (ND),,0,Not Specified
72,201,Individual,11973,"Larkin, Peter J.",6/19/2001,Haggerty,Jeffrey,6 Nelson Road,Rockland,MA,02370,100.0,Lobbyist,Brian S. Hickey Associates,,0,2001 Year-end Report (ND),,0,Not Specified
73,201,Individual,11973,"Larkin, Peter J.",6/19/2001,Hickey,Brian,"9 Park St, #500",Boston,MA,02108,200.0,Lobbyist,Hickey & Associates,,0,2001 Year-end Report (ND),,0,Not Specified
74,201,Individual,11973,"Larkin, Peter J.",6/19/2001,Hogan,Michael,33 Spoonhill Avenue,Marlborough,MA,01752,125.0,,,,0,2001 Year-end Report (ND),,0,Not Specified
75,201,Individual,11973,"Larkin, Peter J.",6/19/2001,James,H.L. Bert,12 Macintyre Dr.,North Reading,MA,01864,125.0,General Manager,Hilton Boston Logan Airport,,0,2001 Year-end Report (ND),,0,Not Specified
76,201,Individual,11973,"Larkin, Peter J.",6/19/2001,Kearney,Dennis,7 Madison Ave West,Winchester,MA,01890,125.0,,"Choate, Hall & Stewart",,0,2001 Year-end Report (ND),,0,Not Specified
77,201,Individual,11973,"Larkin, Peter J.",6/19/2001,King,Edward,8 Porters Cove Rd.,Hingham,MA,02043,125.0,,Boston University,,0,2001 Year-end Report (ND),,0,Not Specified
78,201,Individual,11973,"Larkin, Peter J.",6/19/2001,Shapiro,David,21 Wormwood Street Apt 313,Boston,MA,02210,200.0,Consultant,ML Strategies,,0,2001 Year-end Report (ND),,0,Not Specified
79,201,Individual,11973,"Larkin, Peter J.",6/19/2001,Sheehy,Shawn,"One State St., #1100",Boston,MA,02109,200.0,Lobbyist,Sheehy & Associates,,0,2001 Year-end Report (ND),,0,Not Specified
80,201,Individual,11973,"Larkin, Peter J.",6/19/2001,Stasiowski,John,40 Fairbanks Avenue,Wellesley,MA,02181,200.0,Exec. Dir.,Mass. Wholesalers Of Malt Bev.,,0,2001 Year-end Report (ND),,0,Not Specified
81,201,Individual,11973,"Larkin, Peter J.",6/19/2001,Sullivan,Roger,"6 Cross St., Apt 1",Wellesley,MA,02482-6307,125.0,Vice President,,,0,2001 Year-end Report (ND),,0,Not Specified
82,201,Individual,11973,"Larkin, Peter J.",6/19/2001,Tatelman,Richard,50 Prince Drive,Danvers,MA,01923-1452,125.0,Vice President,Merimack Valley Distributors,,0,2001 Year-end Report (ND),,0,Not Specified
83,201,Individual,11973,"Larkin, Peter J.",6/19/2001,Tracy,Susan,75 North Cresent Circuit,Boston,MA,02135,125.0,,Strategies Group,,0,2001 Year-end Report (ND),,0,Not Specified
84,201,Individual,11973,"Larkin, Peter J.",6/19/2001,Volpe,Martha,29 Leonard Ave,West Newton,MA,02465,100.0,,,,0,2001 Year-end Report (ND),,0,Not Specified
85,201,Individual,11973,"Larkin, Peter J.",6/19/2001,Walsh,Terry Hansen,86 Rockland Drive,Pittsfield,MA,01202,100.0,,,,0,2001 Year-end Report (ND),,0,Not Specified
86,201,Individual,11973,"Larkin, Peter J.",6/19/2001,Walsh,John,16 Coolidge Road,Lynn,MA,01902,200.0,Lobbyist/Self Employed,"John Walsh, Esq.",,0,2001 Year-end Report (ND),,0,Not Specified
87,201,Individual,11973,"Larkin, Peter J.",6/19/2001,Muse,Michael,20 Chesterton Road,Wellesley,MA,02181,200.0,Lobbyist,MA Community Colleges,,0,2001 Year-end Report (ND),,0,Not Specified
88,201,Individual,11973,"Larkin, Peter J.",6/19/2001,Newman,Joseph,176 Newport Street,Arlington,MA,02174,125.0,Lobbyist,National Grid USA,,0,2001 Year-end Report (ND),,0,Not Specified
89,201,Individual,11973,"Larkin, Peter J.",6/19/2001,O'Brien,Daniel,275 Central Street,Saugus,MA,01906,100.0,Lobbyist,Cassidy & Associates,,0,2001 Year-end Report (ND),,0,Not Specified
90,201,Individual,11973,"Larkin, Peter J.",6/19/2001,O'Brien,Neil,P.O. Box 1296,Melrose,MA,02176,200.0,Lobbyist,Brian S. Hickey Assoc.,,0,2001 Year-end Report (ND),,0,Not Specified
91,201,Individual,11973,"Larkin, Peter J.",6/19/2001,O'Connor,Joanne,12 Pigeon Hill Drive,Grafton,MA,01519,125.0,,,,0,2001 Year-end Report (ND),,0,Not Specified
92,201,Individual,11973,"Larkin, Peter J.",6/19/2001,O'Reilly,Elaine,95 Cushing Street,Cambridge,MA,02138,100.0,Lobbyist,Governmental Strategies,,0,2001 Year-end Report (ND),,0,Not Specified
93,201,Individual,11973,"Larkin, Peter J.",6/19/2001,Pezzella,Paul,"215 Commonwealth Ave., Apt 2",Boston,MA,02116-1715,125.0,Lobbyist,"ADS Ventures, Inc.",,0,2001 Year-end Report (ND),,0,Not Specified
94,201,Individual,11973,"Larkin, Peter J.",6/19/2001,Ravosa,Anthony,77 Chatham Hill,South Glastonbury,CT,06073,200.0,President,The Vince Group,,0,2001 Year-end Report (ND),,0,Not Specified
95,201,Individual,11973,"Larkin, Peter J.",6/19/2001,Roche,Stephen,PO Box 337,Natick,MA,01760,125.0,Lobbyist,The Victory Group,,0,2001 Year-end Report (ND),,0,Not Specified
96,201,Individual,11973,"Larkin, Peter J.",6/19/2001,Rodophele,Robert,20 Samuel Parlin Drive,Acton,MA,01720,200.0,Lobbyist,"Ferriter, Scobbo, Caruso & Rod",,0,2001 Year-end Report (ND),,0,Not Specified
97,201,Individual,11973,"Larkin, Peter J.",6/19/2001,Rose,Jan,487 Washington St,Brookline,MA,02446,100.0,Lobbyist,ML Strategies,,0,2001 Year-end Report (ND),,0,Not Specified
98,201,Individual,11428,"Resor, Pamela P.",6/19/2001,Community National Bank,,P. O. Box 368,Hudson,MA,01749,0.02,,,,0,2001 Year-end Report (ND),,0,Not Specified
99,201,Individual,11066,"Bosley, Daniel E.",6/20/2001,SIMON,G.,615 GEORGETOWN PLACE,DAVIS,CA,95616,300.0,VICE PRESIDENT,NORTHEAST UTILITIES,,0,2001 Year-end Report (ND),,0,Not Specified
100,201,Individual,10315,"Moore, Richard T.",6/20/2001,"Littleton, Jr.",Robert F.,40 Godfrey Lane,Milford,MA,01757,120.0,Executive Director,Evergreen Center,,0,2001 Year-end Report (ND),,0,Not Specified
101,201,Individual,10315,"Moore, Richard T.",6/20/2001,Robeau,Kenneth E.,31 Saxon Road,Worcester,MA,01602,24.0,Sales Rep.,McNeil Consumer Healthcare,,0,2001 Year-end Report (ND),,0,Not Specified
102,201,Individual,10315,"Moore, Richard T.",6/20/2001,Alicea,Geraldo,117 North Sturbridge Road,Charlton,MA,01507,24.0,Probation Officer,Worcester Superior Court,,0,2001 Year-end Report (ND),,0,Not Specified
103,201,Individual,10315,"Moore, Richard T.",6/20/2001,Petty,Joseph M.,57 Wildrose Avenue,Worcester,MA,01602,24.0,,,,0,2001 Year-end Report (ND),,0,Not Specified
104,201,Individual,13283,"Fresolo, John P.",6/20/2001,NOYES,CHRISTOPHER K.,48 PAUGUS ROAD,Holden,MA,01520,100.0,,,,0,2001 Year-end Report (ND),,0,Not Specified
105,201,Individual,13164,"Candaras, Gale D.",6/20/2001,Straw,Stephen,43 Fountain Street,Springfield,MA,01108,40.0,Machinest,Mitchell Machinery,,0,2001 Year-end Report (ND),,0,Not Specified
106,201,Individual,13164,"Candaras, Gale D.",6/20/2001,Penk,Jennifer,43 Fountain Street,Springfield,MA,01108,39.0,Teacher,Chicopee,,0,2001 Year-end Report (ND),,0,Not Specified
107,201,Individual,13164,"Candaras, Gale D.",6/20/2001,Shea,Margaret,161 Saffron Circle,Springfield,MA,01129,40.0,Cashier,Big Y Foods,,0,2001 Year-end Report (ND),,0,Not Specified
108,201,Individual,10315,"Moore, Richard T.",6/21/2001,DeBartolomeis,Dino B.,11 Otis Street,Milford,MA,01757,25.0,,,,0,2001 Year-end Report (ND),,0,Not Specified
109,201,Individual,10315,"Moore, Richard T.",6/21/2001,"Amantea, MD",Louis L.,15 Sandstone Drive,South Easton,MA,02375,24.0,Chiropractor,"Self--800 Prov. Rd.,  01588",,0,2001 Year-end Report (ND),,0,Not Specified
110,201,Individual,10315,"Moore, Richard T.",6/21/2001,Redden,Joan R.,25 Congress Terrace,Milford,MA,01757,24.0,,,,0,2001 Year-end Report (ND),,0,Not Specified
111,201,Individual,10315,"Moore, Richard T.",6/21/2001,Andrews,William R.,17 Stonegate C-1,Wilbraham,MA,01095,125.0,,,,0,2001 Year-end Report (ND),,0,Not Specified
112,201,Individual,11421,"Brewer, Stephen M.",6/21/2001,Solomito,Elizabeth,104 Rinnock Road,Fitchburg,MA,01420,200.0,Teacher,City of Fitchburg,,0,2001 Year-end Report (ND),,0,Not Specified
113,201,Individual,11066,"Bosley, Daniel E.",6/21/2001,KEANE,JOHN B.,49 BAINBRIDGE ROAD,WEST HARTFORD,CT,06119,100.0,VICE PRESIDENT,NORTHEAST UTILITIES,,0,2001 Year-end Report (ND),,0,Not Specified
114,201,Individual,11066,"Bosley, Daniel E.",6/21/2001,LAVECCHIA,JEAN M.,10 WELLSWEEP LANE,KILLINGWORTH,CT,06419-1383,200.0,VICE PRESIDENT,NORTHEAST UTILITIES,,0,2001 Year-end Report (ND),,0,Not Specified
115,201,Individual,11783,"Sprague, Jo Ann",6/21/2001,Clough,Janet,78 Swanson Terrace,Stoughton,MA,02072,75.0,,,,0,2001 Year-end Report (ND),,0,Not Specified
116,201,Individual,11411,"Walsh, Marian",6/21/2001,CASS,WILLIAM F.,71 MYRTLE AVENUE,WAKEFIELD,MA,01880,100.0,,,,0,2001 Year-end Report (ND),,0,Not Specified
117,201,Individual,11411,"Walsh, Marian",6/21/2001,GOLDBLATT,STEVEN L.,79 ST. BOTOLPH STREET,BOSTON,MA,02116,200.0,LOBBYIST,THE SUFFOLK GROUP,,0,2001 Year-end Report (ND),,0,Not Specified
118,201,Individual,11066,"Bosley, Daniel E.",6/22/2001,WELCH,DENNIS,6 QUAIL COURT,NEWINGTON,CT,06111,100.0,PRESIDENT,CT. YANKEE GAS CORP.,,0,2001 Year-end Report (ND),,0,Not Specified
119,201,Individual,10315,"Moore, Richard T.",6/22/2001,Ford,Michael R.,26 Northbridge Road,Mendon,MA,01756,48.0,Manager,Jean's Catering Service,,0,2001 Year-end Report (ND),,0,Not Specified
120,201,Individual,10315,"Moore, Richard T.",6/23/2001,Moore,Joanne,235 Williams Street,Uxbridge,MA,01569,80.0,,,,0,2001 Year-end Report (ND),,0,Not Specified
121,201,Individual,10315,"Moore, Richard T.",6/23/2001,Bedrosian,Taniel,13 Esther Drive,Milford,MA,01757,60.0,,,,0,2001 Year-end Report (ND),,0,Not Specified
122,201,Individual,10315,"Moore, Richard T.",6/23/2001,Cournoyer,Alice L.,101 Brentwood Drive,Southbridge,MA,01550,60.0,Tourism Director,MA Pike,,0,2001 Year-end Report (ND),,0,Not Specified
123,201,Individual,12534,"Jones Jr., Bradley H.",6/23/2001,Leith,Robert B.,P. O. Box 154,North Reading,MA,01864,100.0,,,,0,2001 Year-end Report (ND),,0,Not Specified
124,201,Individual,10315,"Moore, Richard T.",6/24/2001,Smith,Sharon A.,18 Spruce Drive,Wilbraham,MA,01095,125.0,,,,0,2001 Year-end Report (ND),,0,Not Specified
125,201,Individual,10315,"Moore, Richard T.",6/24/2001,"O'Connor, Jr.",Thomas J.,"80 Salisbury Street, #703",Worcester,MA,01609,100.0,,,,0,2001 Year-end Report (ND),,0,Not Specified
126,201,Individual,10315,"Moore, Richard T.",6/25/2001,Tonello,Dorothy K.,24 Wheelock Street,Shrewsbury,MA,01545,100.0,,,,0,2001 Year-end Report (ND),,0,Not Specified
127,201,Individual,10315,"Moore, Richard T.",6/25/2001,Lenart,Henry L.,127 Szetela Drive,Chicopee,MA,01013,125.0,,,,0,2001 Year-end Report (ND),,0,Not Specified
128,201,Individual,10315,"Moore, Richard T.",6/25/2001,"Gurney, Jr.",Ralph W.,33 Bond Hollow Road,Sutton,MA,01590,36.0,Retired,,,0,2001 Year-end Report (ND),,0,Not Specified
129,201,Individual,10315,"Moore, Richard T.",6/25/2001,Asselin,Janet K.,115 Mayfair Avenue,Springfield,MA,01104,100.0,,,,0,2001 Year-end Report (ND),,0,Not Specified
130,201,Individual,10315,"Moore, Richard T.",6/25/2001,Evans,Kenneth C.,8 Evans Road,Milford,MA,01757,12.0,,,,0,2001 Year-end Report (ND),,0,Not Specified
131,201,Individual,10315,"Moore, Richard T.",6/25/2001,Phelps,Melinda M.,192 Springfield Street,Springfield,MA,01107,125.0,,,,0,2001 Year-end Report (ND),,0,Not Specified
132,201,Individual,10315,"Moore, Richard T.",6/25/2001,"Coyne, Jr.",William F.,"11 Beacon Street, #415",Boston,MA,02108,200.0,Lobbyist,"William F. Coyne, Jr., Esq., PC",,0,2001 Year-end Report (ND),,0,Not Specified
133,201,Individual,13164,"Candaras, Gale D.",6/25/2001,Straw,Pamela,103 Bronson Terrace,Springfield,MA,01108,40.0,Customer Service Rep.,Springfield Water & Sewer,,0,2001 Year-end Report (ND),,0,Not Specified
134,201,Individual,13164,"Candaras, Gale D.",6/25/2001,Straw,Robert,103 Bronson Terrace,Springfield,MA,01108,40.0,Chemical Technician,American Saw,,0,2001 Year-end Report (ND),,0,Not Specified
135,201,Individual,13164,"Candaras, Gale D.",6/25/2001,Straw,Susan,103 Bronson Terrace,Springfield,MA,01108,40.0,Scannig Coordinator,Big Y Foods,,0,2001 Year-end Report (ND),,0,Not Specified
136,201,Individual,11066,"Bosley, Daniel E.",6/25/2001,BOGUSLAWSKI,DAVID H.,36 COLTON ROAD,GLASTONBURY,CT,06033,200.0,VICE PRESIDENT,NORTHEAST UTILITIES,,0,2001 Year-end Report (ND),,0,Not Specified
137,201,Individual,11066,"Bosley, Daniel E.",6/25/2001,FORSGREN,JOHN H.,,,MA,,500.0,CHIEF FINANCIAL OFFICER,NORTHEAST UTILITIES,,0,2001 Year-end Report (ND),,0,Not Specified
138,201,Individual,11066,"Bosley, Daniel E.",6/25/2001,GRISE',CHERYL W.,24 STRATFORD ROAD,WEST HARTFORD,CT,06117,500.0,SR. VICE PRESIDENT,NORTHEAST UTILITIES,,0,2001 Year-end Report (ND),,0,Not Specified
139,201,Individual,11066,"Bosley, Daniel E.",6/25/2001,LADEN,STEVEN P.,11 GOVERNORS ROW,WEST HARTFORD,CT,06117,100.0,VICE PRESIDENT,NORTHEAST UTILITIES,,0,2001 Year-end Report (ND),,0,Not Specified
140,201,Individual,10025,"Berry, Frederick E.",6/25/2001,Eastern Bank,,Main Street,Peabody,MA,01960,66.64,,,,0,2001 Year-end Report (ND),,0,Not Specified
141,201,Individual,10025,"Berry, Frederick E.",6/26/2001,North Shore Bank,,Main Street,Peabody,MA,01960,36.68,,,,0,2001 Year-end Report (ND),,0,Not Specified
142,201,Individual,11973,"Larkin, Peter J.",6/26/2001,Miller,Stephen,23 Kingsbury Street,Needham,MA,02192,100.0,Lobbyist,,,0,2001 Year-end Report (ND),,0,Not Specified
143,201,Individual,11066,"Bosley, Daniel E.",6/26/2001,BUTLER,GREGORY,17 GREEN BRIAR,GLASTONBURY,CT,06033,200.0,VICE PRES.,NORTHERN UTILITIES SYSTEM,,0,2001 Year-end Report (ND),,0,Not Specified
144,201,Individual,11066,"Bosley, Daniel E.",6/26/2001,ZAKLUKIEWICZ,ROGER,,,MA,,100.0,VICE PRESIDENT,NORTHEAST UTILITIES,,0,2001 Year-end Report (ND),,0,Not Specified
145,201,Individual,11066,"Bosley, Daniel E.",6/26/2001,SMITH,ROBERT J.,20 GREENFIELD ST.,BROCKTON,MA,02301,200.0,MANAGER,GOVERNMENTAL AFFAIRS,,0,2001 Year-end Report (ND),,0,Not Specified
146,201,Individual,11066,"Bosley, Daniel E.",6/26/2001,MCHALE,DAVID R..,15 WITH PASS,BURLINGTON,CT,06013,200.0,VICE PRESIDENT,NORTHEAST UTILITIES,,0,2001 Year-end Report (ND),,0,Not Specified
147,201,Individual,11066,"Bosley, Daniel E.",6/26/2001,MORTON,MARGARET L.,30 SYLVAN RIDGE DR.,MIDDLEFIELD,CT,06455,200.0,DIRECTOR,NORTHEAST UTILITIES SYSTEM,,0,2001 Year-end Report (ND),,0,Not Specified
148,201,Individual,11066,"Bosley, Daniel E.",6/26/2001,KENYON,BRUCE D.,16 SANDPIPER POINT RD.,OLD LYME,CT,06371,200.0,VICE PRESIDENT,NORTHEAST UTILITIES,,0,2001 Year-end Report (ND),,0,Not Specified
149,201,Individual,11066,"Bosley, Daniel E.",6/26/2001,KUHLMAN,KERRY J.,36 COBBLESTONE RD.,BERLIN,CT,06037,200.0,PRES.,WMECO,,0,2001 Year-end Report (ND),,0,Not Specified
150,201,Individual,10315,"Moore, Richard T.",6/26/2001,Swider,Charles M.,78 West Street,Chicopee,MA,01013,125.0,,,,0,2001 Year-end Report (ND),,0,Not Specified
151,201,Individual,10315,"Moore, Richard T.",6/26/2001,Singal,Bruce A.,79 Woodchester Drive,Newton,MA,02467,200.0,Attorney,"Donoghue, Barrett, & Singal, LLP",,0,2001 Year-end Report (ND),,0,Not Specified
152,201,Individual,10315,"Moore, Richard T.",6/26/2001,McCorkle,Vincent J.,8 Wagon Road,Wilbraham,MA,01095,125.0,,,,0,2001 Year-end Report (ND),,0,Not Specified
153,201,Individual,10315,"Moore, Richard T.",6/26/2001,Levanos,C. A.,1235 Sumner Avenue,Springfield,MA,01118,125.0,,,,0,2001 Year-end Report (ND),,0,Not Specified
154,201,Individual,10315,"Moore, Richard T.",6/26/2001,Barry,Peter H.,27 North Pleasant Street,Holyoke,MA,01040,125.0,,,,0,2001 Year-end Report (ND),,0,Not Specified
155,201,Individual,10315,"Moore, Richard T.",6/26/2001,"Dibble, Jr.",Francis D.,180 Eton Road,Longmeadow,MA,01106,125.0,Attorney,"Bulkley, Richardson, & Gelinas, LLP",,0,2001 Year-end Report (ND),,0,Not Specified
156,201,Individual,10315,"Moore, Richard T.",6/26/2001,Tolosky,Mark R.,83 Willow Brook Road,Longmeadow,MA,01106,125.0,CEO,Baystate Health Systems,,0,2001 Year-end Report (ND),,0,Not Specified
157,201,Individual,10315,"Moore, Richard T.",6/26/2001,Murphy,Edward M.,39 San Souci Drive,South Hadley,MA,01075,125.0,,,,0,2001 Year-end Report (ND),,0,Not Specified
158,201,Individual,10315,"Moore, Richard T.",6/26/2001,Burr,Teresa A.,855 Roosevelt Avenue,Springfield,MA,01109,125.0,,,,0,2001 Year-end Report (ND),,0,Not Specified
159,201,Individual,10315,"Moore, Richard T.",6/26/2001,Porten,Hank J.,23 Dicsal Lane,Holyoke,MA,01040,125.0,,,,0,2001 Year-end Report (ND),,0,Not Specified
160,201,Individual,10315,"Moore, Richard T.",6/26/2001,Demos,David J.,54 Brookside Drive,Wilbraham,MA,01095,125.0,,,,0,2001 Year-end Report (ND),,0,Not Specified
161,201,Individual,10315,"Moore, Richard T.",6/26/2001,Pappas,Charles A.,22 Lake Parkway,Webster,MA,01570,100.0,Retired,,,0,2001 Year-end Report (ND),,0,Not Specified
162,201,Individual,10315,"Moore, Richard T.",6/26/2001,McCarthy,Kelly A.,39 Paradise Lake Road,Monson,MA,01057,100.0,,,,0,2001 Year-end Report (ND),,0,Not Specified
163,201,Individual,10315,"Moore, Richard T.",6/26/2001,Burke,Mary,27 Dexter Street,Dedham,MA,02026,100.0,,,,0,2001 Year-end Report (ND),,0,Not Specified
164,201,Individual,10315,"Moore, Richard T.",6/27/2001,McCary,Wayne,,Springfield,MA,01101,100.0,,,,0,2001 Year-end Report (ND),,0,Not Specified
165,201,Individual,10315,"Moore, Richard T.",6/27/2001,Zwirko,Michael A.,58 Shady Side Drive,Longmeadow,MA,01106,125.0,,,,0,2001 Year-end Report (ND),,0,Not Specified
166,201,Individual,10315,"Moore, Richard T.",6/27/2001,Scibak,John W.,13 Chileab Road,South Hadley,MA,01075,125.0,,,,0,2001 Year-end Report (ND),,0,Not Specified
167,201,Individual,10315,"Moore, Richard T.",6/27/2001,Correia,Antonio,127 Paulding Road,Ludlow,MA,01056,125.0,,,,0,2001 Year-end Report (ND),,0,Not Specified
168,201,Individual,10315,"Moore, Richard T.",6/27/2001,Weiner,Jerome L.,98 Converse Street,Longmeadow,MA,01106,125.0,,,,0,2001 Year-end Report (ND),,0,Not Specified
169,201,Individual,10315,"Moore, Richard T.",6/27/2001,Fadas,Doreen,83 Carmody Road,Hampden,MA,01036,125.0,,,,0,2001 Year-end Report (ND),,0,Not Specified
170,201,Individual,10315,"Moore, Richard T.",6/27/2001,"Pszeniczny, Jr.",Matthew J.,164 Prokop Avenue,Ludlow,MA,01056,125.0,,,,0,2001 Year-end Report (ND),,0,Not Specified
171,201,Individual,10315,"Moore, Richard T.",6/27/2001,Ventura,Beverly A.,5-E Castle Hill Road,Agawam,MA,01001,125.0,,,,0,2001 Year-end Report (ND),,0,Not Specified
172,201,Individual,10315,"Moore, Richard T.",6/27/2001,Bradley,Steven F.,45 Gulf Road,Pelham,MA,01002,125.0,Lobbyist,Baystate Health System,,0,2001 Year-end Report (ND),,0,Not Specified
173,201,Individual,10315,"Moore, Richard T.",6/27/2001,Tucker-Curtis,Cynthia,35 Riverview Terrace,Springfield,MA,01108,125.0,,,,0,2001 Year-end Report (ND),,0,Not Specified
174,201,Individual,10315,"Moore, Richard T.",6/27/2001,Maggi,Gino,134 Newbury Street,Chicopee,MA,01013,100.0,,,,0,2001 Year-end Report (ND),,0,Not Specified
175,201,Individual,10315,"Moore, Richard T.",6/27/2001,Josephson,Gordon W.,75 Harrison Avenue,Northampton,MA,01060,100.0,,,,0,2001 Year-end Report (ND),,0,Not Specified
176,201,Individual,10315,"Moore, Richard T.",6/27/2001,Simpson,Elizabeth B.,P.O. Box 346,East Longmeadow,MA,01028,150.0,Associate,Baystate Hospital,,0,2001 Year-end Report (ND),,0,Not Specified
177,201,Individual,10315,"Moore, Richard T.",6/27/2001,Chalke,Dennis W.,80 Jonquil Lane,Longmeadow,MA,01106,125.0,,,,0,2001 Year-end Report (ND),,0,Not Specified
178,201,Individual,10315,"Moore, Richard T.",6/27/2001,Benjamin,Evan M.,113 Vernon Street,Northampton,MA,01060,125.0,,,,0,2001 Year-end Report (ND),,0,Not Specified
179,201,Individual,10315,"Moore, Richard T.",6/27/2001,Flores,Heriberto,833 Chestnut Street,Springfield,MA,01107,125.0,,,,0,2001 Year-end Report (ND),,0,Not Specified
180,201,Individual,10315,"Moore, Richard T.",6/27/2001,Hellrigel,Robert T.,"35 Shore Road, Oak Grove Beach",Niantic,CT,06357,125.0,,,,0,2001 Year-end Report (ND),,0,Not Specified
181,201,Individual,10315,"Moore, Richard T.",6/27/2001,Simpson,Robert E.,161 Cherry Lane,Amherst,MA,01002,125.0,,,,0,2001 Year-end Report (ND),,0,Not Specified
182,201,Individual,10315,"Moore, Richard T.",6/27/2001,Black,Timothy D.,8 Laurel Ridge Road,Southwick,MA,01077,125.0,,,,0,2001 Year-end Report (ND),,0,Not Specified
183,201,Individual,10315,"Moore, Richard T.",6/27/2001,"Moriarty, Jr.",Thomas P.,50 State Street,Springfield,MA,01103,125.0,,,,0,2001 Year-end Report (ND),,0,Not Specified
184,201,Individual,10315,"Moore, Richard T.",6/27/2001,Lomastro,James A.,45 Larch Meadow Road,Conway,MA,01341,125.0,,,,0,2001 Year-end Report (ND),,0,Not Specified
185,201,Individual,10315,"Moore, Richard T.",6/27/2001,Egan,John J.,180 Rugby Road,Longmeadow,MA,01106,125.0,,,,0,2001 Year-end Report (ND),,0,Not Specified
186,201,Individual,10315,"Moore, Richard T.",6/27/2001,Chesky,Priscilla F.,33 Hampton Knolls Road,Holyoke,MA,01040,125.0,,,,0,2001 Year-end Report (ND),,0,Not Specified
187,201,Individual,10315,"Moore, Richard T.",6/27/2001,Kessler,James M.,45 Taylor Road,Shelburne,MA,01370,125.0,,,,0,2001 Year-end Report (ND),,0,Not Specified
188,201,Individual,10315,"Moore, Richard T.",6/27/2001,Fenton,Peter,66 Oregon Street,Springfield,MA,01118,125.0,,,,0,2001 Year-end Report (ND),,0,Not Specified
189,201,Individual,10315,"Moore, Richard T.",6/27/2001,Hapcook,Charles P.,23 Greenwich Road,Longmeadow,MA,01106,125.0,,,,0,2001 Year-end Report (ND),,0,Not Specified
190,201,Individual,10315,"Moore, Richard T.",6/27/2001,Ryan,William E.,178 Pleasant Street,South Weymouth,MA,02190,200.0,Consultant,LR Associates,,0,2001 Year-end Report (ND),,0,Not Specified
191,201,Individual,10315,"Moore, Richard T.",6/27/2001,Donoghue,Karen H.,27 Jackson Drive,Acton,MA,01720,200.0,Homemaker,,,0,2001 Year-end Report (ND),,0,Not Specified
192,201,Individual,10315,"Moore, Richard T.",6/27/2001,Cignoli,Anthony L.,39 Oregon Street,Springfield,MA,01118,500.0,Political Consultant,A.L. Cignoli Company,,0,2001 Year-end Report (ND),,0,Not Specified
193,201,Individual,10315,"Moore, Richard T.",6/27/2001,Roberts,Donna M.,21 Hemingway Road,Wilbraham,MA,01095,500.0,P.T.A./Business Dev. Manager,NOVA Care,,0,2001 Year-end Report (ND),,0,Not Specified
194,201,Individual,11421,"Brewer, Stephen M.",6/27/2001,Perkins,Irene,45 Maple Lane,Petersham,MA,01366,100.0,,,,0,2001 Year-end Report (ND),,0,Not Specified
195,201,Individual,11421,"Brewer, Stephen M.",6/28/2001,Cass,William,71 Myrtle Avenue,Wakefield,MA,01880,100.0,,,,0,2001 Year-end Report (ND),,0,Not Specified
196,201,Individual,10315,"Moore, Richard T.",6/28/2001,Kingston,Charles J.,1343 Riverdale Street,West Springfield,MA,01089,250.0,Media Consultant,Kingston Public Relations,,0,2001 Year-end Report (ND),,0,Not Specified
197,201,Individual,10315,"Moore, Richard T.",6/28/2001,Marrone,Joseph M.,P.O. Box 60267,Worcester,MA,01606,100.0,,,,0,2001 Year-end Report (ND),,0,Not Specified
198,201,Individual,10315,"Moore, Richard T.",6/28/2001,Hillis,David W.,17 Montclair Drive,Worcester,MA,01609,200.0,President,AdCare Hospital,,0,2001 Year-end Report (ND),,0,Not Specified
199,201,Individual,10315,"Moore, Richard T.",6/28/2001,Harrington,James T.,8 Cobblestone Lane,Worcester,MA,01606,200.0,Lobbyist,American Insurance Association,,0,2001 Year-end Report (ND),,0,Not Specified
200,201,Individual,10315,"Moore, Richard T.",6/28/2001,"Andreoli, CLU",Arthur J.,9 Rittenhouse Road,Worcester,MA,01602,200.0,Insurance Agent,Carrick Agency,,0,2001 Year-end Report (ND),,0,Not Specified
201,201,Individual,10315,"Moore, Richard T.",6/28/2001,Metzger,William J.,"P.O. Box 15243, 1500 Main Street",Springfield,MA,01115,125.0,,,,0,2001 Year-end Report (ND),,0,Not Specified
202,201,Individual,10315,"Moore, Richard T.",6/28/2001,Mellor,Robert M.,30 Cottage Street,Whitinsville,MA,01588,60.0,Retired,,,0,2001 Year-end Report (ND),,0,Not Specified
203,201,Individual,10315,"Moore, Richard T.",6/28/2001,McNeil,Timothy J.,10 Cobblestone Lane,Worcester,MA,01606,100.0,,,,0,2001 Year-end Report (ND),,0,Not Specified
204,201,Individual,10315,"Moore, Richard T.",6/28/2001,Guerriere,Louis L.,28 Iadarola Avenue,Milford,MA,01757,25.0,,,,0,2001 Year-end Report (ND),,0,Not Specified
205,201,Individual,10315,"Moore, Richard T.",6/28/2001,"Avery, Jr.",James E.,"P.O. Box 457, 11 Crown Street",Webster,MA,01570,100.0,,,,0,2001 Year-end Report (ND),,0,Not Specified
206,201,Individual,10315,"Moore, Richard T.",6/28/2001,Jackman,Joseph T.,12 Spring Street,Whitinsville,MA,01588,100.0,,,,0,2001 Year-end Report (ND),,0,Not Specified
207,201,Individual,10315,"Moore, Richard T.",6/28/2001,Phillips,Gerald A.,55 Cooper Street,Springfield,MA,01108,125.0,,,,0,2001 Year-end Report (ND),,0,Not Specified
208,201,Individual,10315,"Moore, Richard T.",6/28/2001,Sweet,Stephen J.,75 Country Corners Road,Amherst,MA,01002,125.0,,,,0,2001 Year-end Report (ND),,0,Not Specified
209,201,Individual,10315,"Moore, Richard T.",6/28/2001,"Shannon & Peters, Attorneys at Law",,"255 Park Avenue, Suite 904",Worcester,MA,01609,100.0,,,,0,2001 Year-end Report (ND),,0,Not Specified
210,201,Individual,10315,"Moore, Richard T.",6/28/2001,Cotter,Robert,,Worcester,MA,01605,100.0,,,,0,2001 Year-end Report (ND),,0,Not Specified
211,201,Individual,10315,"Moore, Richard T.",6/28/2001,Eid,Joseph R.,5 Round Table Road,Shrewsbury,MA,01545,100.0,Lobbyist,,,0,2001 Year-end Report (ND),,0,Not Specified
212,201,Individual,10315,"Moore, Richard T.",6/28/2001,Castriotta,Ralph J.,"400 Ocean Trail Way N, #503",Jupiter,FL,33477,100.0,,,,0,2001 Year-end Report (ND),,0,Not Specified
213,201,Individual,10315,"Moore, Richard T.",6/28/2001,Wall,John J.,54 Westwood Road,Shrewsbury,MA,01545,100.0,,,,0,2001 Year-end Report (ND),,0,Not Specified
214,201,Individual,10315,"Moore, Richard T.",6/29/2001,Cote,Mark G.,30 Longfellow Way,Boylston,MA,01505,100.0,,,,0,2001 Year-end Report (ND),,0,Not Specified
215,201,Individual,10315,"Moore, Richard T.",6/29/2001,Wall,Richard M.,127 Fort Sumter Drive,Holden,MA,01520,200.0,Attorney,"34 Mechanic St, #205, Worcester",,0,2001 Year-end Report (ND),,0,Not Specified
216,201,Individual,10315,"Moore, Richard T.",6/29/2001,Jim Patterson & Sons,,33 Skyview Lane,Webster,MA,01570,200.0,,,,0,2001 Year-end Report (ND),,0,Not Specified
217,201,Individual,11411,"Walsh, Marian",6/29/2001,BLIGH,MARTIN,2030 CENTRE STREET,WEST ROXBURY,MA,02132,200.0,REST. OWNER,SELF-EMPLOYED,,0,2001 Year-end Report (ND),,0,Not Specified
218,201,Individual,11411,"Walsh, Marian",6/29/2001,BLIGH,ANTHONY,94 LELAND ROAD,CHESTNUT HILL,MA,02167,300.0,MANAGER,CORRIB RESTAURANT,,0,2001 Year-end Report (ND),,0,Not Specified
219,201,Individual,10315,"Moore, Richard T.",6/30/2001,Bentley,Thomas E.,99 Hecla Street,Uxbridge,MA,01569,96.0,Retired,,,0,2001 Year-end Report (ND),,0,Not Specified
220,201,Individual,13164,"Candaras, Gale D.",7/1/2001,Russell,Shelley,44 Stonegate Circle,Wilbraham,MA,01095,100.0,Owner,60 Minute Photo,,0,2001 Year-end Report (ND),,0,Not Specified
221,201,Individual,11497,"Koczera, Robert M.",7/1/2001,Firstfed - interest,,Ashley Blvd,New Bedford,MA,02745,2.38,,,,0,2001 Year-end Report (ND),,0,Not Specified
