,Record Type ID,Record Type Description,Filer CPF ID,Filer Full Name Reverse,Date,Name,First Name,Address,City,State,Zip Code,Amount,Occupation,Employer,Principal Officer,Contributor CPF ID,Source Description,Description,Tender Type ID,Tender Type Description
0,201,Individual,13164,"Candaras, Gale D.",7/1/2001,Russell,Shelley,44 Stonegate Circle,Wilbraham,MA,1095,100.0,Owner,60 Minute Photo,,0,2001 Year-end Report (ND),,0,Not Specified
1,201,Individual,11497,"Koczera, Robert M.",7/1/2001,Firstfed - interest,,Ashley Blvd,New Bedford,MA,2745,2.38,,,,0,2001 Year-end Report (ND),,0,Not Specified
2,201,Individual,10315,"Moore, Richard T.",7/2/2001,Fields,Ronald I.,21 Point Pleasant Avenue,Webster,MA,1570,100.0,Vice President,"Consolidated Beverages, Inc.",,0,2001 Year-end Report (ND),,0,Not Specified
3,201,Individual,10315,"Moore, Richard T.",7/3/2001,Miller,Robert J.,366 School Street,Webster,MA,1570,24.0,Funeral Director,"Robert J. Miller, Inc.",,0,2001 Year-end Report (ND),,0,Not Specified
4,201,Individual,10315,"Moore, Richard T.",7/3/2001,Julian,Nicholas J.,37 Purchase Street,Milford,MA,1757,50.0,Retired,,,0,2001 Year-end Report (ND),,0,Not Specified
5,201,Individual,11066,"Bosley, Daniel E.",7/3/2001,SABATINO,FRANK P.,23 DANIELS ROAD,EAST HADDAM,CT,6423,100.0,LETTER SENT 7/20/01,,,0,2001 Year-end Report (ND),,0,Not Specified
6,201,Individual,10315,"Moore, Richard T.",7/4/2001,Kuzawa,Leonard C.,6 Ridge Drive,Dudley,MA,1571,72.0,,,,0,2001 Year-end Report (ND),,0,Not Specified
7,201,Individual,10315,"Moore, Richard T.",7/4/2001,Calagione,Angelo A.,86 Congress Street,Milford,MA,1757,50.0,Attorney,Self-employed,,0,2001 Year-end Report (ND),,0,Not Specified
8,201,Individual,10315,"Moore, Richard T.",7/5/2001,Lougie,Jeffrey P.,18 Upland Avenue,Webster,MA,1570,60.0,,,,0,2001 Year-end Report (ND),,0,Not Specified
9,201,Individual,10315,"Moore, Richard T.",7/5/2001,Ozaniak,Aurore D.,"17 Mount Pleasant Street, A-5",Webster,MA,1570,72.0,,,,0,2001 Year-end Report (ND),,0,Not Specified
10,201,Individual,10315,"Moore, Richard T.",7/5/2001,Alicea,Geraldo,117 North Sturbridge Road,Charlton,MA,1507,120.0,Probation Officer,Worcester Superior Court,,0,2001 Year-end Report (ND),,0,Not Specified
11,201,Individual,10315,"Moore, Richard T.",7/5/2001,Moore,Michael,7 Momin Drive,Millbury,MA,1527,24.0,,,,0,2001 Year-end Report (ND),,0,Not Specified
12,201,Individual,10315,"Moore, Richard T.",7/9/2001,Kokocinski,Irene T.,"P.O. Box 503, 43 Park Avenue",Webster,MA,1570,120.0,Retired,,,0,2001 Year-end Report (ND),,0,Not Specified
13,201,Individual,10315,"Moore, Richard T.",7/10/2001,Mann,Dorothy,21 1/2 Charlton Road,Dudley,MA,1571,180.0,Realtor,Mann Realty,,0,2001 Year-end Report (ND),,0,Not Specified
14,201,Individual,10315,"Moore, Richard T.",7/10/2001,Szynal,David C.,63 Lake Street,Webster,MA,1570,120.0,,,,0,2001 Year-end Report (ND),,0,Not Specified
15,201,Individual,10315,"Moore, Richard T.",7/10/2001,Ranieri,Daniel J.,5 Reservoir Drive,Bellingham,MA,2019,100.0,Editor,Legislative Bulletin,,0,2001 Year-end Report (ND),,0,Not Specified
16,201,Individual,10315,"Moore, Richard T.",7/11/2001,Muoio,Charles J.,2 Briar Lane,Natick,MA,1760,125.0,,,,0,2001 Year-end Report (ND),,0,Not Specified
17,201,Individual,10315,"Moore, Richard T.",7/11/2001,Smith,Carol H.,"P.O. Box 775, Lakewood Terrace",Webster,MA,1570,120.0,Real Estate Manager,Self-employed,,0,2001 Year-end Report (ND),,0,Not Specified
18,201,Individual,12718,"Hahn, Celia",7/12/2001,Nesin,Robert,147 Fowler Road,Westfield,MA,1085,100.0,,,,0,2001 Year-end Report (ND),,0,Not Specified
19,201,Individual,12718,"Hahn, Celia",7/12/2001,Williams,Donald,146 Glenwood Drive,Westfield,MA,1085,200.0,President,Westfield Bank,,0,2001 Year-end Report (ND),,0,Not Specified
20,201,Individual,10315,"Moore, Richard T.",7/14/2001,"Mackowiak, Jr.",Frank L.,28 New Boston Road,Dudley,MA,1571,180.0,,,,0,2001 Year-end Report (ND),,0,Not Specified
21,201,Individual,10315,"Moore, Richard T.",7/14/2001,Grady,Richard,20 North Avenue,Mendon,MA,1756,96.0,Teacher,,,0,2001 Year-end Report (ND),,0,Not Specified
22,201,Individual,10315,"Moore, Richard T.",7/14/2001,Bonina,Nunzio J.,46 Congress Street,Milford,MA,1757,25.0,Medical Doctor,Self-employed,,0,2001 Year-end Report (ND),,0,Not Specified
23,201,Individual,10315,"Moore, Richard T.",7/14/2001,Kunkel,Naomi C.,8 Union Point Road,Webster,MA,1570,100.0,,,,0,2001 Year-end Report (ND),,0,Not Specified
24,201,Individual,10315,"Moore, Richard T.",7/14/2001,Italian American War Veterans Post #40,,4 Hayward Field,Milford,MA,1757,100.0,,,,0,2001 Year-end Report (ND),,0,Not Specified
25,201,Individual,11428,"Resor, Pamela P.",7/15/2001,Community National Bank,,P. O. Box 368,Hudson,MA,1749,38.47,,,,0,2001 Year-end Report (ND),,0,Not Specified
26,201,Individual,10315,"Moore, Richard T.",7/15/2001,Hayes,Robert Emmet,6 Danecca Drive,Whitman,MA,2382,100.0,Lobbyist,,,0,2001 Year-end Report (ND),,0,Not Specified
27,201,Individual,10315,"Moore, Richard T.",7/15/2001,Padro,Juan A.,18 Curtis Hill Road,Charlton,MA,1507,100.0,Claims Supervisor,U.S. Dept. of Labor,,0,2001 Year-end Report (ND),,0,Not Specified
28,201,Individual,10315,"Moore, Richard T.",7/15/2001,"Kingkade, Jr.",William E.,50 Woodridge Road,Milford,MA,1757,100.0,,,,0,2001 Year-end Report (ND),,0,Not Specified
29,201,Individual,10315,"Moore, Richard T.",7/15/2001,Daigle,Patricia A.,172 Granite Street,Uxbridge,MA,1569,24.0,,,,0,2001 Year-end Report (ND),,0,Not Specified
30,201,Individual,10315,"Moore, Richard T.",7/15/2001,DiAntonio,Joseph C.,14 Fairview Road,Milford,MA,1757,24.0,Retired,,,0,2001 Year-end Report (ND),,0,Not Specified
31,201,Individual,10315,"Moore, Richard T.",7/15/2001,UniBank for Savings,,49 Church Street,Whitinsville,MA,1588,12.16,,,,0,2001 Year-end Report (ND),,0,Not Specified
32,201,Individual,10315,"Moore, Richard T.",7/15/2001,Brundage,Charles,113-C Mendon Street,Uxbridge,MA,1569,60.0,Retired,,,0,2001 Year-end Report (ND),,0,Not Specified
33,201,Individual,10315,"Moore, Richard T.",7/15/2001,Wrubleski,MaryEllen,44 Lincoln Street,Webster,MA,1570,36.0,,,,0,2001 Year-end Report (ND),,0,Not Specified
34,201,Individual,13164,"Candaras, Gale D.",7/15/2001,Cambo,Antasticia T.,31 High Pine Circle,Wilbraham,MA,1095,500.0,Housewife,,,0,2001 Year-end Report (ND),,0,Not Specified
35,201,Individual,13164,"Candaras, Gale D.",7/15/2001,Cambo,Paul B.,31 High Pine Circle,Wilbraham,MA,1095,500.0,"Owner, Tree Surgeon",Northern Tree,,0,2001 Year-end Report (ND),,0,Not Specified
36,201,Individual,12534,"Jones Jr., Bradley H.",7/16/2001,Black,Patricia E.,18B Carnation Circle,Reading,MA,1867,50.0,,,,0,2001 Year-end Report (ND),,0,Not Specified
37,201,Individual,11428,"Resor, Pamela P.",7/19/2001,Community National Bank,,P. O. Box 368,Hudson,MA,1749,0.24,,,,0,2001 Year-end Report (ND),,0,Not Specified
38,201,Individual,10025,"Berry, Frederick E.",7/25/2001,Eastern Bank,,Main Street,Peabody,MA,1960,66.93,,,,0,2001 Year-end Report (ND),,0,Not Specified
39,201,Individual,13600,"Coppola (Deceased), Michael",7/26/2001,HADDIGAN,ELIZABETH A,23 MEADOWVIEW RD,FOXBORO,MA,2035,100.0,,,,0,2001 Year-end Report (ND),,0,Not Specified
40,201,Individual,13600,"Coppola (Deceased), Michael",7/26/2001,BOWDEN,BRUCE,89 MORSE ST,FOXBORO,MA,2035,100.0,SALESMAN,LIBERTY MUTUAL,,0,2001 Year-end Report (ND),,0,Not Specified
41,201,Individual,13600,"Coppola (Deceased), Michael",7/26/2001,DIXON,WILLIAM L,7 FAXON ST,FOXBORO,MA,2035,100.0,,,,0,2001 Year-end Report (ND),,0,Not Specified
42,201,Individual,13600,"Coppola (Deceased), Michael",7/26/2001,"LUCAS, JR",ROBERT T,17 CROSS ST,FOXBORO,MA,2035,75.0,,,,0,2001 Year-end Report (ND),,0,Not Specified
43,201,Individual,13600,"Coppola (Deceased), Michael",7/26/2001,WOODASON,WILLIAM M,PO BOX 208,FOXBORO,MA,2035,100.0,,,,0,2001 Year-end Report (ND),,0,Not Specified
44,201,Individual,13600,"Coppola (Deceased), Michael",7/26/2001,KENNEDY,WILLIAM B,20 CARROLL DR,FOXBORO,MA,2035,100.0,RETIRED,,,0,2001 Year-end Report (ND),,0,Not Specified
45,201,Individual,13600,"Coppola (Deceased), Michael",7/26/2001,RODMAN,DANA G,7 SUN HILL RD,NORTON,MA,2766,100.0,,,,0,2001 Year-end Report (ND),,0,Not Specified
46,201,Individual,13600,"Coppola (Deceased), Michael",7/26/2001,O'REILLY,JACQUELINE D,5 HODGES RD,FOXBORO,MA,2035,100.0,,,,0,2001 Year-end Report (ND),,0,Not Specified
47,201,Individual,13600,"Coppola (Deceased), Michael",7/26/2001,CIVILINSKI,JAMES,43 LAKESIDE DR,WRENTHAM,MA,2093,250.0,OWNER,ROUTE 1 LIQUOR MART,,0,2001 Year-end Report (ND),,0,Not Specified
48,201,Individual,13600,"Coppola (Deceased), Michael",7/26/2001,RODMAN,DON,ROUTE 1,FOXBORO,MA,2035,150.0,AUTO DEALER,RODMAN FORD,,0,2001 Year-end Report (ND),,0,Not Specified
49,201,Individual,13600,"Coppola (Deceased), Michael",7/26/2001,"CALABRETTA, JR",VICTOR V,11 AMERICAN WAY,JAMESTOWN,RI,2835,100.0,,,,0,2001 Year-end Report (ND),,0,Not Specified
50,201,Individual,13600,"Coppola (Deceased), Michael",7/26/2001,LYNCH,JOSEPH D,1 MARY WAY,FOXBORO,MA,2035,100.0,REAL ESTATE MGMT,JOSEPH D LYNCH,,0,2001 Year-end Report (ND),,0,Not Specified
51,201,Individual,13600,"Coppola (Deceased), Michael",7/26/2001,LYNCH,DANIEL J,16 VALLEY FORGE WAY,FOXBORO,MA,2035,100.0,ATTORNEY,SELF-EMPLOYED,,0,2001 Year-end Report (ND),,0,Not Specified
52,201,Individual,13600,"Coppola (Deceased), Michael",7/26/2001,OVRUT,BARNETT D,10 AMES RD,FOXBORO,MA,2035,25.0,,,,0,2001 Year-end Report (ND),,0,Not Specified
53,201,Individual,13600,"Coppola (Deceased), Michael",7/26/2001,ZIERAK,KATHERINE D,31 OAK STREET,FOXBORO,MA,2035,25.0,,,,0,2001 Year-end Report (ND),,0,Not Specified
54,201,Individual,13600,"Coppola (Deceased), Michael",7/26/2001,HIRSCH,CAROLYN N,14 WAYNE DR,FOXBORO,MA,2035,25.0,,,,0,2001 Year-end Report (ND),,0,Not Specified
55,201,Individual,13600,"Coppola (Deceased), Michael",7/26/2001,"DONNELLY, JR",HAROLD H,6 CARMINE AVE,FOXBORO,MA,2035,35.0,,,,0,2001 Year-end Report (ND),,0,Not Specified
56,201,Individual,13600,"Coppola (Deceased), Michael",7/26/2001,HUNT,STEPHEN J,20 WINDSOR DR,FOXBORO,MA,2035,35.0,,,,0,2001 Year-end Report (ND),,0,Not Specified
57,201,Individual,13600,"Coppola (Deceased), Michael",7/26/2001,MIGNONE,KEITH,82 MAIN ST,FOXBORO,MA,2035,35.0,POLICE OFFICER,CHATHAM P.D.,,0,2001 Year-end Report (ND),,0,Not Specified
58,201,Individual,13600,"Coppola (Deceased), Michael",7/26/2001,MORRISSEY,JOSEPH T,19 PARTRIDGE ST,W. ROXBURY,MA,2132,50.0,RETIRED,,,0,2001 Year-end Report (ND),,0,Not Specified
59,201,Individual,10106,"Correia, Robert",7/27/2001,Vaillancourt,Henry,159 Tickle Road,Westport,MA,2790,475.0,physician,Truesdale Clinic,,0,2001 Year-end Report (ND),,0,Not Specified
60,201,Individual,10315,"Moore, Richard T.",7/27/2001,Becker,Shirley A.,156 Thompson Road,Webster,MA,1570,500.0,Homemaker,,,0,2001 Year-end Report (ND),,0,Not Specified
61,201,Individual,10315,"Moore, Richard T.",7/29/2001,Kunkel,John J.,870 School Street,Webster,MA,1570,500.0,Retired,,,0,2001 Year-end Report (ND),,0,Not Specified
62,201,Individual,11973,"Larkin, Peter J.",7/30/2001,Klocke,James,3 Twitchell,Wellesley,MA,2482,100.0,,,,0,2001 Year-end Report (ND),,0,Not Specified
63,201,Individual,10315,"Moore, Richard T.",7/31/2001,Singh,Gurbachan,102 Union Point Road,Webster,MA,1570,500.0,Medical Doctor,Retired,,0,2001 Year-end Report (ND),,0,Not Specified
64,201,Individual,10315,"Moore, Richard T.",7/31/2001,Singh,Alexandria,102 Union Point Road,Webster,MA,1570,500.0,Homemaker,,,0,2001 Year-end Report (ND),,0,Not Specified
65,201,Individual,10315,"Moore, Richard T.",7/31/2001,Harris,Robert W.,"P.O. Box 2225, 730 Elkcam Circle W",Marco Island,FL,33969,500.0,Retired,,,0,2001 Year-end Report (ND),,0,Not Specified
66,201,Individual,10315,"Moore, Richard T.",8/1/2001,Grenon,David R.,25 Armsby Road,Sutton,MA,1590,500.0,President,The Protector Group Insurance Agency,,0,2001 Year-end Report (ND),,0,Not Specified
67,201,Individual,11497,"Koczera, Robert M.",8/1/2001,Firstfed - interest,,Ashley Blvd,New Bedford,MA,2745,2.81,,,,0,2001 Year-end Report (ND),,0,Not Specified
68,201,Individual,13164,"Candaras, Gale D.",8/1/2001,Stevenson,Claire M.,14 Old Coach Road,Wilbraham,MA,1095,50.0,Librarian,Town of Wilbraham,,0,2001 Year-end Report (ND),,0,Not Specified
69,201,Individual,13164,"Candaras, Gale D.",8/1/2001,Tingle,Paula R.,43 Stonegate Circle,Wilbraham,MA,1095,20.0,,Springfield College,,0,2001 Year-end Report (ND),,0,Not Specified
70,201,Individual,13164,"Candaras, Gale D.",8/1/2001,Traynor,Anise,5 Algonquin Drive,Wilbraham,MA,1095,50.0,Librarian,,,0,2001 Year-end Report (ND),,0,Not Specified
71,201,Individual,13164,"Candaras, Gale D.",8/1/2001,Tucker,Catherine,11 Old Carriage Drive,Wilbraham,MA,1095,50.0,Housewife,,,0,2001 Year-end Report (ND),,0,Not Specified
72,201,Individual,13164,"Candaras, Gale D.",8/1/2001,Vance,M.A.,55 Oakland Street,Wilbraham,MA,1095,25.0,Retired,,,0,2001 Year-end Report (ND),,0,Not Specified
73,201,Individual,13164,"Candaras, Gale D.",8/1/2001,Cava,Sherri,761 Ridge Road,Wilbraham,MA,1095,50.0,RN,,,0,2001 Year-end Report (ND),,0,Not Specified
74,201,Individual,13164,"Candaras, Gale D.",8/1/2001,Cebula,M. Eileen,74 Rencelau Street,Springfield,MA,1118,50.0,Instructor,STCC,,0,2001 Year-end Report (ND),,0,Not Specified
75,201,Individual,13164,"Candaras, Gale D.",8/1/2001,Garvey,Tammy S.,12 Cooley Drive,Wilbraham,MA,1095,50.0,Teacher,,,0,2001 Year-end Report (ND),,0,Not Specified
76,201,Individual,13164,"Candaras, Gale D.",8/1/2001,Gibb,Ursula White,9 High Pine Circle,Wilbraham,MA,1095,50.0,Realtor,,,0,2001 Year-end Report (ND),,0,Not Specified
77,201,Individual,13164,"Candaras, Gale D.",8/1/2001,Hoffman,Judith,14 Meadowview Road,Wilbraham,MA,1095,25.0,Retired,,,0,2001 Year-end Report (ND),,0,Not Specified
78,201,Individual,13164,"Candaras, Gale D.",8/1/2001,Laferriere,Doris R.,12 Spruce Drive,Wilbraham,MA,1095,50.0,Housewife,,,0,2001 Year-end Report (ND),,0,Not Specified
79,201,Individual,13164,"Candaras, Gale D.",8/1/2001,Mango,Ann Marie,3 Woodside Drive,Wilbraham,MA,1095,50.0,Retired,,,0,2001 Year-end Report (ND),,0,Not Specified
80,201,Individual,13600,"Coppola (Deceased), Michael",8/1/2001,DEEDY,KEVIN J,12 VALLEY FORGE WAY,FOXBORO,MA,2035,100.0,CPA,"KEVIN J DEEDY, CPA",,0,2001 Year-end Report (ND),,0,Not Specified
81,201,Individual,13600,"Coppola (Deceased), Michael",8/1/2001,GALLAGHER,ARTHUR,58 FAIRWAY LN,FOXBORO,MA,2035,100.0,VICE-PRESIDENT,JOHNSON & WALES UNIV.,,0,2001 Year-end Report (ND),,0,Not Specified
