,Record Type ID,Record Type Description,Filer CPF ID,Filer Full Name Reverse,Date,Name,First Name,Address,City,State,Zip Code,Amount,Occupation,Employer,Principal Officer,Contributor CPF ID,Source Description,Description,Tender Type ID,Tender Type Description
0,201,Individual,11066,"Bosley, Daniel E.",4/1/2001,BAKER,ROBERT A.,118 ATLANTIC AVE.,SWAMPSCOTT,MA,01907,250.0,PUBLIC BANKER,CORP. FOR BUSINES WORK & LEARNING,,0,2001 Year-end Report (ND),,0,Not Specified
1,201,Individual,11497,"Koczera, Robert M.",4/1/2001,Firstfed - interest,,Ashley Blvd,New Bedford,MA,02745,3.87,,,,0,2001 Year-end Report (ND),,0,Not Specified
2,201,Individual,10315,"Moore, Richard T.",4/1/2001,Kurtinitis,Sandra L.,1029 Pleasant Street,Worcester,MA,01602,100.0,President,Quinsigamond College,,0,2001 Year-end Report (ND),,0,Not Specified
3,201,Individual,11709,"Kafka, Louis L.",4/1/2001,Clapprood,Marjorie,564 Massapoag Avenue,Sharon,MA,02067,150.0,,,,0,2001 Year-end Report (ND),,0,Not Specified
4,201,Individual,13283,"Fresolo, John P.",4/1/2001,THOMAS,WALTER G.,19 BAILIN DR.,Worcester,MA,01604,200.0,APPRAISER,SELF-EMPLOYED,,0,2001 Year-end Report (ND),,0,Not Specified
5,201,Individual,13283,"Fresolo, John P.",4/2/2001,THOMAS,PATRICIA A.,19 BAILIN DR.,Worcester,MA,01604,200.0,HOUSEWIFE,,,0,2001 Year-end Report (ND),,0,Not Specified
6,201,Individual,13356,"Carron, Mark J.",4/2/2001,Rosenthal,John E.,1212 West Street,Carlisle,MA,01741,100.0,,,,0,2001 Year-end Report (ND),,0,Not Specified
7,201,Individual,10025,"Berry, Frederick E.",4/2/2001,Fierro,Benjamin,"141 Tremont Street, Suite 600",Boston,MA,02111-1209,100.0,Attorney,"Lynch & Fierro, LLP, Counselors at Law",,0,2001 Year-end Report (ND),,0,Not Specified
8,201,Individual,10025,"Berry, Frederick E.",4/2/2001,Madaus,William C.,"503 Main Street, #8",Amesbury,MA,01913,100.0,"Sr. VP, Behavioral Health","Northeast Health Systems, Inc.",,0,2001 Year-end Report (ND),,0,Not Specified
9,201,Individual,10025,"Berry, Frederick E.",4/2/2001,Ledoux,Robert A.,314 Essex Street,Salem,MA,01970,125.0,Attorney,Law Offices of Robert A. Ledoux,,0,2001 Year-end Report (ND),,0,Not Specified
10,201,Individual,10025,"Berry, Frederick E.",4/2/2001,Finnegan,David I.,22 Batterymarch Street,Boston,MA,02109,200.0,Attorney,"Finnegan, Underwood, Ryan &",,0,2001 Year-end Report (ND),,0,Not Specified
11,201,Individual,10025,"Berry, Frederick E.",4/2/2001,Lynch,Patricia A.,"141 Tremont Street, Suite 600",Boston,MA,02111-1209,200.0,Attorney,"Lynch & Fierro, LLP, Counselors at Law",,0,2001 Year-end Report (ND),,0,Not Specified
12,201,Individual,10025,"Berry, Frederick E.",4/2/2001,Joyce,Thomas M.,5 Norwood Avenue,Rockport,MA,01966,200.0,Lobbyist,Joyce & Joyce,,0,2001 Year-end Report (ND),,0,Not Specified
13,201,Individual,10025,"Berry, Frederick E.",4/2/2001,Shanley,Vincent J.,42 Kilburn Road,Belmont,MA,02478,200.0,Lobbyist,Shanley Fleming Associates,,0,2001 Year-end Report (ND),,0,Not Specified
14,201,Individual,10025,"Berry, Frederick E.",4/2/2001,"Carney, Jr.",George L.,1958 Broadway/P.O. Box 172,Raynham,MA,02767-0172,500.0,Owner/Principle,Raynham/Taunton Greyhound Park,,0,2001 Year-end Report (ND),,0,Not Specified
15,201,Individual,10025,"Berry, Frederick E.",4/2/2001,Berry,Frederick E.,Keefe Hall #10/210 Washington Street,Peabody,MA,01960,175.0,3/01 Vehicle Lease,,,0,2001 Year-end Report (ND),,0,Not Specified
16,201,Individual,12557,"O'Brien, Thomas J.",4/2/2001,Calderaro,Frances,57 Evergreen Street,Kingston,MA,02364,100.0,,,,0,2001 Year-end Report (ND),,0,Not Specified
17,201,Individual,11066,"Bosley, Daniel E.",4/2/2001,DAREY,GEORGE L.,100 HUBBARD STREET,LENOX,MA,01240,200.0,LETTER SENT 4/20/01,,,0,2001 Year-end Report (ND),,0,Not Specified
18,201,Individual,11066,"Bosley, Daniel E.",4/2/2001,"HALL, II",JOHN L.,"THREE CENTER PLAZA, SUITE 410",BOSTON,MA,02108,100.0,LAWYER,"D/B/A JOHN L. HALL, II",,0,2001 Year-end Report (ND),,0,Not Specified
19,201,Individual,11066,"Bosley, Daniel E.",4/3/2001,O'MALLEY,ROBERT M.,56 MINGO STREET,MILTON,MA,02186,250.0,LETTER SENT 4/20/01,,,0,2001 Year-end Report (ND),,0,Not Specified
20,201,Individual,11066,"Bosley, Daniel E.",4/3/2001,O'NEIL,EDWARD G.,124 S. MAIN ST.,COHASSET,MA,02025,100.0,ASS. VICE PRES.,NYNEX,,0,2001 Year-end Report (ND),,0,Not Specified
21,201,Individual,11066,"Bosley, Daniel E.",4/3/2001,LAWTON,RUSSELL M.,"98 EAST GROVE ST., P. O. BOX 10",MIDDLEBORO,MA,02346,100.0,LETTER SENT 5/24/01,,,0,2001 Year-end Report (ND),,0,Not Specified
22,201,Individual,11428,"Resor, Pamela P.",4/3/2001,Pullman,Ester,10 Ash Street Place,Cambridge,MA,02138,100.0,,,,0,2001 Year-end Report (ND),,0,Not Specified
23,201,Individual,11066,"Bosley, Daniel E.",4/3/2001,ROBINSON,THOMAS G.,6 DAVIS ROAD,SOUTHBOROUGH,MA,01772,100.0,LETTER SENT 4/20/01,,,0,2001 Year-end Report (ND),,0,Not Specified
24,201,Individual,11066,"Bosley, Daniel E.",4/3/2001,GROSSMAN,STEVEN,30 HUNTINGTON ROAD,NEWTON,MA,02458,100.0,LETTER SENT 4/20/01,,,0,2001 Year-end Report (ND),,0,Not Specified
25,201,Individual,11066,"Bosley, Daniel E.",4/3/2001,JONES,JEFFREY F.,PALMER & DODGE 1 BEACON ST.,BOSTON,MA,02108,100.0,LOBBYIST,PALMER & JONES,,0,2001 Year-end Report (ND),,0,Not Specified
26,201,Individual,12557,"O'Brien, Thomas J.",4/3/2001,Hoeg,Frances,394 Elm Street,Kingston,MA,02364,100.0,,,,0,2001 Year-end Report (ND),,0,Not Specified
27,201,Individual,12557,"O'Brien, Thomas J.",4/3/2001,Rizzo,Joseph,55 Angela Road,Braintree,MA,02184,100.0,,,,0,2001 Year-end Report (ND),,0,Not Specified
28,201,Individual,10315,"Moore, Richard T.",4/3/2001,Massaro,George E.,120 High Ridge Road,Boxford,MA,01921,250.0,CPA,Arthur Anderson,,0,2001 Year-end Report (ND),,0,Not Specified
29,201,Individual,10315,"Moore, Richard T.",4/3/2001,Leonard,Thomas C.,19 Dix Street,Winchester,MA,01890,250.0,CPA,Arthur Anderson,,0,2001 Year-end Report (ND),,0,Not Specified
30,201,Individual,12534,"Jones Jr., Bradley H.",4/3/2001,Burbank,Nelson S.,24 Juniper Circle,Reading,MA,01867,250.0,Retired,None,,0,2001 Year-end Report (ND),,0,Not Specified
31,201,Individual,12534,"Jones Jr., Bradley H.",4/3/2001,Cryan,Raymond E.,14 Parkman Road,Reading,MA,01867,100.0,Suitability Coordinator,Mass. Dept. of Public Health,,0,2001 Year-end Report (ND),,0,Not Specified
32,201,Individual,12534,"Jones Jr., Bradley H.",4/4/2001,Conlin,Dennis,3 Cricket Drive,Andover,MA,01810,100.0,President/Owner,Conlin's,,0,2001 Year-end Report (ND),,0,Not Specified
33,201,Individual,12534,"Jones Jr., Bradley H.",4/4/2001,Sahr,Janet,"50 Winchester Street, #203",Brookline,MA,02446,100.0,,,,0,2001 Year-end Report (ND),,0,Not Specified
34,201,Individual,12534,"Jones Jr., Bradley H.",4/4/2001,"Curley, III",Edward V.,105 Bruce Avenue,Southington,CT,06489,100.0,,,,0,2001 Year-end Report (ND),,0,Not Specified
35,201,Individual,12534,"Jones Jr., Bradley H.",4/4/2001,Curley,Shirley A.,105 Bruce Avenue,Southington,CT,06489,100.0,,,,0,2001 Year-end Report (ND),,0,Not Specified
36,201,Individual,12534,"Jones Jr., Bradley H.",4/4/2001,Burke,Francis E.,138 Sylvester Road,Northampton,MA,01060,100.0,President,"Burke Medical Equipment, Inc.",,0,2001 Year-end Report (ND),,0,Not Specified
37,201,Individual,12534,"Jones Jr., Bradley H.",4/4/2001,Butler,Diane,130 Padelford Street,Berkley,MA,02779,100.0,,,,0,2001 Year-end Report (ND),,0,Not Specified
38,201,Individual,12534,"Jones Jr., Bradley H.",4/4/2001,Milluzzo,Joni J.,6 Fairlawn Circle,Shrewsbury,MA,01545,100.0,,Apply Home Care,,0,2001 Year-end Report (ND),,0,Not Specified
39,201,Individual,12534,"Jones Jr., Bradley H.",4/4/2001,States,Jeffrey D.,1289 West Street,Stoughton,MA,02072,100.0,Owner,Design-Able Inc.,,0,2001 Year-end Report (ND),,0,Not Specified
40,201,Individual,12534,"Jones Jr., Bradley H.",4/4/2001,Godley,Rebecca S.,583 Harris Avenue,Woonsocket,RI,02895,100.0,Business Development,Medi-Rents,,0,2001 Year-end Report (ND),,0,Not Specified
41,201,Individual,12534,"Jones Jr., Bradley H.",4/4/2001,McAuliffe,Thomas L.,48 Boyles Street,Beverly,MA,01915,100.0,,,,0,2001 Year-end Report (ND),,0,Not Specified
42,201,Individual,12534,"Jones Jr., Bradley H.",4/4/2001,Milani,Donald D.,50 Purchase Street,Milford,MA,01757,100.0,,,,0,2001 Year-end Report (ND),,0,Not Specified
43,201,Individual,10315,"Moore, Richard T.",4/4/2001,May,Paul F.,9 Tucker Street,Natick,MA,01760,125.0,Retired,,,0,2001 Year-end Report (ND),,0,Not Specified
44,201,Individual,10315,"Moore, Richard T.",4/4/2001,Kirkland,Kenneth W.,10 Forbes Road,Braintree,MA,02184,250.0,Accountant,"Kirkland, Albrecht, Fredreckson",,0,2001 Year-end Report (ND),,0,Not Specified
45,201,Individual,12718,"Hahn, Celia",4/4/2001,Glaze,John,P. O. Box 580,Westfield,MA,01086,100.0,Executive,,,0,2001 Year-end Report (ND),,0,Not Specified
46,201,Individual,12718,"Hahn, Celia",4/4/2001,Annino,Calvin,25 Overlook Drive,Westfield,MA,01085,150.0,,,,0,2001 Year-end Report (ND),,0,Not Specified
47,201,Individual,11064,"Festa, Michael E.",4/4/2001,Spain,Steven,3 Bartlett St.,Melrose,MA,02176,100.0,,,,0,2001 Year-end Report (ND),,0,Not Specified
48,201,Individual,11066,"Bosley, Daniel E.",4/4/2001,BEAL,ROBERT L.,177 MILK ST.,BOSTON,MA,02109,100.0,LETTER SENT 4/20/01 AND 6/20/0,,,0,2001 Year-end Report (ND),,0,Not Specified
49,201,Individual,11066,"Bosley, Daniel E.",4/4/2001,KELLEHER,HUGH,8 SUMMIT PLACE,NEWBURYPORT,MA,01950,100.0,LETTER SENT 4/20/01,,,0,2001 Year-end Report (ND),,0,Not Specified
50,201,Individual,12119,"Quinn, John F.",4/4/2001,Letoile,Bonnie Tucker,548 Pine Meadow Rd.,Northfield,MA,01360,100.0,,,,0,2001 Year-end Report (ND),,0,Not Specified
51,201,Individual,11066,"Bosley, Daniel E.",4/5/2001,BONANNO,A. RICHARD,255 MERRIMACK STREET,METHUEN,MA,01844,100.0,LETTER SENT 5/24/01,,,0,2001 Year-end Report (ND),,0,Not Specified
52,201,Individual,12718,"Hahn, Celia",4/5/2001,Coburn,Ronald,163 Route 9A,Spofford,NH,03462,150.0,Manufacturer,,,0,2001 Year-end Report (ND),,0,Not Specified
53,201,Individual,12718,"Hahn, Celia",4/5/2001,Kittredge,Michael,P. O. Box 540151,Waltham,MA,02454,500.0,Board Chairman,Yankee Candle Company,,0,2001 Year-end Report (ND),,0,Not Specified
54,201,Individual,12718,"Hahn, Celia",4/5/2001,DeLeo,Douglas,24 Cara Drive,Westfield,MA,01085,100.0,,,,0,2001 Year-end Report (ND),,0,Not Specified
55,201,Individual,12718,"Hahn, Celia",4/5/2001,Carra,Victor,69 Morningside Circle,Feeding Hills,MA,01030,100.0,,,,0,2001 Year-end Report (ND),,0,Not Specified
56,201,Individual,12718,"Hahn, Celia",4/5/2001,Markowski,Walter,11646 SW 72nd Circle,Ocala,FL,34476,100.0,,,,0,2001 Year-end Report (ND),,0,Not Specified
57,201,Individual,10315,"Moore, Richard T.",4/5/2001,Cappelloni,Patricia M.,16 Peakham Road,Sudbury,MA,01776,250.0,Homemaker,,,0,2001 Year-end Report (ND),,0,Not Specified
58,201,Individual,12534,"Jones Jr., Bradley H.",4/5/2001,Caruso,Janet M.,12 Shasta Drive,North Reading,MA,01864,100.0,,,,0,2001 Year-end Report (ND),,0,Not Specified
59,201,Individual,10315,"Moore, Richard T.",4/6/2001,Daly,Michael J.,1225 Longmeadow Street,Longmeadow,MA,01106,200.0,President,BayState Health System,,0,2001 Year-end Report (ND),,0,Not Specified
60,201,Individual,11066,"Bosley, Daniel E.",4/6/2001,SUMNER,RENA M.,1270 WHATELY ROAD,CONWAY,MA,01341,100.0,LETTER SENT 5/24/01,,,0,2001 Year-end Report (ND),,0,Not Specified
61,201,Individual,11066,"Bosley, Daniel E.",4/6/2001,"WARD, JR.",DONALD,12 SILVER STREET,GT. BARRINGTON,MA,01230,100.0,LETTER SENT 5/24/01 AND 6/20/0,,,0,2001 Year-end Report (ND),,0,Not Specified
62,201,Individual,11066,"Bosley, Daniel E.",4/7/2001,BURSCH,RICHARD A.,308 ELECTRIC AVENUE,LUNENBURG,MA,01462,100.0,LETTER SENT 5/24/01,,,0,2001 Year-end Report (ND),,0,Not Specified
63,201,Individual,11066,"Bosley, Daniel E.",4/7/2001,MCDONOUGH,RICHARD W.,"4 LONGFELLOW PL., STE. 3804",BOSTON,MA,02114,200.0,LOBBYIST,D/B/A RICHARD McDONOUGH,,0,2001 Year-end Report (ND),,0,Not Specified
64,201,Individual,10315,"Moore, Richard T.",4/7/2001,Floyd,Joseph J.,28 Arch Street,Needham,MA,02192,250.0,CPA,Arthur Anderson,,0,2001 Year-end Report (ND),,0,Not Specified
65,201,Individual,10315,"Moore, Richard T.",4/7/2001,DiStasio,James S.,38 Ridge Road,Westwood,MA,02090,500.0,CPA,"Ernst & Young, LLP",,0,2001 Year-end Report (ND),,0,Not Specified
66,201,Individual,12718,"Hahn, Celia",4/7/2001,Kauffman,Carol,44 Crescent Circle,Westfield,MA,01085,100.0,Sales,,,0,2001 Year-end Report (ND),,0,Not Specified
67,201,Individual,10315,"Moore, Richard T.",4/8/2001,Piro,Vincent J.,4 Drexel Avenue,Winchester,MA,01890,125.0,Corp. Marketing,Aggregate Industries,,0,2001 Year-end Report (ND),,0,Not Specified
68,201,Individual,10315,"Moore, Richard T.",4/9/2001,Perwoco,Francis M.,424 Adams Street,Milton,MA,02186,250.0,CPA,G.T. Reilly & Company,,0,2001 Year-end Report (ND),,0,Not Specified
69,201,Individual,11709,"Kafka, Louis L.",4/9/2001,Sawyer,Kenneth,131 Morse Street,Foxboro,MA,02035,100.0,,,,0,2001 Year-end Report (ND),,0,Not Specified
70,201,Individual,11709,"Kafka, Louis L.",4/9/2001,Gainsboro,Lloyd & Roberta,37 W Ridge Drive,Sharon,MA,02067,100.0,,,,0,2001 Year-end Report (ND),,0,Not Specified
71,201,Individual,11709,"Kafka, Louis L.",4/9/2001,Shapiro,David,"21 Wormwwod Street, Apt 313",Boston,MA,02210,100.0,,,,0,2001 Year-end Report (ND),,0,Not Specified
72,201,Individual,11709,"Kafka, Louis L.",4/9/2001,Quinn,Robert,1452 Canton Avenue,Milton,MA,02186,100.0,,,,0,2001 Year-end Report (ND),,0,Not Specified
73,201,Individual,11709,"Kafka, Louis L.",4/9/2001,Walsh,John Coleman,16 Coolidge Road,Lynn,MA,01902,100.0,,,,0,2001 Year-end Report (ND),,0,Not Specified
74,201,Individual,11709,"Kafka, Louis L.",4/9/2001,Wallace,Ronna,14 Robin Road,Sharon,MA,02067,100.0,,,,0,2001 Year-end Report (ND),,0,Not Specified
75,201,Individual,11709,"Kafka, Louis L.",4/9/2001,Brennan,Patricia & John,88 Beltran Street,Malden,MA,02148,100.0,,,,0,2001 Year-end Report (ND),,0,Not Specified
76,201,Individual,11709,"Kafka, Louis L.",4/9/2001,Rachins,Edward,P.O. Box 250,Brockton,MA,02305,200.0,Executive,"Mutual Oil Company, Inc.",,0,2001 Year-end Report (ND),,0,Not Specified
77,201,Individual,11709,"Kafka, Louis L.",4/9/2001,Grant,Joseph,"130 Bowdoin Street, Ste. 1701",Boston,MA,02108,200.0,Lobbyist,Self-Employed,,0,2001 Year-end Report (ND),,0,Not Specified
78,201,Individual,11709,"Kafka, Louis L.",4/9/2001,Godin,Jason,"37 Mt Vernon Street, Apt 1",Charlestown,MA,02129,200.0,Lobbyist,Suffolk Group LLC,,0,2001 Year-end Report (ND),,0,Not Specified
79,201,Individual,11709,"Kafka, Louis L.",4/9/2001,Cass,William,71 Myrtle Avenue,Wakefield,MA,01880,200.0,Lobbyist,Suffolk Group LLC,,0,2001 Year-end Report (ND),,0,Not Specified
80,201,Individual,11709,"Kafka, Louis L.",4/9/2001,Conroy,Terrance,480 York Street,Canton,MA,02021,200.0,Developer,Self-Employed,,0,2001 Year-end Report (ND),,0,Not Specified
81,201,Individual,10315,"Moore, Richard T.",4/9/2001,Magauran,Raymond G.,10 Thaxter Road,Newton,MA,02460,500.0,Letter Sent 1-18-02,,,0,2001 Year-end Report (ND),,0,Not Specified
82,201,Individual,12293,"Simmons (Deceased), Mary Jane",4/9/2001,"PIRRO,JR",NICHOLAS  A/,58 SENIC DRIVE,Leominster,MA,01453,100.0,OWNER,SELF-EMPLOYED,,0,2001 Year-end Report (ND),,0,Not Specified
83,201,Individual,12293,"Simmons (Deceased), Mary Jane",4/9/2001,RODRQUENZ,DAVID  J.,74 PLEASANT TERRACE,Leominster,MA,01453,100.0,BUSINESS ADMINISTRATOR,CITY OF LEOMINSTER,,0,2001 Year-end Report (ND),,0,Not Specified
84,201,Individual,12718,"Hahn, Celia",4/9/2001,Lacombe,Philip,84 Springfield Street,Wilbraham,MA,01095,125.0,,,,0,2001 Year-end Report (ND),,0,Not Specified
85,201,Individual,12718,"Hahn, Celia",4/9/2001,Skipper,Maureen,16 Coventry Lane,Agawam,MA,01001,100.0,,,,0,2001 Year-end Report (ND),,0,Not Specified
86,201,Individual,12718,"Hahn, Celia",4/9/2001,Tolosky,Mark,83 Willow Brook Road,Longmeadow,MA,01106,200.0,CEO,Baystate Medical Center,,0,2001 Year-end Report (ND),,0,Not Specified
87,201,Individual,12718,"Hahn, Celia",4/9/2001,Straley,Peter,66 Country Corners Road,Amherst,MA,01002,150.0,,,,0,2001 Year-end Report (ND),,0,Not Specified
88,201,Individual,12718,"Hahn, Celia",4/9/2001,Boss,David,16 Stonehill Road,East Longmeadow,MA,01028,100.0,,,,0,2001 Year-end Report (ND),,0,Not Specified
89,201,Individual,12718,"Hahn, Celia",4/9/2001,Ruder,Amy,165 Southwood Drive,Ludlow,MA,01056,100.0,,,,0,2001 Year-end Report (ND),,0,Not Specified
90,201,Individual,12718,"Hahn, Celia",4/9/2001,Ebert,Thomas,18 Malden Street,West Boylston,MA,01583,100.0,,,,0,2001 Year-end Report (ND),,0,Not Specified
91,201,Individual,12718,"Hahn, Celia",4/9/2001,Sweet,Stephen,75 Country Corners Road,Amherst,MA,01002,300.0,Physician,Self Employed,,0,2001 Year-end Report (ND),,0,Not Specified
92,201,Individual,12718,"Hahn, Celia",4/9/2001,Kessler,James,45 Taylor Road,Shelburne,MA,01370,100.0,,,,0,2001 Year-end Report (ND),,0,Not Specified
93,201,Individual,12718,"Hahn, Celia",4/9/2001,Flint,Loring,174 Twin Hills Road,Longmeadow,MA,01106,100.0,,,,0,2001 Year-end Report (ND),,0,Not Specified
94,201,Individual,12718,"Hahn, Celia",4/9/2001,Friedman,Paul,133 Wild Grove Lane,Longmeadow,MA,01106,100.0,,,,0,2001 Year-end Report (ND),,0,Not Specified
95,201,Individual,12718,"Hahn, Celia",4/9/2001,McLean-Shinaman,Keith,53 Hayes Road,Tariffville,CT,06081,100.0,,,,0,2001 Year-end Report (ND),,0,Not Specified
96,201,Individual,11066,"Bosley, Daniel E.",4/9/2001,REILLY,LAWRENCE J.,4 CLYDESDALE LN.,HOPKINTON,MA,01748,100.0,PRESIDENT & CEO,MASS. ELECTRIC NEES CO.,,0,2001 Year-end Report (ND),,0,Not Specified
97,201,Individual,11066,"Bosley, Daniel E.",4/9/2001,KEEGAN,ROBERT J.,21 CUSTOM HOUSE STREET,BOSTON,MA,02110,100.0,LETTER SENT 4/20/01,"KEEGAN, WERLIN & PABIAN, LLP",,0,2001 Year-end Report (ND),,0,Not Specified
98,201,Individual,11066,"Bosley, Daniel E.",4/9/2001,RHODES,CINDY C.,P. O. BOX 578,EAST WAREHAM,MA,02538-0578,100.0,LETTER SENT 5/24/01,,,0,2001 Year-end Report (ND),,0,Not Specified
99,201,Individual,11066,"Bosley, Daniel E.",4/9/2001,O'DONNELL,TARA JEAN,O17 ALLSTON,BOSTON,MA,02129,100.0,LETTER SENT 4/20/01,,,0,2001 Year-end Report (ND),,0,Not Specified
100,201,Individual,11066,"Bosley, Daniel E.",4/9/2001,MALONEY,RICHARD J.,62 STOCK FARM ROAD,SUDBURY,MA,01776,200.0,LETTER SENT 5/15/01,,,0,2001 Year-end Report (ND),,0,Not Specified
101,201,Individual,11066,"Bosley, Daniel E.",4/10/2001,BLACKTHORNE FARMS,"ARTHUR D. KEOWN, JR.",96 DODGE HILL ROAD,WILKINSONVILLE,MA,01590,100.0,LETTER SENT 5/24/01,,,0,2001 Year-end Report (ND),,0,Not Specified
102,201,Individual,11066,"Bosley, Daniel E.",4/10/2001,BUCKLEY,GERALD,42 EVERGREEN STREET,DUXBURY,MA,02332,100.0,LETTER SENT 5/24/01,,,0,2001 Year-end Report (ND),,0,Not Specified
103,201,Individual,11066,"Bosley, Daniel E.",4/10/2001,MAY,THOMAS J.,22 LONGMEADOW DRIVE,WESTWOOD,MA,02090,250.0,LETTER SENT 5/10/01,,,0,2001 Year-end Report (ND),,0,Not Specified
104,201,Individual,11066,"Bosley, Daniel E.",4/10/2001,FLAHERTY,CHARLES F.,25 HOMER AVENUE #34,CAMBRIDGE,MA,02139,200.0,LETTER SENT 5/10/01,,,0,2001 Year-end Report (ND),,0,Not Specified
105,201,Individual,11066,"Bosley, Daniel E.",4/10/2001,GREGORY,CHRISTOPHER,16 MYOPIA RD.,WINCHESTER,MA,01890,100.0,OWNER,CHRISTOPHER GREGORY ASSOCIATES,,0,2001 Year-end Report (ND),,0,Not Specified
106,201,Individual,11066,"Bosley, Daniel E.",4/10/2001,LEAHY,WILLIAM P.,,,MA,,100.0,LETTER SENT 4/20/01 AND 6/20/0,,,0,2001 Year-end Report (ND),,0,Not Specified
107,201,Individual,11066,"Bosley, Daniel E.",4/10/2001,ORSINO,JEANNETTE M.,"10 HANCOCK ST., APT. 3",BOSTON,MA,02114,100.0,LETTER SENT 4/20/01,,,0,2001 Year-end Report (ND),,0,Not Specified
108,201,Individual,11066,"Bosley, Daniel E.",4/10/2001,QUILLEN,DANNY K.,"P. O. BOX 20706, DEPT. 976",ATLANTA,GA,30320,100.0,SPECIAL ACCOUNTANT,DELTA AIR LINE,,0,2001 Year-end Report (ND),,0,Not Specified
109,201,Individual,11066,"Bosley, Daniel E.",4/10/2001,STAVROPOULOS,NICKOLAS,22 STONEYBROOK CIR.,ANDOVER,MA,01810,100.0,LETTER SENT 4/20/01 AND 6/20/0,,,0,2001 Year-end Report (ND),,0,Not Specified
110,201,Individual,11066,"Bosley, Daniel E.",4/10/2001,STETSON,JAMES W.,"142 CHESTNUT ST., #10",BOSTON,MA,02108,100.0,LETTER SENT 4/20/01,,,0,2001 Year-end Report (ND),,0,Not Specified
111,201,Individual,11066,"Bosley, Daniel E.",4/10/2001,WHITE,W. PAUL,16 CEDAR HILL RD.,DOVER,MA,02030,100.0,ASSOC. VICE PRESIDENT,"OFFICE OF STATE & COMMUNITY AFFAIRS, BOSTON COLLEG",,0,2001 Year-end Report (ND),,0,Not Specified
112,201,Individual,11066,"Bosley, Daniel E.",4/10/2001,CIANELLI,PAUL R.,25 BREWER LANE,DUXBURY,MA,02332,100.0,PRESIDENT,N. E. CABLEVISION ASSOC.,,0,2001 Year-end Report (ND),,0,Not Specified
113,201,Individual,11066,"Bosley, Daniel E.",4/10/2001,GOLDSTEIN,EDWARD S.,30 MILL STREET,NEWTON CENTER,MA,02459,100.0,LETTER SENT 5/24/01,,,0,2001 Year-end Report (ND),,0,Not Specified
114,201,Individual,11066,"Bosley, Daniel E.",4/10/2001,MCDERMOTT,WILLIAM P.,21 CUSTOM HOUSE STREET,BOSTON,MA,02111,100.0,LOBBYIST,MA BYOTECH MANAG. CO.,,0,2001 Year-end Report (ND),,0,Not Specified
115,201,Individual,11066,"Bosley, Daniel E.",4/10/2001,JONGELING,GEORGE B.,7 MONTFORD DRIVE,HUNTINGTON,NY,11743,100.0,LETTER SENT 4/20/01,,,0,2001 Year-end Report (ND),,0,Not Specified
116,201,Individual,11066,"Bosley, Daniel E.",4/10/2001,KANE,WILLIAM D.,43 HUDSONS T.,LYNN,MA,01904,100.0,LETTER SENT 4/20/01 AND 6/20/0,,,0,2001 Year-end Report (ND),,0,Not Specified
117,201,Individual,11066,"Bosley, Daniel E.",4/10/2001,HEALY,JONATHAN L.,BURNT HILL RD.,SHELBURNE FALLS,MA,01370,100.0,COMMISSIONER,FOOD & AGRICULTURE,,0,2001 Year-end Report (ND),,0,Not Specified
118,201,Individual,11066,"Bosley, Daniel E.",4/10/2001,HUNT,ANDREW S.,298 BELMONT ST.,QUINCY,MA,02170,200.0,LOBBYIST,MASS. MEDICAL ASSOCIATES,,0,2001 Year-end Report (ND),,0,Not Specified
119,201,Individual,11066,"Bosley, Daniel E.",4/10/2001,HUNTINGTON,PATRICK J.,49 FAIRBANKS RD.,MILTON,MA,02186,100.0,LOBBYIST,QUINN & MORRISS,,0,2001 Year-end Report (ND),,0,Not Specified
120,201,Individual,11066,"Bosley, Daniel E.",4/10/2001,HOOPER,JEFF,P. O. BOX 331,HAMILTON,MA,01936,200.0,HORSE TRAINER,JEFF HOOPER STABLES,,0,2001 Year-end Report (ND),,0,Not Specified
121,201,Individual,11066,"Bosley, Daniel E.",4/10/2001,KOCZELA,CHRISTOPHER S.,45 CINDI'S WAY,BRIDGEWATER,MA,02324,100.0,SENIOR LEGISLATIVE CONSULTANT,JOHN HANCOCK INS. CO.,,0,2001 Year-end Report (ND),,0,Not Specified
122,201,Individual,11066,"Bosley, Daniel E.",4/10/2001,MILAN,PHILIP N.,"P.O. BOX 384, 101 GLADES RD.",MINOT,MA,02055,100.0,LETTER SENT 4/20/01 AND 6/20/0,,,0,2001 Year-end Report (ND),,0,Not Specified
123,201,Individual,11066,"Bosley, Daniel E.",4/10/2001,MUIAHAN,ALFRED,,,MA,,150.0,OWNER-D/B/A,ALFRED MUIAHAN,,0,2001 Year-end Report (ND),,0,Not Specified
124,201,Individual,11066,"Bosley, Daniel E.",4/10/2001,MULLANE,MICHAEL D.,18 RHODES STREET,PLAINVILLE,MA,02762,200.0,GENERAL CONTRACTOR,MDM GENERAL CONTRACTING,,0,2001 Year-end Report (ND),,0,Not Specified
125,201,Individual,11066,"Bosley, Daniel E.",4/10/2001,NEWMAN,JOSEPH P.,176 NEWPORT ST.,ARLINGTON,MA,02174,200.0,LEGAL DIRECTOR,GREATR BOSTON CHAMBER,,0,2001 Year-end Report (ND),,0,Not Specified
126,201,Individual,11066,"Bosley, Daniel E.",4/10/2001,O'BRIEN,DANIEL P.,275 CENTRAL STREET,SAUGUS,MA,01906,100.0,LETTER SENT4/20/01,,,0,2001 Year-end Report (ND),,0,Not Specified
127,201,Individual,11066,"Bosley, Daniel E.",4/10/2001,O'BRIEN,JOHN D.,237 HIGHLAND ROAD,ANDOVER,MA,01810,100.0,LETTER SENT 4/20/01,,,0,2001 Year-end Report (ND),,0,Not Specified
128,201,Individual,11066,"Bosley, Daniel E.",4/10/2001,REILLY,MARK E.,91 FULLER RD.,NORTH ANDOVER,MA,01845,100.0,COUNSEL DIRECTOR,MEDIA ONE,,0,2001 Year-end Report (ND),,0,Not Specified
129,201,Individual,11066,"Bosley, Daniel E.",4/10/2001,"MCGLYNN, JR.",JOHN J.,"57 WHARF ST, STE 3A",SALEM,MA,01970,150.0,LETTER SENT 4/20/01,,,0,2001 Year-end Report (ND),,0,Not Specified
130,201,Individual,11066,"Bosley, Daniel E.",4/10/2001,"MESSER, II",CHESTER R.,60 SELWYN RD.,BELMONT,MA,02178,100.0,EXEC. DIRECTOR,KUPPAN ENERGY,,0,2001 Year-end Report (ND),,0,Not Specified
131,201,Individual,11066,"Bosley, Daniel E.",4/10/2001,MCGEE,MICHELLE R.,"63 W. CEDAR ST. APT, #4",BOSTON,MA,02114,100.0,LETTER SENT 4/20/01,,,0,2001 Year-end Report (ND),,0,Not Specified
132,201,Individual,11066,"Bosley, Daniel E.",4/10/2001,"MALLOY, JR.",WILLIAM F.,31 WILDCAT LANE,NORWELL,MA,02061,100.0,LOBBYIST,THE MALLOY GROUP,,0,2001 Year-end Report (ND),,0,Not Specified
133,201,Individual,11066,"Bosley, Daniel E.",4/10/2001,RODOPHELE,ROBERT P.,20 SAMUEL PARLIN DRIVE,ACTON,MA,01720,200.0,LOBBYIST,"FERRITER, SCOROB, SIKARA, SINGIL",,0,2001 Year-end Report (ND),,0,Not Specified
134,201,Individual,11066,"Bosley, Daniel E.",4/10/2001,ROOS,MANFRED,59 HIGH STREET,PLAINVILLE,MA,02762,100.0,LETTER SENT 4/20/01,,,0,2001 Year-end Report (ND),,0,Not Specified
135,201,Individual,11066,"Bosley, Daniel E.",4/10/2001,ROTHSTEIN,STEVEN,19 LANCASTER TERRACE,BROOKLINE,MA,02446,100.0,MANAGING DIRECTOR,AES NEW ENERGY,,0,2001 Year-end Report (ND),,0,Not Specified
136,201,Individual,11066,"Bosley, Daniel E.",4/10/2001,SAGE,WILLIAM A.,69 LITTLEFIELD RD.,NEWTON CENTRE,MA,02459,200.0,HOTEL OWNER,D/B/A SAGE HOTEL,,0,2001 Year-end Report (ND),,0,Not Specified
137,201,Individual,11066,"Bosley, Daniel E.",4/10/2001,SERGEL,RICHARD P.,34 BROOK ST.,WELLESLEY,MA,02181,100.0,LETTER SENT 4/20/01 AND 6/20/0,,,0,2001 Year-end Report (ND),,0,Not Specified
138,201,Individual,11066,"Bosley, Daniel E.",4/10/2001,SHANLEY,VINCENT J.,"2 PARK PLACE, STE 205",BOSTON,MA,02116,200.0,LOBBYIST,D/B/A SHANLEY FLEMMING,,0,2001 Year-end Report (ND),,0,Not Specified
139,201,Individual,11066,"Bosley, Daniel E.",4/10/2001,SHAPIRO,DAVID K.,"21 WORMWOOD STREET, APT. 313",BOSTON,MA,02210,100.0,LETTER SENT 4/20/01,,,0,2001 Year-end Report (ND),,0,Not Specified
140,201,Individual,11066,"Bosley, Daniel E.",4/10/2001,SINKIEWICZ,KENNETH A.,911 E. BROADWAY,SOUTH BOSTON,MA,02127,100.0,LETTER SENT 4/20/01,,,0,2001 Year-end Report (ND),,0,Not Specified
141,201,Individual,11066,"Bosley, Daniel E.",4/10/2001,BONARRIGO,THOMAS M.,56 ELLIS CIRCLE,SO. WEYMOUTH,MA,02190,100.0,DIRECTOR,MASS REG. OF M.V.,,0,2001 Year-end Report (ND),,0,Not Specified
142,201,Individual,11066,"Bosley, Daniel E.",4/10/2001,"BRENNAN, JR.",JOHN A.,88 BELTRAN ST.,MALDEN,MA,02148,200.0,LOBBYIST,CASSIDY & ASSOCIATES,,0,2001 Year-end Report (ND),,0,Not Specified
143,201,Individual,11066,"Bosley, Daniel E.",4/10/2001,"CANAVAN, JR.",JAMES L.,,,,,100.0,LETTER SENT 4/20/01,,,0,2001 Year-end Report (ND),,0,Not Specified
144,201,Individual,11066,"Bosley, Daniel E.",4/10/2001,CARITO,WILLIAM A.,460 CRAFTS ST.,NEWTON,MA,02465,200.0,CONSULTANT,D/B/A PUBLIC POLICY,,0,2001 Year-end Report (ND),,0,Not Specified
145,201,Individual,11066,"Bosley, Daniel E.",4/10/2001,CARROLL,EDWARD C.,"1284 BEACON ST., APT. 509",BROOKLINE,MA,02446,100.0,LETTER SENT 4/20/01 AND 6/20/0,,,0,2001 Year-end Report (ND),,0,Not Specified
146,201,Individual,11066,"Bosley, Daniel E.",4/10/2001,COEN,KEVIN L.,51 CLIFTON AVENUE,MARBLEHEAD,MA,01945,100.0,LETTER SENT 4/20/01,,,0,2001 Year-end Report (ND),,0,Not Specified
147,201,Individual,11066,"Bosley, Daniel E.",4/10/2001,COHEN,ROGER B.,9800 BRIDLERIDGE CT.,VIENNA,VA,22181,100.0,LETTER SENT 4/20/01,,,0,2001 Year-end Report (ND),,0,Not Specified
148,201,Individual,11066,"Bosley, Daniel E.",4/10/2001,CONSALVO,MICHELLE,15 RAYNES RD.,HYDE PARK,MA,02136,100.0,LOBBYIST,DBA,,0,2001 Year-end Report (ND),,0,Not Specified
149,201,Individual,11066,"Bosley, Daniel E.",4/10/2001,CONSIDINE,KEVIN M.,ONE BEACON ST.,BOSTON,MA,02108,200.0,LAWYER,"D/B/A CROWLEY, CONSIDINE",,0,2001 Year-end Report (ND),,0,Not Specified
150,201,Individual,11066,"Bosley, Daniel E.",4/10/2001,"COYNE, JR.",WILLIAM F.,"6 BEACON ST., SUITE 420",BOSTON,MA,02108,200.0,ATTORNEY,COYNE & ASSOCIATES,,0,2001 Year-end Report (ND),,0,Not Specified
151,201,Individual,11066,"Bosley, Daniel E.",4/10/2001,ANDRE,CHARLES,51 CLIFTON STREET,MEDFORD,MA,02155,100.0,LETTER SENT 4-20-01,,,0,2001 Year-end Report (ND),,0,Not Specified
152,201,Individual,11066,"Bosley, Daniel E.",4/10/2001,ANDRE,KATHLEEN,51 CLIFTON STREET,MEDFORD,MA,02155,100.0,LETTER SENT 4/20/01,,,0,2001 Year-end Report (ND),,0,Not Specified
153,201,Individual,11066,"Bosley, Daniel E.",4/10/2001,BACHELDER,REBECCA S.,80 WARWICK ROAD,MELROSE,MA,02176,100.0,LETTER SENT 4/20/01,,,0,2001 Year-end Report (ND),,0,Not Specified
154,201,Individual,11066,"Bosley, Daniel E.",4/10/2001,DELANEY,MARK J.,25 ROYAL CREST DRIVE,NORTH ANDOVER,MA,01845,100.0,LOBBYIST,DELANEY & ASSOCIATES,,0,2001 Year-end Report (ND),,0,Not Specified
155,201,Individual,11066,"Bosley, Daniel E.",4/10/2001,DONOGHUE,ROGER D.,27 JACKSON DR.,ACTON,MA,01720,200.0,LOBBYIEST/CONSULTANT,D/B/A DONOGHUE & BARRET,,0,2001 Year-end Report (ND),,0,Not Specified
156,201,Individual,11066,"Bosley, Daniel E.",4/10/2001,DONOVAN,PAUL T.,82 PARK AVENUE,NEWTON,MA,02458,100.0,LETTER SENT 4/20/01,,,0,2001 Year-end Report (ND),,0,Not Specified
157,201,Individual,11066,"Bosley, Daniel E.",4/10/2001,FINNERAN,MARY E.,28 POND STREET,MILTON,MA,02186,100.0,LETTER SENT 4/20/01,,,0,2001 Year-end Report (ND),,0,Not Specified
158,201,Individual,11066,"Bosley, Daniel E.",4/10/2001,FLEMING,F. JEFFREY,"2 PARK PLAZA, STE. 205",BOSTON,MA,02116,200.0,LOBBYIST,D/B/A F. JEFFREY FLEMING,,0,2001 Year-end Report (ND),,0,Not Specified
159,201,Individual,11066,"Bosley, Daniel E.",4/10/2001,GALLAGHER,MARK J.,"286 K STREET, APT. 2",SOUTH BOSTON,MA,02127,100.0,LETTER SENT 4/20/01,,,0,2001 Year-end Report (ND),,0,Not Specified
160,201,Individual,11066,"Bosley, Daniel E.",4/10/2001,GREENE,JAMES,158 NORTH STREET,METHUEN,MA,01844,200.0,PUBLIC RELATIONS,SUFFOLK DOWNS,,0,2001 Year-end Report (ND),,0,Not Specified
161,201,Individual,11066,"Bosley, Daniel E.",4/10/2001,LARKIN,PATRICK J.,155 ANN DRIVE,PITTSFIELD,MA,01201,100.0,LETTER SENT 4/20/01,,,0,2001 Year-end Report (ND),,0,Not Specified
162,201,Individual,11066,"Bosley, Daniel E.",4/10/2001,LIANTONIO,JOHN J.,9 KNUTSEN DRIVE,WEST ORANGE,NJ,07052,100.0,LETTER SENT 4/20/01,,,0,2001 Year-end Report (ND),,0,Not Specified
163,201,Individual,11066,"Bosley, Daniel E.",4/10/2001,FIERRO,BENJAMIN,"141 TREMONT ST., SUITE 600",BOSTON,MA,02111,100.0,LAWYER,"LYNCH & FIERRO,LLP",,0,2001 Year-end Report (ND),,0,Not Specified
164,201,Individual,12791,"Stanley, Harriett L.",4/10/2001,Hickey,Brian,9 Park Street,Boston,MA,02108,200.0,Legislative Agent,Brian S. Hickey Associates,,0,2001 Year-end Report (ND),,0,Not Specified
165,201,Individual,12534,"Jones Jr., Bradley H.",4/10/2001,Gillespie,Jane L.,19 Ward Street,Woburn,MA,01801,250.0,Owner,Festive Occasions,,0,2001 Year-end Report (ND),,0,Not Specified
166,201,Individual,12534,"Jones Jr., Bradley H.",4/10/2001,Carucci,Marianne,3 Chester Road,North Reading,MA,01864,100.0,,,,0,2001 Year-end Report (ND),,0,Not Specified
167,201,Individual,12293,"Simmons (Deceased), Mary Jane",4/10/2001,CLEMENTI,JOHN,31-B BULLARD ROAD,Princeton,MA,01541,100.0,CEO,PLASTICAN,,0,2001 Year-end Report (ND),,0,Not Specified
168,201,Individual,10315,"Moore, Richard T.",4/10/2001,Belliveau,Norman J.,2300 Crown Colony Drive,Quincy,MA,02169,250.0,CPA,"American Express Tax & Business Services, Inc.",,0,2001 Year-end Report (ND),,0,Not Specified
169,201,Individual,10106,"Correia, Robert",4/10/2001,Chiropractic PAC of MA,CPF# 80022Y,76 Woodland St.,Methuen,MA,01844,200.0,,,,0,2001 Year-end Report (ND),,0,Not Specified
170,201,Individual,10106,"Correia, Robert",4/10/2001,Andrade,Genoveva,45 Carrie Hood Lane,Somerset,MA,02726,500.0,homemaker,,,0,2001 Year-end Report (ND),,0,Not Specified
171,201,Individual,10106,"Correia, Robert",4/10/2001,Andrade,Jorge,45 Carrie Hood Lane,Somerset,MA,02726,125.0,,,,0,2001 Year-end Report (ND),,0,Not Specified
172,201,Individual,10315,"Moore, Richard T.",4/10/2001,Harte,Neal J.,6 Everett Avenue,Winchester,MA,01890,250.0,Letter Sent 1-18-02,,,0,2001 Year-end Report (ND),,0,Not Specified
173,201,Individual,10315,"Moore, Richard T.",4/10/2001,Joyce,Michael J.,"254 Marlborough Street, Unit 1",Boston,MA,02116,500.0,CPA,Deloitte & Touche,,0,2001 Year-end Report (ND),,0,Not Specified
174,201,Individual,10025,"Berry, Frederick E.",4/10/2001,Shea,Phillip,320 Common Street,Walpole,MA,02081,50.0,,,,0,2001 Year-end Report (ND),,0,Not Specified
175,201,Individual,10025,"Berry, Frederick E.",4/10/2001,Baker,Robert A.,118 Atlantic Avenue,Swampscott,MA,01907,125.0,,,,0,2001 Year-end Report (ND),,0,Not Specified
176,201,Individual,10025,"Berry, Frederick E.",4/10/2001,"Kavanaugh, III",John E.,12 Longridge Lane,Ipswich,MA,01938,250.0,Retired,,,0,2001 Year-end Report (ND),,0,Not Specified
177,201,Individual,10025,"Berry, Frederick E.",4/10/2001,Underwood,Richard J.,"22 Batterymarch Street, 4th Floor",Boston,MA,02109,200.0,Attorney,Finnegan & Underwood,,0,2001 Year-end Report (ND),,0,Not Specified
178,201,Individual,10025,"Berry, Frederick E.",4/10/2001,"Dever, Jr.",Edward J.,46 Salisbury Street,Winchester,MA,01890,125.0,,,,0,2001 Year-end Report (ND),,0,Not Specified
179,201,Individual,10025,"Berry, Frederick E.",4/10/2001,Hines,Cheryl C.,88 Cherry Street,Wenham,MA,01984,250.0,President,Crawford Hines Associates,,0,2001 Year-end Report (ND),,0,Not Specified
180,201,Individual,10025,"Berry, Frederick E.",4/10/2001,O'Reilly,Elaine,95 Cushing Street,Cambridge,MA,02138,125.0,,,,0,2001 Year-end Report (ND),,0,Not Specified
181,201,Individual,10025,"Berry, Frederick E.",4/10/2001,Huntington,Patrick J.,49 Fairbanks Road,Milton,MA,02186,100.0,,,,0,2001 Year-end Report (ND),,0,Not Specified
182,201,Individual,10025,"Berry, Frederick E.",4/10/2001,Levine,Joanne,17 Del Prete Drive,Hingham,MA,02043,125.0,,,,0,2001 Year-end Report (ND),,0,Not Specified
183,201,Individual,10315,"Moore, Richard T.",4/11/2001,"Brennan, Jr., Esq.",John A.,88 Beltran Street,Malden,MA,02148,200.0,Lobbyist,The Brennan Group,,0,2001 Year-end Report (ND),,0,Not Specified
184,201,Individual,10315,"Moore, Richard T.",4/11/2001,Vitale,Richard D.,210 Commercial Street,Boston,MA,02109,250.0,CPA,"Vitale, Caturano & Company, PC",,0,2001 Year-end Report (ND),,0,Not Specified
185,201,Individual,11066,"Bosley, Daniel E.",4/11/2001,LYNCH,ANNE M.,134 ATLANTIC AVENUE,HULL,MA,02045,200.0,LOBBYIST,DBA ANNE M. LYNCH,,0,2001 Year-end Report (ND),,0,Not Specified
186,201,Individual,11066,"Bosley, Daniel E.",4/11/2001,PUCCI,CARL,52 MONUMENT AVENUE,CHARLESTOWN,MA,02129,100.0,LETTER SENT 7/11/01,,,0,2001 Year-end Report (ND),,0,Not Specified
187,201,Individual,11066,"Bosley, Daniel E.",4/11/2001,RIZZO,JOSEPH E.,55 ANGELA ROAD,BRAINTREE,MA,02184,100.0,LETTER SENT 7/11/01,,,0,2001 Year-end Report (ND),,0,Not Specified
188,201,Individual,11066,"Bosley, Daniel E.",4/11/2001,MCDERMITT,DAVID F.,33 BALMORAL STREET,ANDOVER,MA,01810,100.0,LETTER SENT 4/20/01,,,0,2001 Year-end Report (ND),,0,Not Specified
189,201,Individual,11066,"Bosley, Daniel E.",4/11/2001,LENOX,RITA T.,1 MAMMOLA WAY,MEDFORD,MA,02155,100.0,TREASURER,FRIENDS OF MICHAEL J. MCGLYNN,,0,2001 Year-end Report (ND),,0,Not Specified
190,201,Individual,11066,"Bosley, Daniel E.",4/11/2001,MORRIS,JAMES T.,21 MC CALL ROAD,WINCHESTER,MA,01890,200.0,LETTER SENT 4/20/01,,,0,2001 Year-end Report (ND),,0,Not Specified
191,201,Individual,11066,"Bosley, Daniel E.",4/11/2001,EID,CYNTHIA A.,141 TREMONT STREET,BOSTON,MA,02111,100.0,LETTER SENT 4/20/01,,,0,2001 Year-end Report (ND),,0,Not Specified
192,201,Individual,10315,"Moore, Richard T.",4/12/2001,The Bradford J. Shingleton Trust,,43 Chestnut Street,Boston,MA,02108,150.0,,,,0,2001 Year-end Report (ND),,0,Not Specified
193,201,Individual,12293,"Simmons (Deceased), Mary Jane",4/12/2001,CORMIER,NORMAND  J.,88 ST. MARTIN ST,Fitchburg,MA,01420,100.0,,,,0,2001 Year-end Report (ND),,0,Not Specified
194,201,Individual,12293,"Simmons (Deceased), Mary Jane",4/12/2001,ALLAIN,BRIAN,71 WORCESTER ROAD,Sterling,MA,01564,100.0,INSURANCE BROKER,CHOICE INS AGENCY INC,,0,2001 Year-end Report (ND),,0,Not Specified
195,201,Individual,12293,"Simmons (Deceased), Mary Jane",4/12/2001,BARRY,DAVID,44 POND STREET,Leominster,MA,01453,100.0,PRESIDENT,ROCKWELL ROOFING,,0,2001 Year-end Report (ND),,0,Not Specified
196,201,Individual,12293,"Simmons (Deceased), Mary Jane",4/12/2001,ANGELINI,GREGORY,152 PROSPECT STREET,Leominster,MA,01453,100.0,ATTORNEY,SELF/EMPLOYED,,0,2001 Year-end Report (ND),,0,Not Specified
197,201,Individual,12293,"Simmons (Deceased), Mary Jane",4/12/2001,BEN BAR REALTY,,20 MAIN ST,Leominster,MA,01453,100.0,,,,0,2001 Year-end Report (ND),,0,Not Specified
198,201,Individual,12293,"Simmons (Deceased), Mary Jane",4/12/2001,EATON,MARK,30 TORY CIRCLE,Leominster,MA,01453,100.0,V.P. INFO SYSTEMS,STERILITE CORP,,0,2001 Year-end Report (ND),,0,Not Specified
199,201,Individual,12293,"Simmons (Deceased), Mary Jane",4/12/2001,FANTOZZI,SANTINO,519 CENTRAL STREET,Leominster,MA,01453,100.0,RETIRED,,,0,2001 Year-end Report (ND),,0,Not Specified
200,201,Individual,12293,"Simmons (Deceased), Mary Jane",4/12/2001,LEOMINSTER FIRE FIGHTERS LOCAL 1841,,19 CHURCH STREET,Leominster,MA,01453,100.0,,,,0,2001 Year-end Report (ND),,0,Not Specified
201,201,Individual,12293,"Simmons (Deceased), Mary Jane",4/12/2001,MCCARTY,RUTH,102 OLDE TAVERN ROAD,Leominster,MA,01453,100.0,,,,0,2001 Year-end Report (ND),,0,Not Specified
202,201,Individual,12293,"Simmons (Deceased), Mary Jane",4/12/2001,MESZTROS,MARK,52 CONSTITUTION DRIVE,Leominster,MA,01453,100.0,DENTIST,SELF-EMPLOYED,,0,2001 Year-end Report (ND),,0,Not Specified
203,201,Individual,12293,"Simmons (Deceased), Mary Jane",4/12/2001,PADOVANO,HUGO,39 NORFOLK DRIVE,Leominster,MA,01453,100.0,INSURANCE BROKER,SELF-EMPLOYED,,0,2001 Year-end Report (ND),,0,Not Specified
204,201,Individual,12293,"Simmons (Deceased), Mary Jane",4/12/2001,"SMITH,JR.",GEORGE H.,154 GRANITE STREE,Leominster,MA,01453,100.0,C.P.O.,LEOMINSTER DISTRICT COURT,,0,2001 Year-end Report (ND),,0,Not Specified
205,201,Individual,13164,"Candaras, Gale D.",4/12/2001,MacNeish,John,2205 Boston Road N130,Wilbraham,MA,01095,250.0,Banker,Country Bank for Savings,,0,2001 Year-end Report (ND),,0,Not Specified
206,201,Individual,13164,"Candaras, Gale D.",4/12/2001,Patel,Ghanshysam N.,2009 Boston Road,Wilbraham,MA,01095,250.0,Owner,Wilbraham Motel,,0,2001 Year-end Report (ND),,0,Not Specified
207,201,Individual,13164,"Candaras, Gale D.",4/12/2001,Putnam,Arlene,122 Candlewood Drive,Enfield,CT,06082,150.0,General Manager,Eastfield Mall,,0,2001 Year-end Report (ND),,0,Not Specified
208,201,Individual,12534,"Jones Jr., Bradley H.",4/13/2001,Nola,Joseph T.,281 Main Street,Reading,MA,01867,100.0,,,,0,2001 Year-end Report (ND),,0,Not Specified
209,201,Individual,12293,"Simmons (Deceased), Mary Jane",4/13/2001,FERZOCO,PELINO  J.,20 HILLERY ROAD,Leominster,MA,01453,100.0,PRESIDENT,STAR CONTAINER CORP,,0,2001 Year-end Report (ND),,0,Not Specified
210,201,Individual,10315,"Moore, Richard T.",4/13/2001,Bolliger,Glen A.,3 Inwood Lane,Andover,MA,01810,500.0,Letter Sent 1-18-02,,,0,2001 Year-end Report (ND),,0,Not Specified
211,201,Individual,11066,"Bosley, Daniel E.",4/13/2001,VARA,HENRY D.,2630 BAYVIEW DR.,FT. LAUDERDALE,FL,33306,500.0,OWNER,GREAT BARRINGTON FAIRGROUNDS,,0,2001 Year-end Report (ND),,0,Not Specified
212,201,Individual,11066,"Bosley, Daniel E.",4/13/2001,ROGERS,ELIZABETH,133 NECK ROAD,WARD HILL,MA,01830,100.0,LETTER SENT 5/24/01,,,0,2001 Year-end Report (ND),,0,Not Specified
213,201,Individual,12119,"Quinn, John F.",4/13/2001,Decas,John,219 Main St.,Wareham,MA,02571,100.0,,,,0,2001 Year-end Report (ND),,0,Not Specified
214,201,Individual,12119,"Quinn, John F.",4/13/2001,McDonough,Joseph,1 Kimball Ct.,Melrose,MA,02176,100.0,,,,0,2001 Year-end Report (ND),,0,Not Specified
215,201,Individual,12557,"O'Brien, Thomas J.",4/13/2001,Cunningham,L.A.,203 Off Tarkiln Road,Kingston,MA,02364,100.0,,,,0,2001 Year-end Report (ND),,0,Not Specified
216,201,Individual,11411,"Walsh, Marian",4/14/2001,GONDELMAN,MELVIN N.,36 Meetinghouse Lane,Milton,MA,02186,200.0,ELECTRONICS,Self-employed,,0,2001 Year-end Report (ND),,0,Not Specified
217,201,Individual,11411,"Walsh, Marian",4/15/2001,HICKEY,BRIAN,9 Park Street,Boston,MA,02108,200.0,Lobbyist,Self-employed,,0,2001 Year-end Report (ND),,0,Not Specified
218,201,Individual,11064,"Festa, Michael E.",4/15/2001,Makepeace,Christopher,200 Tihonet Rd.,Wareham,MA,02571,100.0,,,,0,2001 Year-end Report (ND),,0,Not Specified
219,201,Individual,11064,"Festa, Michael E.",4/15/2001,Smolens,Irving,10 Ravine Rd.,Melrose,MA,02176,75.0,,,,0,2001 Year-end Report (ND),,0,Not Specified
220,201,Individual,11064,"Festa, Michael E.",4/16/2001,Ahern,Mary A.,135 Country Club Rd.,Melrose,MA,02176,100.0,,,,0,2001 Year-end Report (ND),,0,Not Specified
221,201,Individual,11064,"Festa, Michael E.",4/16/2001,Bagarella,Gary J.,62 Glenn St.,Melrose,MA,02176,100.0,,,,0,2001 Year-end Report (ND),,0,Not Specified
222,201,Individual,11064,"Festa, Michael E.",4/16/2001,Cianelli,Paul,25 Brewer Ln.,Duxbury,MA,02332,100.0,,,,0,2001 Year-end Report (ND),,0,Not Specified
223,201,Individual,11411,"Walsh, Marian",4/16/2001,NASIF,GERALD,35 RICHWOOD STREET,WEST ROXBURY,MA,02132,200.0,OWNER,W. ROX. MOTORS,,0,2001 Year-end Report (ND),,0,Not Specified
224,201,Individual,11411,"Walsh, Marian",4/16/2001,"O'DONNELL, ESQ.",TARA JEAN,ONE BEACON STREET,BOSTON,MA,02108,100.0,,,,0,2001 Year-end Report (ND),,0,Not Specified
225,201,Individual,11411,"Walsh, Marian",4/16/2001,JOYCE,THOMAS M.,83 CHESTNUT STREET,BOSTON,MA,02108,200.0,Lobbyist,Self-employed,,0,2001 Year-end Report (ND),,0,Not Specified
226,201,Individual,10315,"Moore, Richard T.",4/17/2001,Boger III,William P.,357 Nashawtuc Road,Concord,MA,01742,250.0,Medical Doctor,Self-employed,,0,2001 Year-end Report (ND),,0,Not Specified
227,201,Individual,11064,"Festa, Michael E.",4/17/2001,Carlson,Jeffrey,3095 Main St.,Barnstable,MA,02630,100.0,,,,0,2001 Year-end Report (ND),,0,Not Specified
228,201,Individual,11064,"Festa, Michael E.",4/18/2001,Houghton,Charles,271 Main St.,Stoneham,MA,02180,100.0,Lawyer,self employed,,0,2001 Year-end Report (ND),,0,Not Specified
229,201,Individual,10315,"Moore, Richard T.",4/18/2001,Behar & Kalman,,"6 Beacon Street, Suite 312",Boston,MA,02108,100.0,,,,0,2001 Year-end Report (ND),,0,Not Specified
230,201,Individual,11411,"Walsh, Marian",4/18/2001,$50 OR LESS,,,,MA,,125.0,,,,0,2001 Year-end Report (ND),,0,Not Specified
231,201,Individual,10315,"Moore, Richard T.",4/18/2001,Strazzulla,Domenic M.,"500 Congress Street, #1A-1",Quincy,MA,02169,500.0,Ophthalmologist,Self-employed,,0,2001 Year-end Report (ND),,0,Not Specified
232,201,Individual,12534,"Jones Jr., Bradley H.",4/18/2001,Cota,Maria J.,19 Pine Glen Drive,North Reading,MA,01864,25.0,,,,0,2001 Year-end Report (ND),,0,Not Specified
233,201,Individual,12534,"Jones Jr., Bradley H.",4/18/2001,Demetri,James P.,11 Oscars Way,North Reading,MA,01864,100.0,Executive,Boston Thermo King,,0,2001 Year-end Report (ND),,0,Not Specified
234,201,Individual,12534,"Jones Jr., Bradley H.",4/19/2001,"Stats, Sr.",Donald W.,4 Swan Pond Road,North Reading,MA,01864,100.0,,,,0,2001 Year-end Report (ND),,0,Not Specified
235,201,Individual,12534,"Jones Jr., Bradley H.",4/19/2001,Jackson,Warren H.,15 Haverhill Street,North Reading,MA,01864,100.0,Owner,Jackson Industries,,0,2001 Year-end Report (ND),,0,Not Specified
236,201,Individual,13164,"Candaras, Gale D.",4/19/2001,Medeiros,John T.,11 Webster Lane,Wilbraham,MA,01095,250.0,Owner,Medeiros Williams,,0,2001 Year-end Report (ND),,0,Not Specified
237,201,Individual,12293,"Simmons (Deceased), Mary Jane",4/19/2001,SHIMKUS,TODD,16  A STREET,Gardner,MA,01440,100.0,VICE PRESIDENT,NORTH CENTRAL MA CHAMBER OF COMMERCE,,0,2001 Year-end Report (ND),,0,Not Specified
238,201,Individual,10315,"Moore, Richard T.",4/19/2001,UniBank for Savings,,49 Church Street,Whitinsville,MA,01588,18.71,,,,0,2001 Year-end Report (ND),,0,Not Specified
239,201,Individual,10315,"Moore, Richard T.",4/19/2001,Hughes,Mark S.,73 Chatam Street,Brookline,MA,02446,500.0,Physician,Eye Health Services,,0,2001 Year-end Report (ND),,0,Not Specified
240,201,Individual,10315,"Moore, Richard T.",4/19/2001,Botnuck,Freeman P.,48 Blueberry Hill Road,Longmeadow,MA,01106,500.0,Medical Doctor,Self-employed,,0,2001 Year-end Report (ND),,0,Not Specified
241,201,Individual,12293,"Simmons (Deceased), Mary Jane",4/19/2001,CROSSMAN,RALPH,49 MALBURN TERR,Leominster,MA,01453,100.0,,FAMILY PIZZA,,0,2001 Year-end Report (ND),,0,Not Specified
242,201,Individual,12293,"Simmons (Deceased), Mary Jane",4/19/2001,FINI,BENITO,1084 MAIN STREET,Leominster,MA,01453,100.0,RETIRED,,,0,2001 Year-end Report (ND),,0,Not Specified
243,201,Individual,12293,"Simmons (Deceased), Mary Jane",4/19/2001,FLYNN,JOHN,P O BOX 2695,Worcester,MA,01613,100.0,SHERRIF,COMM OF MASS.,,0,2001 Year-end Report (ND),,0,Not Specified
244,201,Individual,12293,"Simmons (Deceased), Mary Jane",4/19/2001,GARNEAU,BARBARA,86 MAPLE AVE,Leominster,MA,01453,100.0,EXECUTIVE DIRECTOR,OUR FATHER'S HOUSE,,0,2001 Year-end Report (ND),,0,Not Specified
245,201,Individual,12293,"Simmons (Deceased), Mary Jane",4/19/2001,GENASKE,MARIE,448 WASHUSETT STREET,Leominster,MA,01453,100.0,TEACHER,CITY OF WORCESTER,,0,2001 Year-end Report (ND),,0,Not Specified
246,201,Individual,12293,"Simmons (Deceased), Mary Jane",4/19/2001,HART,JOSEPH  S.,20 KAUFMAN DRIVE,PETERBOROUGH,NH,03458,100.0,CEO,PETERBOROUGH OIL CO,,0,2001 Year-end Report (ND),,0,Not Specified
247,201,Individual,12293,"Simmons (Deceased), Mary Jane",4/19/2001,HART,MARYANN,13 HOLLIS STREET,Cambridge,MA,02140,100.0,LOBBYIST,"RVA, INC ; PACE",,0,2001 Year-end Report (ND),,0,Not Specified
248,201,Individual,12293,"Simmons (Deceased), Mary Jane",4/19/2001,HEALEY,FREDERICK D.,121 RYEFIELD ROAD,Fitchburg,MA,01420,100.0,PRES/CEO,WORKERS' CREDIT UNION,,0,2001 Year-end Report (ND),,0,Not Specified
249,201,Individual,12293,"Simmons (Deceased), Mary Jane",4/19/2001,LATTANZIO,NUNZIO  J.,45 TISDALE STREET,Leominster,MA,01453,100.0,SEMI-RETIRED,,,0,2001 Year-end Report (ND),,0,Not Specified
250,201,Individual,12293,"Simmons (Deceased), Mary Jane",4/19/2001,MARRAMA,PHILLIP,37 JUDY DRIVE,Leominster,MA,01453,100.0,OWNER,"ONE-ON-ONE FITNESS PLUS, INC",,0,2001 Year-end Report (ND),,0,Not Specified
251,201,Individual,12293,"Simmons (Deceased), Mary Jane",4/19/2001,MCCARTY,DANIEL  J.,102 OLDE TAVERN ROAD,Leominster,MA,01453,100.0,PRESIDENT,MCCARTY ASSOC,,0,2001 Year-end Report (ND),,0,Not Specified
252,201,Individual,12293,"Simmons (Deceased), Mary Jane",4/19/2001,CARR,PAULA,18 REVOLUTION DRIVE,Leominster,MA,01453,100.0,SECRETARY,P.A.C.E.,,0,2001 Year-end Report (ND),,0,Not Specified
253,201,Individual,12293,"Simmons (Deceased), Mary Jane",4/19/2001,ASQUINO,DANIEL M.,170 SHORE ROAD,Bourne,MA,02532,100.0,PRESIDENT,MT.WACHUSETT COMMUNITY COLLEGE,,0,2001 Year-end Report (ND),,0,Not Specified
254,201,Individual,12293,"Simmons (Deceased), Mary Jane",4/19/2001,BANGRAZI,FRANCIS,618 WEST STREET,Leominster,MA,01453,100.0,RETIRED,,,0,2001 Year-end Report (ND),,0,Not Specified
255,201,Individual,12293,"Simmons (Deceased), Mary Jane",4/19/2001,BOUCHARD,DANIEL,17 OLD DEERFIELD ROAD,Leominster,MA,01453,100.0,FIRE FIGHTER,CITY OF LEOMINSTER,,0,2001 Year-end Report (ND),,0,Not Specified
256,201,Individual,12293,"Simmons (Deceased), Mary Jane",4/19/2001,BOVENZI,THOMAS   M.,301 CHAMBERLAIN,Barre,MA,01005,200.0,ATTORNEY,BOVENZI & DONOVAN,,0,2001 Year-end Report (ND),,0,Not Specified
257,201,Individual,12293,"Simmons (Deceased), Mary Jane",4/19/2001,COFLESKY,JOHN,56 S. ROYALSTON RD,Royalston,MA,01368,200.0,MASS STATE TROOPER,COMM. OF MASS.,,0,2001 Year-end Report (ND),,0,Not Specified
258,201,Individual,12293,"Simmons (Deceased), Mary Jane",4/19/2001,RICHARDS,TIMOTHY  W.,24 WISTERIA DRIVE,Leominster,MA,01453,100.0,SMALL BUS OWNER,ORCHARD HILLS ATHLETIC CLUB,,0,2001 Year-end Report (ND),,0,Not Specified
259,201,Individual,12293,"Simmons (Deceased), Mary Jane",4/19/2001,DECAROLIS,JOSEPH,76 COLONIAL DRIVE,Leominster,MA,01453,100.0,INSURANCE BROKER,DECAROLIS INS AGENCY,,0,2001 Year-end Report (ND),,0,Not Specified
260,201,Individual,12293,"Simmons (Deceased), Mary Jane",4/19/2001,O'DONNELL,WILLIAM   P.,55 ALBEMARLE ROAD,Norwood,MA,02062,100.0,ATTORNEY,SELF-EMPLOYED,,0,2001 Year-end Report (ND),,0,Not Specified
261,201,Individual,10315,"Moore, Richard T.",4/19/2001,Silvia,Frank A.,74 Bow Street,Woburn,MA,01801,100.0,,,,0,2001 Year-end Report (ND),,0,Not Specified
262,201,Individual,10315,"Moore, Richard T.",4/19/2001,Huntington,Patrick J.,49 Fairbanks Road,Milton,MA,02186,125.0,Lobbyist,Quinn & Morris,,0,2001 Year-end Report (ND),,0,Not Specified
263,201,Individual,10315,"Moore, Richard T.",4/20/2001,Miller,Mary Lynn,5 Patrick Henry Circle,Acton,MA,01720,250.0,Physician,Fallon Clinic,,0,2001 Year-end Report (ND),,0,Not Specified
264,201,Individual,10315,"Moore, Richard T.",4/20/2001,Schuman,Joel S.,36 Woodridge Road,Wayland,MA,01778,500.0,Physician,Self-employed,,0,2001 Year-end Report (ND),,0,Not Specified
265,201,Individual,12534,"Jones Jr., Bradley H.",4/20/2001,Murphy,Cunthia M.,62 Lowell road,North Reading,MA,01864,100.0,,,,0,2001 Year-end Report (ND),,0,Not Specified
266,201,Individual,12791,"Stanley, Harriett L.",4/20/2001,"Coyne, Jr.",William F.,6 Beacon Street - Ste. 420,Boston,MA,02108,200.0,Legislative Agent,,,0,2001 Year-end Report (ND),,0,Not Specified
267,201,Individual,12293,"Simmons (Deceased), Mary Jane",4/21/2001,RONCONE,JOHN  L.,142  MAIN STREET,Leominster,MA,01453,100.0,ATTORNEY,SOLOMON & ROCONE,,0,2001 Year-end Report (ND),,0,Not Specified
268,201,Individual,10315,"Moore, Richard T.",4/21/2001,Karol,Stephen J.,86 West Street,Attleboro,MA,02703,100.0,Lobbyist,"The Karol Group, Inc.",,0,2001 Year-end Report (ND),,0,Not Specified
269,201,Individual,10315,"Moore, Richard T.",4/22/2001,Evans,C. Douglas,5 Blueberry Hill,Andover,MA,01810,500.0,Physician,Self-employed,,0,2001 Year-end Report (ND),,0,Not Specified
270,201,Individual,12791,"Stanley, Harriett L.",4/22/2001,Huntington,Patrick J.,49 Fairbanks Road,Milton,MA,02186,125.0,,,,0,2001 Year-end Report (ND),,0,Not Specified
271,201,Individual,12718,"Hahn, Celia",4/23/2001,Ballis,E. S.,115 West Silver Street,Westfield,MA,01085,250.0,Physician,Self Employed,,0,2001 Year-end Report (ND),,0,Not Specified
272,201,Individual,12718,"Hahn, Celia",4/23/2001,Pierce,Steven,69 Wood Road,Westfield,MA,01085,100.0,,,,0,2001 Year-end Report (ND),,0,Not Specified
273,201,Individual,12718,"Hahn, Celia",4/23/2001,Trader,Jean,100 Munger Hill,Westfield,MA,01085,100.0,,,,0,2001 Year-end Report (ND),,0,Not Specified
274,201,Individual,12718,"Hahn, Celia",4/23/2001,Bradley,Steven,45 Gulf Road,Pelham,MA,01002,100.0,,,,0,2001 Year-end Report (ND),,0,Not Specified
275,201,Individual,10315,"Moore, Richard T.",4/23/2001,Hagopian,Varant,310 Willow Brook Drive,Wayland,MA,01778,250.0,Physician,Self-employed,,0,2001 Year-end Report (ND),,0,Not Specified
276,201,Individual,10315,"Moore, Richard T.",4/23/2001,Salmon,Daniel J.,34 Ward's Lane,Northbridge,MA,01534,500.0,President,Beaumont Nursing Home,,0,2001 Year-end Report (ND),,0,Not Specified
277,201,Individual,10315,"Moore, Richard T.",4/23/2001,Lingeman,Byron S.,9 Edmunds Road,Wellesley Hills,MA,02481,250.0,Physician,Self-employed,,0,2001 Year-end Report (ND),,0,Not Specified
278,201,Individual,10315,"Moore, Richard T.",4/23/2001,Lacy,Robert T.,507 Main Street,Hingham,MA,02043,250.0,Physician,Eye Health Services,,0,2001 Year-end Report (ND),,0,Not Specified
279,201,Individual,10025,"Berry, Frederick E.",4/23/2001,Eastern Bank,,Main Street,Peabody,MA,01960,56.25,,,,0,2001 Year-end Report (ND),,0,Not Specified
280,201,Individual,13164,"Candaras, Gale D.",4/23/2001,McFarland,Edward R.,4 Jeffrey Lane,Wilbraham,MA,01095,150.0,Dentist,Self Employed,,0,2001 Year-end Report (ND),,0,Not Specified
281,201,Individual,12293,"Simmons (Deceased), Mary Jane",4/23/2001,TOCCI,ROBERT,60 COLONIAL DRIVE,Leominster,MA,01453,100.0,PLASTIC RECYCLING,AARON INDUSTRIES CORP,,0,2001 Year-end Report (ND),,0,Not Specified
282,201,Individual,13164,"Candaras, Gale D.",4/23/2001,Gaudreau,Jules,14 Apple Hill Road,Wilbraham,MA,01095,200.0,Insurance Agent,Gaudreau Assoc.,,0,2001 Year-end Report (ND),,0,Not Specified
283,201,Individual,12534,"Jones Jr., Bradley H.",4/23/2001,White,Rita A.,73 Winter Street,North Reading,MA,01864,250.0,Housewife,None,,0,2001 Year-end Report (ND),,0,Not Specified
284,201,Individual,12534,"Jones Jr., Bradley H.",4/23/2001,Meninger,Donald T.,38 Spruce Road,North Reading,MA,01864,100.0,,,,0,2001 Year-end Report (ND),,0,Not Specified
285,201,Individual,12119,"Quinn, John F.",4/23/2001,Rogers,George,2 Captain Towne Rd.,Sandwich,MA,02537,100.0,,,,0,2001 Year-end Report (ND),,0,Not Specified
286,201,Individual,12119,"Quinn, John F.",4/24/2001,Rider,C. Kenneth,14 Meadowview Rd.,Topsfield,MA,01983,100.0,,,,0,2001 Year-end Report (ND),,0,Not Specified
287,201,Individual,12534,"Jones Jr., Bradley H.",4/24/2001,Verdonck,Robert F.,4 Acorn Knoll,North Reading,MA,01864,100.0,Banker,East Boston Savings Bank,,0,2001 Year-end Report (ND),,0,Not Specified
288,201,Individual,12293,"Simmons (Deceased), Mary Jane",4/24/2001,"ZEPHIR,JR",EDWARD  W.,437   WEST ST,Leominster,MA,01453,100.0,,,,0,2001 Year-end Report (ND),,0,Not Specified
289,201,Individual,12293,"Simmons (Deceased), Mary Jane",4/24/2001,SALVATELLI,ROBERT,11 WOODSIDE AVE,Leominster,MA,01453,100.0,,,,0,2001 Year-end Report (ND),,0,Not Specified
290,201,Individual,10315,"Moore, Richard T.",4/24/2001,Cahners,Catherine J.,30 Edge Hill Road,Chestnut Hill,MA,02167,150.0,,,,0,2001 Year-end Report (ND),,0,Not Specified
291,201,Individual,10315,"Moore, Richard T.",4/24/2001,Tobin,Mark W.,23 Sandpiper Hill,Sharon,MA,02067,250.0,Health Care Executive,The Point Group,,0,2001 Year-end Report (ND),,0,Not Specified
292,201,Individual,10315,"Moore, Richard T.",4/24/2001,Gordon,Peter,682 Hammond Street,Brookline,MA,02467,500.0,President & CEO,Gordon Healthcare Management Group,,0,2001 Year-end Report (ND),,0,Not Specified
293,201,Individual,12293,"Simmons (Deceased), Mary Jane",4/24/2001,CROTEAU,KRISTINE,234 PIERCE STREET,Leominster,MA,01453,100.0,,,,0,2001 Year-end Report (ND),,0,Not Specified
294,201,Individual,12293,"Simmons (Deceased), Mary Jane",4/24/2001,BOVENZI,PETER,P O BOX 788,Leominster,MA,01453,500.0,CONTRACTOR,SELF-EMPLOYED,,0,2001 Year-end Report (ND),,0,Not Specified
295,201,Individual,12293,"Simmons (Deceased), Mary Jane",4/24/2001,MALONE,PATRICK,9 MAIN STREET,Leominster,MA,01453,100.0,ATTORNEY,,,0,2001 Year-end Report (ND),,0,Not Specified
296,201,Individual,12293,"Simmons (Deceased), Mary Jane",4/24/2001,"MOONEY,JR.",JOHN  T.,6 CALVIN LANE,Sterling,MA,01564,100.0,,,,0,2001 Year-end Report (ND),,0,Not Specified
297,201,Individual,12293,"Simmons (Deceased), Mary Jane",4/24/2001,NOVELLI,JOHN  D.,50 UNION STREET,Leominster,MA,01453,100.0,TEACHER ASST,CITY OF SHIRLEY,,0,2001 Year-end Report (ND),,0,Not Specified
298,201,Individual,12293,"Simmons (Deceased), Mary Jane",4/24/2001,MCDERMOTT,KATHLEEN,60 OLD COLONIAL DRIVE,Gardner,MA,01440,100.0,,,,0,2001 Year-end Report (ND),,0,Not Specified
299,201,Individual,12293,"Simmons (Deceased), Mary Jane",4/24/2001,MCLAUGHLIN,JOHN,93 TOLMAN AVE,Leominster,MA,01453,100.0,,,,0,2001 Year-end Report (ND),,0,Not Specified
300,201,Individual,12293,"Simmons (Deceased), Mary Jane",4/24/2001,FLANNAGAN,JANE,24 PLEASANT STREET,Leominster,MA,01453,100.0,,,,0,2001 Year-end Report (ND),,0,Not Specified
301,201,Individual,10315,"Moore, Richard T.",4/25/2001,Plumb,W. Scott,13 Milk Street,Lexington,MA,02421,200.0,Lobbyist,MA Extended Care Federation,,0,2001 Year-end Report (ND),,0,Not Specified
302,201,Individual,10315,"Moore, Richard T.",4/25/2001,Delaney,Mark J.,25 Royal Crest Drive,North Andover,MA,01845,100.0,Lobbyist,Delaney & Associates,,0,2001 Year-end Report (ND),,0,Not Specified
303,201,Individual,10315,"Moore, Richard T.",4/25/2001,Schuster,Gerald,63 Kendrick Street,Needham Heights,MA,02494,150.0,,,,0,2001 Year-end Report (ND),,0,Not Specified
304,201,Individual,10315,"Moore, Richard T.",4/25/2001,Schuster,Heidi,90 Suffork Road,Chestnut Hill,MA,02467,150.0,,,,0,2001 Year-end Report (ND),,0,Not Specified
305,201,Individual,13600,"Coppola (Deceased), Michael",4/25/2001,ZIERAK,KATHERINE D,31 OAK STREET,FOXBORO,MA,02035,15.0,,,,0,2001 Year-end Report (ND),,0,Not Specified
306,201,Individual,13600,"Coppola (Deceased), Michael",4/25/2001,"GRIEDER, JR",WILLIAM E,15 BIRCH TREE ROAD,FOXBORO,MA,02035,263.0,M.IS. MANAGER,CINGULAR,,0,2001 Year-end Report (ND),,0,Not Specified
307,201,Individual,13600,"Coppola (Deceased), Michael",4/25/2001,GRIEDER,KATHLEEN,15 BIRCH TREE ROAD,FOXBORO,MA,02035,250.0,ADMINISTRATIVE ASS'T,"INTERPAY, MANSFIELD, MA",,0,2001 Year-end Report (ND),,0,Not Specified
308,201,Individual,13600,"Coppola (Deceased), Michael",4/25/2001,OVRUT,BARNETT D,10 AMES RD,FOXBORO,MA,02035,15.0,,,,0,2001 Year-end Report (ND),,0,Not Specified
309,201,Individual,13600,"Coppola (Deceased), Michael",4/25/2001,CASH,3/8/01 TESTIMONIAL,,,MA,,125.0,,,,0,2001 Year-end Report (ND),,0,Not Specified
310,201,Individual,13283,"Fresolo, John P.",4/25/2001,BREAULT,WILLIAM T.,4 HATHWAY ST.,Worcester,MA,01610,100.0,,,,0,2001 Year-end Report (ND),,0,Not Specified
311,201,Individual,12557,"O'Brien, Thomas J.",4/25/2001,Bagdasarian,Cheryl,93 North Street,Middleborough,MA,02346,100.0,,,,0,2001 Year-end Report (ND),,0,Not Specified
312,201,Individual,12119,"Quinn, John F.",4/26/2001,Shores,Lois,P.O. Box 785,Carver,MA,02330,100.0,,,,0,2001 Year-end Report (ND),,0,Not Specified
313,201,Individual,12718,"Hahn, Celia",4/26/2001,Litz,Scott,271 Rowley Street,Agawam,MA,01001,150.0,Service Station Owner,Larry's Mobil,,0,2001 Year-end Report (ND),,0,Not Specified
314,201,Individual,12718,"Hahn, Celia",4/26/2001,Baker,Howard,18 Alcott Mountain Road,Simsbury,CT,06070,100.0,,,,0,2001 Year-end Report (ND),,0,Not Specified
315,201,Individual,10315,"Moore, Richard T.",4/26/2001,Quillard,Philip F.,7 Sycamore Street,Dedham,MA,02026,150.0,,,,0,2001 Year-end Report (ND),,0,Not Specified
316,201,Individual,10315,"Moore, Richard T.",4/26/2001,Kravetz,Richard I.,7 Manomet Road,Sharon,MA,02067,100.0,Healthcare Sr. Administrator,Webster Commons,,0,2001 Year-end Report (ND),,0,Not Specified
317,201,Individual,10315,"Moore, Richard T.",4/26/2001,Corrigan,Ernest J.,30 Ravine Road,Wellesley,MA,02481,100.0,,,,0,2001 Year-end Report (ND),,0,Not Specified
318,201,Individual,10315,"Moore, Richard T.",4/26/2001,Finnegan,Stephen J.,1296 Canton Avenue,Milton,MA,02186,125.0,Lobbyist,,,0,2001 Year-end Report (ND),,0,Not Specified
319,201,Individual,10315,"Moore, Richard T.",4/26/2001,Morse,Abraham E.,21 Sagamore Road,Newton Highlands,MA,02461,200.0,Lobbyist,MA Extended Care Federation,,0,2001 Year-end Report (ND),,0,Not Specified
320,201,Individual,10315,"Moore, Richard T.",4/26/2001,Gregorio,Tara Marie,11 Wayne Street,Bradford,MA,01835,200.0,Lobbyist,MA Extended Care Federation,,0,2001 Year-end Report (ND),,0,Not Specified
321,201,Individual,10315,"Moore, Richard T.",4/26/2001,Karr,Gregory C.,28 Grand Hill Drive,Dover,MA,02030,100.0,,,,0,2001 Year-end Report (ND),,0,Not Specified
322,201,Individual,10315,"Moore, Richard T.",4/26/2001,Weene,Lawrence E.,59 North Pearl Street,Brockton,MA,02301,100.0,Medical Doctor,,,0,2001 Year-end Report (ND),,0,Not Specified
323,201,Individual,10315,"Moore, Richard T.",4/26/2001,Herrick,Richard J.,"P.O. Box 411, 8 South Street",Stockbridge,MA,01262,250.0,President,Wingate Health Care,,0,2001 Year-end Report (ND),,0,Not Specified
324,201,Individual,10315,"Moore, Richard T.",4/26/2001,DelSordo,Kathleen A.,12 Beverly Street,Dartmouth,MA,02747,500.0,Administrator,Essex Group Management,,0,2001 Year-end Report (ND),,0,Not Specified
325,201,Individual,10315,"Moore, Richard T.",4/26/2001,Romano,Frank C.,57 Summer Street,Rowley,MA,01969,500.0,President,Blaire House of Milford,,0,2001 Year-end Report (ND),,0,Not Specified
326,201,Individual,10315,"Moore, Richard T.",4/26/2001,Thisse,Nicholas H.,80 Access Road,Norwood,MA,02062,500.0,President & CEO,Lydia Taft Nursing Home,,0,2001 Year-end Report (ND),,0,Not Specified
327,201,Individual,10315,"Moore, Richard T.",4/26/2001,Lacasse,P. F.,9 Penzanle Road,Rockport,MA,01966,500.0,Retired,,,0,2001 Year-end Report (ND),,0,Not Specified
328,201,Individual,10315,"Moore, Richard T.",4/26/2001,Blinn,Richard P.,67 Blossom Road,Windham,NH,03087,500.0,Administrator,Genesis Healthcare,,0,2001 Year-end Report (ND),,0,Not Specified
329,201,Individual,10315,"Moore, Richard T.",4/27/2001,"Jones, Jr.",William C.,16 Charisma Drive,Pittsfield,MA,01201,100.0,,,,0,2001 Year-end Report (ND),,0,Not Specified
330,201,Individual,12534,"Jones Jr., Bradley H.",4/27/2001,O'Neill,Janet L.,6 North Hill Drive,North Reading,MA,01864,75.0,,,,0,2001 Year-end Report (ND),,0,Not Specified
331,201,Individual,12119,"Quinn, John F.",4/27/2001,Bump,Suzanne,41 Cleveland Ave.,Braintree,MA,02184,100.0,,,,0,2001 Year-end Report (ND),,0,Not Specified
332,201,Individual,12119,"Quinn, John F.",4/28/2001,Dunham,Ann,102 Tremont St.  P.O. Box 661,Carver,MA,02366,100.0,,,,0,2001 Year-end Report (ND),,0,Not Specified
333,201,Individual,10315,"Moore, Richard T.",4/28/2001,Kelly,Peter J.,34 Brookmont Drive,Wilbraham,MA,01095,500.0,Physician,Self-employed,,0,2001 Year-end Report (ND),,0,Not Specified
334,201,Individual,11411,"Walsh, Marian",4/28/2001,FITZGERALD,KATHLEEN M.,180 WREN STREET,WEST ROXBURY,MA,02132,100.0,,,,0,2001 Year-end Report (ND),,0,Not Specified
335,201,Individual,10315,"Moore, Richard T.",4/29/2001,Sang,Delia N.,73 Chatam Street,Brookline,MA,02446,500.0,Physician,Eye Health Services,,0,2001 Year-end Report (ND),,0,Not Specified
336,201,Individual,10315,"Moore, Richard T.",4/29/2001,Berger,Robert M.,60 Druid Circle,Longmeadow,MA,01106,250.0,Medical Doctor,Self-employed,,0,2001 Year-end Report (ND),,0,Not Specified
337,201,Individual,10315,"Moore, Richard T.",4/29/2001,Greenfield,Paul S.,80 Lindall Street,Danvers,MA,01923,250.0,Physician,Self-employed,,0,2001 Year-end Report (ND),,0,Not Specified
338,201,Individual,10315,"Moore, Richard T.",4/30/2001,Berger,Steven T.,79 Silver Beach Road,Longmeadow,MA,01106,250.0,Medical Doctor,Baystate Eye Care Corp.,,0,2001 Year-end Report (ND),,0,Not Specified
339,201,Individual,10315,"Moore, Richard T.",4/30/2001,Heersink,Bernhard,"21 Highland Avenue, #1",Newburyport,MA,01950,300.0,Physician,Self-employed,,0,2001 Year-end Report (ND),,0,Not Specified
340,201,Individual,10315,"Moore, Richard T.",4/30/2001,Danyluk,Andrew W.,777 North Street,Pittsfield,MA,01201,250.0,Medical Doctor,Self-employed,,0,2001 Year-end Report (ND),,0,Not Specified
341,201,Individual,10315,"Moore, Richard T.",4/30/2001,Levy,Joseph J.,7 Swifts Lane,Sharon,MA,02067,100.0,,,,0,2001 Year-end Report (ND),,0,Not Specified
342,201,Individual,10315,"Moore, Richard T.",4/30/2001,Weissman,Irving L.,20 Gordon Road,Waban,MA,02468,500.0,Physician,Self-employed,,0,2001 Year-end Report (ND),,0,Not Specified
343,201,Individual,12791,"Stanley, Harriett L.",4/30/2001,"Kuljic, D. D. S.",Bozidar,900 Cummings Center - Ste. 106T,Beverly,MA,01915,100.0,,,,0,2001 Year-end Report (ND),,0,Not Specified
344,201,Individual,11421,"Brewer, Stephen M.",5/1/2001,Haggerty,Patricia,18 Westwood Drive,Sturbridge,MA,01566,40.0,,,,0,2001 Year-end Report (ND),,0,Not Specified
345,201,Individual,11421,"Brewer, Stephen M.",5/1/2001,Novak,Paul,121 King Philip Road,Worcester,MA,01606,100.0,,,,0,2001 Year-end Report (ND),,0,Not Specified
346,201,Individual,11421,"Brewer, Stephen M.",5/1/2001,Solomito,Joseph,104 Rinnock Road,Fitchburg,MA,01420,50.0,Asst. District Attorney,Commonwealth of MA,,0,2001 Year-end Report (ND),,0,Not Specified
347,201,Individual,11421,"Brewer, Stephen M.",5/1/2001,Solomito,Joseph,104 Rinnock Road,Fitchburg,MA,01420,50.0,Asst. District Attorney,Commonwealth of MA,,0,2001 Year-end Report (ND),,0,Not Specified
348,201,Individual,10315,"Moore, Richard T.",5/1/2001,Family Eye Care Center,,"133 Littleton Road, Suite 201",Westford,MA,01886,250.0,,,,0,2001 Year-end Report (ND),,0,Not Specified
349,201,Individual,10315,"Moore, Richard T.",5/1/2001,Vergnani,Robert J.,40 Porters Lane,Portsmouth,RI,02871,350.0,Ophthalmologist,"Eye Physicians & Surgeons of Fall River, Inc.",,0,2001 Year-end Report (ND),,0,Not Specified
350,201,Individual,10315,"Moore, Richard T.",5/1/2001,Kapoor,Vikas,154 Harvard Street,Newtonville,MA,02460,400.0,President,Copley Technology Group,,0,2001 Year-end Report (ND),,0,Not Specified
351,201,Individual,10315,"Moore, Richard T.",5/1/2001,Dacey,Mark P.,"285 Bunkerhill Street, A-3",Charlestown,MA,02129,500.0,Physician,"Eye Health Services 77 Woodcliff Road, Wellesley",,0,2001 Year-end Report (ND),,0,Not Specified
352,201,Individual,10315,"Moore, Richard T.",5/1/2001,Moss,Alan P.,1 Knollwood Drive,Worcester,MA,01609,250.0,Medical Doctor,Self-employed,,0,2001 Year-end Report (ND),,0,Not Specified
353,201,Individual,12534,"Jones Jr., Bradley H.",5/1/2001,Moynihan,Gerard W.,25 Marshall Street,North Reading,MA,01864,100.0,Owner,Moynihan Lumber Company,,0,2001 Year-end Report (ND),,0,Not Specified
354,201,Individual,13164,"Candaras, Gale D.",5/1/2001,Edgerly,Brian,322 Blueberry Hill Road,Longmeadow,MA,01106,100.0,General Manager,,,0,2001 Year-end Report (ND),,0,Not Specified
355,201,Individual,13164,"Candaras, Gale D.",5/1/2001,Fitzgerald,Frank,95 State Street,Springfield,MA,01103,250.0,Attorney,Fitzgerald Attorneys at Law,,0,2001 Year-end Report (ND),,0,Not Specified
356,201,Individual,13164,"Candaras, Gale D.",5/1/2001,Gagliarducci,Jerome,8 Bonair Drive,Wilbraham,MA,01095,300.0,Construction Owner,Gagliarducci Construction,,0,2001 Year-end Report (ND),,0,Not Specified
357,201,Individual,13164,"Candaras, Gale D.",5/1/2001,Mirkin,Zane,P.O. Box 2851,Springfield,MA,01101,250.0,Owner,Associated Wrecking,,0,2001 Year-end Report (ND),,0,Not Specified
358,201,Individual,12119,"Quinn, John F.",5/1/2001,Handy,Brian,P.O. Box 75,Pocasset,MA,02559,100.0,,,,0,2001 Year-end Report (ND),,0,Not Specified
359,201,Individual,12119,"Quinn, John F.",5/1/2001,Jeffers,Donna,440 Snipatuit Rd.,Rochester,MA,02770,100.0,,,,0,2001 Year-end Report (ND),,0,Not Specified
360,201,Individual,12557,"O'Brien, Thomas J.",5/1/2001,Vendetti,Thomas,9 Brook Street,Kingston,MA,02364,100.0,,,,0,2001 Year-end Report (ND),,0,Not Specified
361,201,Individual,11497,"Koczera, Robert M.",5/1/2001,Firstfed - interest,,Ashley Blvd,New Bedford,MA,02745,2.73,,,,0,2001 Year-end Report (ND),,0,Not Specified
