,Record Type ID,Record Type Description,Filer CPF ID,Filer Full Name Reverse,Date,Name,First Name,Address,City,State,Zip Code,Amount,Occupation,Employer,Principal Officer,Contributor CPF ID,Source Description,Description,Tender Type ID,Tender Type Description
0,201,Individual,12534,"Jones Jr., Bradley H.",11/1/2001,Colt,James D.,18 Larch Row,Wenham,MA,01984,50.0,,,,0,2001 Year-end Report (ND),,0,Not Specified
1,201,Individual,12534,"Jones Jr., Bradley H.",11/1/2001,Leahy,Brian L.,15 Louanis Drive,Reading,MA,01867,100.0,,,,0,2001 Year-end Report (ND),,0,Not Specified
2,201,Individual,12534,"Jones Jr., Bradley H.",11/1/2001,Jackson,Warren H.,15 Haverhill Street,North Reading,MA,01864,100.0,Owner,Jackson Industries,,0,2001 Year-end Report (ND),,0,Not Specified
3,201,Individual,11497,"Koczera, Robert M.",11/1/2001,Firstfed - interest,,Ashley Blvd,New Bedford,MA,02745,2.73,,,,0,2001 Year-end Report (ND),,0,Not Specified
4,201,Individual,12119,"Quinn, John F.",11/1/2001,Howard,Donald,32 Maple St.,New Bedford,MA,02740,100.0,,,,0,2001 Year-end Report (ND),,0,Not Specified
5,201,Individual,11411,"Walsh, Marian",11/1/2001,WHITE,CAROLE A.,12 RUSKIN ROAD,WEST ROXBURY,MA,02132,100.0,R.E. BROKER,SELF-EMPLOYED,,0,2001 Year-end Report (ND),,0,Not Specified
6,201,Individual,11411,"Walsh, Marian",11/1/2001,"MAHONEY, ll",JOHN V.,21 DELANO PARK,ROSLINDALE,MA,02131,100.0,,,,0,2001 Year-end Report (ND),,0,Not Specified
7,201,Individual,11411,"Walsh, Marian",11/1/2001,McCARRICK,JOHN L.,43 PEARL STREET,BRIDGEWATER,MA,02324,75.0,,,,0,2001 Year-end Report (ND),,0,Not Specified
8,201,Individual,10315,"Moore, Richard T.",11/1/2001,Barry,John F.,"P.O. Box 487, 1808 Providence Road",Northbridge,MA,01534,100.0,President,"Barry Equipment Company, Inc.",,0,2001 Year-end Report (ND),,0,Not Specified
9,201,Individual,13283,"Fresolo, John P.",11/1/2001,SABONAITIS,DENNIS J.,39 DOLAN RD.,Millbury,MA,01527,100.0,CLERK,OTB NEWS,,0,2001 Year-end Report (ND),,0,Not Specified
10,201,Individual,10315,"Moore, Richard T.",11/2/2001,Worcester County Sheriff's Department,,5 Paul X. Tivnan Drive,West Boylston,MA,01583,100.0,,,,0,2001 Year-end Report (ND),,0,Not Specified
11,201,Individual,11411,"Walsh, Marian",11/2/2001,KARA,HENRY G.,139 WEATHERBEE DRIVE,WESTWOOD,MA,02090,100.0,ATTORNEY,SELF-EMP.,,0,2001 Year-end Report (ND),,0,Not Specified
12,201,Individual,11411,"Walsh, Marian",11/2/2001,WHITE,RALPH,11 PEARL STRREET,WALPOLE,MA,02071,200.0,LOBBYIST,R.S.C.M. EMPLOYEES ASSOC.,,0,2001 Year-end Report (ND),,0,Not Specified
13,201,Individual,11411,"Walsh, Marian",11/2/2001,PALMARIELLO,JANET M.,4779 Washington Street,West Roxbury,MA,02132,250.0,RETIRED,,,0,2001 Year-end Report (ND),,0,Not Specified
14,201,Individual,11411,"Walsh, Marian",11/2/2001,McCARTHY,RICHARD E.,940 VFW PKWY.,WEST ROXBURY,MA,02132,75.0,,,,0,2001 Year-end Report (ND),,0,Not Specified
15,201,Individual,11066,"Bosley, Daniel E.",11/2/2001,BESSETTE,THOMAS E.,31 WELLESLEY PARK,DORCHESTER,MA,02124,200.0,"DIRECTOR, GOVERNMENT AFFAIRS",PG&E GENERATING,,0,2001 Year-end Report (ND),,0,Not Specified
16,201,Individual,11066,"Bosley, Daniel E.",11/2/2001,"CONNELLY, JR.",THOMAS J.,46 OAK ROAD,MILTON,MA,02186,100.0,EX DIRECTOR,MASS NATIONAL HOUSING REDEVELOPMENT,,0,2001 Year-end Report (ND),,0,Not Specified
17,201,Individual,11066,"Bosley, Daniel E.",11/2/2001,COSTELLO,NEAL B.,"9 PARK STREET, #500",BOSTON,MA,02108-4807,200.0,LETTER SENT 11/5/01,,,0,2001 Year-end Report (ND),,0,Not Specified
18,201,Individual,11066,"Bosley, Daniel E.",11/2/2001,"DEVER, JR.",EDWARD J.,46 SALISBURY STREET,WINCHESTER,MA,01890,100.0,LETTER SENT 11/5/01,,,0,2001 Year-end Report (ND),,0,Not Specified
19,201,Individual,11066,"Bosley, Daniel E.",11/2/2001,DROUIN,VICTOR,264 FOREST ROAD,WOLFEBORO,NH,03894,500.0,LETTER SENT 9-21-00 AND 4-20-0,,,0,2001 Year-end Report (ND),,0,Not Specified
20,201,Individual,11066,"Bosley, Daniel E.",11/2/2001,GORDON,JAMES S.,86 MOUNT VERNON STREET,BOSTON,MA,02108,200.0,CEO,"ENERGY MANAGEMENT, INC.",,0,2001 Year-end Report (ND),,0,Not Specified
21,201,Individual,11066,"Bosley, Daniel E.",11/2/2001,HAGGERTY,JEFFREY J.,6 NELSON ROAD,ROCKLAND,MA,02370,200.0,LOBBYIST,HICKEY & ASSOCIATES,,0,2001 Year-end Report (ND),,0,Not Specified
22,201,Individual,11066,"Bosley, Daniel E.",11/2/2001,HICKEY,BRIAN,"9 PARK ST, 5TH FLOOR",BOSTON,MA,02108,200.0,LOBBYIST,HICKEY ASSOCIATES,,0,2001 Year-end Report (ND),,0,Not Specified
23,201,Individual,11066,"Bosley, Daniel E.",11/2/2001,HOOPER,JEFFREY,P. O. BOX 331,HAMILTON,MA,01936,100.0,OWNER,JEFF HOOPER STABLES,,0,2001 Year-end Report (ND),,0,Not Specified
24,201,Individual,11066,"Bosley, Daniel E.",11/2/2001,JOYCE,MICHAEL F.,18 RED OAK LANE,WEST BARNSTABLE,MA,02668,250.0,LETTER SENT 11/5/01,,,0,2001 Year-end Report (ND),,0,Not Specified
25,201,Individual,11066,"Bosley, Daniel E.",11/2/2001,KASLOW,THOMAS W.,33 SUMMER STREET,ANDOVER,MA,01810,200.0,DIRECTOR MARKET DEVELOPMENT,PG&E U.S. GENERATING COMPANY,,0,2001 Year-end Report (ND),,0,Not Specified
26,201,Individual,11066,"Bosley, Daniel E.",11/2/2001,KING,SUSAN,P. O. BOX 1267,MATTAPOISETT,MA,02739,100.0,EXECUTIVE,AM. REF-FUEL/SE MASS,,0,2001 Year-end Report (ND),,0,Not Specified
27,201,Individual,11066,"Bosley, Daniel E.",11/2/2001,KONARY,SHAWN,,,MA,,100.0,LETTER SENT 11/5/01,,,0,2001 Year-end Report (ND),,0,Not Specified
28,201,Individual,11066,"Bosley, Daniel E.",11/2/2001,LABRECQUE,PETER,13 HILLSIDE AVENUE,AMESBURY,MA,01913,200.0,LETTER SENT 11/5/01,,,0,2001 Year-end Report (ND),,0,Not Specified
29,201,Individual,11066,"Bosley, Daniel E.",11/2/2001,LAWLESS,JOHN R.,72 MOUNT VICKERY ROAD,SOUTHBOROUGH,MA,01772,250.0,"LETTER SENT 1/8/01, 4-20-01, 1",,,0,2001 Year-end Report (ND),,0,Not Specified
30,201,Individual,11066,"Bosley, Daniel E.",11/2/2001,LOFTUS,PATRICK J.,"9 PARK STREET, SUITE #500",BOSTON,MA,02108,200.0,LAWYER/LOBBYIST,BRIAN HICKEY ASSOC.,,0,2001 Year-end Report (ND),,0,Not Specified
31,201,Individual,11066,"Bosley, Daniel E.",11/2/2001,"LONG, II",RAYMOND G.,8 WHIFFLETREE LANE,MARSHFIELD,MA,02050,200.0,EXECUTIVE EXTERNAL AFFAIRS,MIRANT ENERGY NE INC.,,0,2001 Year-end Report (ND),,0,Not Specified
32,201,Individual,11066,"Bosley, Daniel E.",11/2/2001,MOSCHETTO,ALFRED J.,1 MEL;ROSE STREET,METHUEN,MA,01844,100.0,PRESIDENT,MIADA,,0,2001 Year-end Report (ND),,0,Not Specified
33,201,Individual,11066,"Bosley, Daniel E.",11/2/2001,MULHERN,DANIEL M.,"67 MIDDLE STREET, SUITE #302",LOWELL,MA,01852,100.0,OWNER,DANIEL M. MULHERN,,0,2001 Year-end Report (ND),,0,Not Specified
34,201,Individual,11066,"Bosley, Daniel E.",11/2/2001,O'BRIEN,NEIL THOMAS,P. O. BOX 1296 CT,MELROSE,MA,02176,200.0,LOBBYIST,HICKEY ASSOC.,,0,2001 Year-end Report (ND),,0,Not Specified
35,201,Individual,11066,"Bosley, Daniel E.",11/2/2001,POWERS,THOMAS B.,122 CONCORD STREET,NEWTON,MA,02462,100.0,"DIRECTOR, GOVERNMENT & ENVIRON",PG&E GENERATING,,0,2001 Year-end Report (ND),,0,Not Specified
36,201,Individual,11066,"Bosley, Daniel E.",11/2/2001,SHAW,ROBERT P.,379 CENTRAL STREET,MANSFIELD,MA,02048,100.0,CHAIRMAN,MIADA,,0,2001 Year-end Report (ND),,0,Not Specified
37,201,Individual,11066,"Bosley, Daniel E.",11/2/2001,SHAW,ROBERT P. (FOR EDWARD COOZBRIT,379 CENTRAL STREET,MANSFIELD,MA,02048,100.0,CHAIRMAN,MIADA,,0,2001 Year-end Report (ND),,0,Not Specified
38,201,Individual,11066,"Bosley, Daniel E.",11/2/2001,SPADEA,ANTHONY,37 PEARL STREET,BRAINTREE,MA,02184,100.0,LETTER SENT 11/5/01,,,0,2001 Year-end Report (ND),,0,Not Specified
39,201,Individual,11066,"Bosley, Daniel E.",11/2/2001,WOLFGRAM,STEVEN,"111 WASHINGTON AVENUE, SUITE #701",ALBANY,NY,12210,200.0,LETTER SENT 11/5/01,,,0,2001 Year-end Report (ND),,0,Not Specified
40,201,Individual,12534,"Jones Jr., Bradley H.",11/2/2001,Sawin,Deborah A.,64-11 Jacqueline Road,Waltham,MA,02452,200.0,Attorney,Deborah Sawin Law Offices,,0,2001 Year-end Report (ND),,0,Not Specified
41,201,Individual,12534,"Jones Jr., Bradley H.",11/2/2001,Cadigan,Neil F.,19 Arrow Circle,Reading,MA,01867,100.0,Retired,None,,0,2001 Year-end Report (ND),,0,Not Specified
42,201,Individual,12534,"Jones Jr., Bradley H.",11/2/2001,Allen,Linda D.,103 Central Street,Byfield,MA,01922,100.0,,,,0,2001 Year-end Report (ND),,0,Not Specified
43,201,Individual,12534,"Jones Jr., Bradley H.",11/3/2001,Verdonck,Robert F.,4 Acorn Knoll,North Reading,MA,01864,100.0,Banker,East Boston Savings Bank,,0,2001 Year-end Report (ND),,0,Not Specified
44,201,Individual,11411,"Walsh, Marian",11/3/2001,ROWLEY,THOMAS P.,33 CLEMENT AVENUE,WEST ROXBURY,MA,02132,250.0,LANDSCAPER,SELF-EMPLOYED,,0,2001 Year-end Report (ND),,0,Not Specified
45,201,Individual,11411,"Walsh, Marian",11/3/2001,BANKS,THOMAS L.,42 CLIFTONDALE STREET,ROSLINDALE,MA,02131,250.0,UNION REP.,IBAT LOCAL #35,,0,2001 Year-end Report (ND),,0,Not Specified
46,201,Individual,11411,"Walsh, Marian",11/4/2001,KURKER,DOLORES,Kearsage Avenue,W. Hyannisport,MA,02672,100.0,HOUSEWIFE,,,0,2001 Year-end Report (ND),,0,Not Specified
47,201,Individual,11411,"Walsh, Marian",11/4/2001,LYNCH,ANNE M.,134 ATLANTIC AVE.,HULL,MA,02045,200.0,LOBBYIST,LYNCH ASSOCIATES,,0,2001 Year-end Report (ND),,0,Not Specified
48,201,Individual,11411,"Walsh, Marian",11/4/2001,McCARTHY,PAUL F.,P.O. BOX 580,CAPTIVA ISLAND,FL,33924,100.0,LANDSCAPER,SELF-EMPLOYED,,0,2001 Year-end Report (ND),,0,Not Specified
49,201,Individual,11411,"Walsh, Marian",11/4/2001,SCHINDLER,EILEEN M.,67 MANTHORNE ROAD,WEST ROXBURY,MA,02132,100.0,,,,0,2001 Year-end Report (ND),,0,Not Specified
50,201,Individual,11411,"Walsh, Marian",11/4/2001,"TODESCA, JR.",ANGELO,40 WEATHERBEE DR.,WESTWOOD,MA,02090,100.0,,,,0,2001 Year-end Report (ND),,0,Not Specified
51,201,Individual,11411,"Walsh, Marian",11/4/2001,TOUMA,LILLY,300 PROVIDENCE HWY.,DEDHAM,MA,02026,100.0,,,,0,2001 Year-end Report (ND),,0,Not Specified
52,201,Individual,11411,"Walsh, Marian",11/4/2001,TROY,MARY K.,83 WOODARD RD.,WEST ROXBURY,MA,02132,100.0,R.E. BROKER,DeWOLFE R.E.,,0,2001 Year-end Report (ND),,0,Not Specified
53,201,Individual,11411,"Walsh, Marian",11/4/2001,VINTON,JOHN J.,79 MARTIN ST.,CAMBRIDGE,MA,02139,75.0,,,,0,2001 Year-end Report (ND),,0,Not Specified
54,201,Individual,11411,"Walsh, Marian",11/4/2001,ROUSE,RICHARD J.,26 ARBORVIEW RD.,JAMAICA PLAIN,MA,02131,100.0,,,,0,2001 Year-end Report (ND),,0,Not Specified
55,201,Individual,11411,"Walsh, Marian",11/4/2001,MULLANEY,JOHN J.,32 WASHINGTON AVE.,BUZZARDS BAY,MA,02532,100.0,,,,0,2001 Year-end Report (ND),,0,Not Specified
56,201,Individual,11411,"Walsh, Marian",11/4/2001,BROOKS,PAUL F.,8 JUNIPER LANE,MEDFIELD,MA,02052,250.0,POLICE OFFICER,CITY OF BOSTON,,0,2001 Year-end Report (ND),,0,Not Specified
57,201,Individual,11411,"Walsh, Marian",11/4/2001,CONNOLLY,JOHN J.,30 HARTWELL PLACE,CANTON,MA,02021,100.0,CONS.WKR.,SHAUGHNESSEY,,0,2001 Year-end Report (ND),,0,Not Specified
58,201,Individual,11411,"Walsh, Marian",11/4/2001,DONLAN,SUSAN,100 STRATFORD ST.,WEST ROXBURY,MA,02132,75.0,,,,0,2001 Year-end Report (ND),,0,Not Specified
59,201,Individual,11411,"Walsh, Marian",11/4/2001,HEGARTY,MAUREEN A.,149 CHURCH ST.,WEST ROXBURY,MA,02132,150.0,ADMIN. ASSIST.,COMM. OF MA.,,0,2001 Year-end Report (ND),,0,Not Specified
60,201,Individual,11411,"Walsh, Marian",11/4/2001,JOYCE,MICHAEL P.,4 Shore Drive,Canton,MA,02021,100.0,Attorney,Self-employed,,0,2001 Year-end Report (ND),,0,Not Specified
61,201,Individual,11411,"Walsh, Marian",11/4/2001,$50 OR LESS,,,,MA,,9425.0,,,,0,2001 Year-end Report (ND),,0,Not Specified
62,201,Individual,11411,"Walsh, Marian",11/4/2001,"ARMSTRONG, JR.,ESQ.",RICHARD D.,40 CHERYL DRIVE,MILTON,MA,02186,100.0,ATTORNEY,NIXON PEABODY LLP,,0,2001 Year-end Report (ND),,0,Not Specified
63,201,Individual,11411,"Walsh, Marian",11/5/2001,BEAL,ROBERT L.,177 MILK STREET,BOSTON,MA,02109,400.0,R.E. DEVELOPER,SELF-EMPLOYED,,0,2001 Year-end Report (ND),,0,Not Specified
64,201,Individual,12534,"Jones Jr., Bradley H.",11/5/2001,O'Shea,Daniel J.,72 Kilsyth Road,South Easton,MA,02375,100.0,,,,0,2001 Year-end Report (ND),,0,Not Specified
65,201,Individual,11066,"Bosley, Daniel E.",11/5/2001,BOSLEY,DANIEL,3 ELMWOOD AVE.,North Adams,MA,01247,2088.13,REFUND CK#902,DUBLICATE REIMBURSEMENT,,0,2001 Year-end Report (ND),,0,Not Specified
66,201,Individual,13164,"Candaras, Gale D.",11/5/2001,Thompson,Catherine G.,26 Ruth Drive,Wilbraham,MA,01095,225.0,Housewife,,,0,2001 Year-end Report (ND),,0,Not Specified
67,201,Individual,13164,"Candaras, Gale D.",11/5/2001,Metzger,I. Stella,37 Longview Drive,Wilbraham,MA,01095,25.0,Retired,,,0,2001 Year-end Report (ND),,0,Not Specified
68,201,Individual,13164,"Candaras, Gale D.",11/5/2001,Barber-Armstrong,Wendy,7 Macintosh Drive,Wilbraham,MA,01095,50.0,Teacher,,,0,2001 Year-end Report (ND),,0,Not Specified
69,201,Individual,13164,"Candaras, Gale D.",11/5/2001,Hanmer,Samuel R.,123 Englewood Road,Longmeadow,MA,01106,100.0,President,"Field,Eddy & Bulkley",,0,2001 Year-end Report (ND),,0,Not Specified
70,201,Individual,13164,"Candaras, Gale D.",11/5/2001,Hickey,Leonard D.,2 Crane Park Drive,Wilbraham,MA,01095,100.0,Business Owner,,,0,2001 Year-end Report (ND),,0,Not Specified
71,201,Individual,13164,"Candaras, Gale D.",11/5/2001,Ablondi,Mary B.,685 Main Street,Wilbraham,MA,01095,50.0,Housewife,,,0,2001 Year-end Report (ND),,0,Not Specified
72,201,Individual,11066,"Bosley, Daniel E.",11/6/2001,FIRTH,JAMES D.,54 FORESIDE ROAD,CUMBERLAND FORESIDE,ME,04110-1424,200.0,LETTER SENT 01/11/02,,,0,2001 Year-end Report (ND),,0,Not Specified
73,201,Individual,12534,"Jones Jr., Bradley H.",11/6/2001,Nelson S. Burbank Trust - 1996,,24 Juniper Circle,Reading,MA,01867,200.0,,,,0,2001 Year-end Report (ND),,0,Not Specified
74,201,Individual,12534,"Jones Jr., Bradley H.",11/6/2001,Gates,Diane C.,"394 Ocean Avenue, Suite 1214",Revere,MA,02151,250.0,Clinical Coordinator,Fertility Clinic of New England,,0,2001 Year-end Report (ND),,0,Not Specified
75,201,Individual,11411,"Walsh, Marian",11/6/2001,HABIB,JUDY,416 COMMONWEALTH AVE.,BOSTON,MA,02215,100.0,,,,0,2001 Year-end Report (ND),,0,Not Specified
76,201,Individual,12534,"Jones Jr., Bradley H.",11/7/2001,Cryan,Raymond E.,14 Parkman Road,Reading,MA,01867,100.0,Suitability Coordinator,Mass. Dept. of Public Health,,0,2001 Year-end Report (ND),,0,Not Specified
77,201,Individual,12534,"Jones Jr., Bradley H.",11/7/2001,Hammond,Mark F.,296 Appleton Street,North Andover,MA,01845,500.0,Management,CBL,,0,2001 Year-end Report (ND),,0,Not Specified
78,201,Individual,12119,"Quinn, John F.",11/7/2001,Melanson,Kenneth,P.O. Box 40144,New Bedford,MA,02744,200.0,Wholesaler,Northern Wind,,0,2001 Year-end Report (ND),,0,Not Specified
79,201,Individual,13164,"Candaras, Gale D.",11/7/2001,Affiliated Chambers of Commerce of Great,,1441 Main Street,Springfield,MA,01103,30.0,refund,,,0,2001 Year-end Report (ND),,0,Not Specified
80,201,Individual,12534,"Jones Jr., Bradley H.",11/8/2001,Deluca,Mary J.,3 Batchelder Avenue,North Reading,MA,01864,200.0,Residential Supervisor,Dept. of Mental Health,,0,2001 Year-end Report (ND),,0,Not Specified
81,201,Individual,10315,"Moore, Richard T.",11/8/2001,"Littleton, Jr.",Robert F.,40 Godfrey Lane,Milford,MA,01757,100.0,Executive Director,Evergreen Center,,0,2001 Year-end Report (ND),,0,Not Specified
82,201,Individual,13283,"Fresolo, John P.",11/8/2001,CREMIN,THOMAS,1 BEACON ST.,Boston,MA,02108,150.0,LOBBYIST,,,0,2001 Year-end Report (ND),,0,Not Specified
83,201,Individual,12534,"Jones Jr., Bradley H.",11/9/2001,Rodham,A. David,8 Esteymere Place,Middleton,MA,01949,200.0,Retired,None,,0,2001 Year-end Report (ND),,0,Not Specified
84,201,Individual,12534,"Jones Jr., Bradley H.",11/9/2001,Cardone,Vito,306 Summer Street,Lynnfield,MA,01940,200.0,MD,Self (FCNE),,0,2001 Year-end Report (ND),,0,Not Specified
85,201,Individual,13627,"Haddad, Patricia A.",11/9/2001,Amaral,Alan,10 Billy's Lane,Somerset,MA,02726,100.0,,,,0,2001 Year-end Report (ND),,0,Not Specified
86,201,Individual,13627,"Haddad, Patricia A.",11/9/2001,Bissomette Jr.,William,134 South Street,Somerset,MA,02726,100.0,,,,0,2001 Year-end Report (ND),,0,Not Specified
87,201,Individual,13627,"Haddad, Patricia A.",11/9/2001,Brown,Clement,321 N. Main Street,Fall River,MA,02720,100.0,,,,0,2001 Year-end Report (ND),,0,Not Specified
88,201,Individual,13627,"Haddad, Patricia A.",11/9/2001,DePaola,Stephen,72 Feno Court,Somerset,MA,02726,100.0,,,,0,2001 Year-end Report (ND),,0,Not Specified
89,201,Individual,13627,"Haddad, Patricia A.",11/9/2001,Menard,Normand,137 Perron Avenue,Somerset,MA,02726,150.0,,,,0,2001 Year-end Report (ND),,0,Not Specified
90,201,Individual,13627,"Haddad, Patricia A.",11/9/2001,Mizher,Ernest,48 Broad Cove,Somerset,MA,02726,100.0,,,,0,2001 Year-end Report (ND),,0,Not Specified
91,201,Individual,13627,"Haddad, Patricia A.",11/9/2001,Nadeau,Stephen,103 Perron Avenue,Somerset,MA,02726,100.0,,,,0,2001 Year-end Report (ND),,0,Not Specified
92,201,Individual,13627,"Haddad, Patricia A.",11/9/2001,Coogan,Paul,75 Marble Street,Somerset,MA,02726,100.0,,,,0,2001 Year-end Report (ND),,0,Not Specified
93,201,Individual,13627,"Haddad, Patricia A.",11/9/2001,Raffa,Dominic,3945 Riverside Avenue,Somerset,MA,02726,100.0,,,,0,2001 Year-end Report (ND),,0,Not Specified
94,201,Individual,13627,"Haddad, Patricia A.",11/9/2001,Rezendes,Kenneth R.,3 Sammy's Lane PO Box 879,Assonet,MA,02702,200.0,Business Owner,R K Rezendes,,0,2001 Year-end Report (ND),,0,Not Specified
95,201,Individual,13627,"Haddad, Patricia A.",11/9/2001,Smith,James E.,50 Congress Street,Boston,MA,02109,100.0,,,,0,2001 Year-end Report (ND),,0,Not Specified
96,201,Individual,13627,"Haddad, Patricia A.",11/9/2001,Tibbitts,David A.,50 Congress Street,Boston,MA,02109,100.0,,,,0,2001 Year-end Report (ND),,0,Not Specified
97,201,Individual,12534,"Jones Jr., Bradley H.",11/10/2001,Moynihan,Gerard W.,25 Marshall Street,North Reading,MA,01864,200.0,Owner,Moynihan Lumber Company,,0,2001 Year-end Report (ND),,0,Not Specified
98,201,Individual,12534,"Jones Jr., Bradley H.",11/10/2001,Allen,Lawrence C.,8 Walsh Avenue,Stoneham,MA,02180,100.0,,,,0,2001 Year-end Report (ND),,0,Not Specified
99,201,Individual,12534,"Jones Jr., Bradley H.",11/10/2001,McFadden,Carl D.,33 Wakefield Street,Reading,MA,01867,250.0,President,JC Investment Trust,,0,2001 Year-end Report (ND),,0,Not Specified
100,201,Individual,10315,"Moore, Richard T.",11/10/2001,UniBank for Savings,,49 Church Street,Whitinsville,MA,01588,13.89,,,,0,2001 Year-end Report (ND),,0,Not Specified
101,201,Individual,12119,"Quinn, John F.",11/11/2001,Wainer,Henry,2 Tradewinds Ln.,Dartmouth,MA,02748,100.0,,,,0,2001 Year-end Report (ND),,0,Not Specified
102,201,Individual,11428,"Resor, Pamela P.",11/12/2001,Community National Bank,,P. O. Box 368,Hudson,MA,01749,24.64,,,,0,2001 Year-end Report (ND),,0,Not Specified
103,201,Individual,11064,"Festa, Michael E.",11/12/2001,Driscoll,David P.,23 Cranmore Ln.,Melrose,MA,02176,100.0,,,,0,2001 Year-end Report (ND),,0,Not Specified
104,201,Individual,11064,"Festa, Michael E.",11/13/2001,D'Amore,Joseph,9 Cherry Tree Ln.,Groveland,MA,01834,100.0,,,,0,2001 Year-end Report (ND),,0,Not Specified
105,201,Individual,12534,"Jones Jr., Bradley H.",11/13/2001,Knotts,Douglas W.,22 Jefferson Street,Newton,MA,02458,200.0,Agent,GameTime,,0,2001 Year-end Report (ND),,0,Not Specified
106,201,Individual,12534,"Jones Jr., Bradley H.",11/13/2001,Armes,Travis H.,1046 Washington Street,Gloucester,MA,01930,200.0,Design Consultant,GameTime,,0,2001 Year-end Report (ND),,0,Not Specified
107,201,Individual,12534,"Jones Jr., Bradley H.",11/13/2001,O'Sullivan,Edward E.,102 Hounds Ditch Lane,Duxbury,MA,02332,100.0,,,,0,2001 Year-end Report (ND),,0,Not Specified
108,201,Individual,12534,"Jones Jr., Bradley H.",11/13/2001,Smith,Richard J.,23 Burroughs Road,North Reading,MA,01864,100.0,,,,0,2001 Year-end Report (ND),,0,Not Specified
109,201,Individual,12534,"Jones Jr., Bradley H.",11/13/2001,Delaney,Mark J.,25 Royal Crest Drive,North Andover,MA,01845,100.0,,,,0,2001 Year-end Report (ND),,0,Not Specified
110,201,Individual,12534,"Jones Jr., Bradley H.",11/13/2001,"Malloy, Jr.",Wiiliam F.,31 Wildcat Lane,Norwell,MA,02061,100.0,,,,0,2001 Year-end Report (ND),,0,Not Specified
111,201,Individual,12534,"Jones Jr., Bradley H.",11/13/2001,"Sawin, Jr.",Richard A.,8 Warren Square,Boston,MA,02130,200.0,Attorney/Partner,Michienzie & Sawin LLC,,0,2001 Year-end Report (ND),,0,Not Specified
112,201,Individual,12534,"Jones Jr., Bradley H.",11/13/2001,Michienzie,Paul,9 Mitchell Drive,Foxborough,MA,02035,200.0,Attorney/Partner,Michienzie & Sawin LLC,,0,2001 Year-end Report (ND),,0,Not Specified
113,201,Individual,12534,"Jones Jr., Bradley H.",11/13/2001,Vincze,Christopher,1 Eisenhaure Lane,North Reading,MA,01864,200.0,Managent,Self - ATC Group Services,,0,2001 Year-end Report (ND),,0,Not Specified
114,201,Individual,12534,"Jones Jr., Bradley H.",11/13/2001,Nordberg,Nils L.,95 Slough Road,Harvard,MA,01451,100.0,,,,0,2001 Year-end Report (ND),,0,Not Specified
115,201,Individual,12534,"Jones Jr., Bradley H.",11/13/2001,Vazzana,Lawrence M.,163 Lowell Street,Lynnfield,MA,01940,100.0,,,,0,2001 Year-end Report (ND),,0,Not Specified
116,201,Individual,12534,"Jones Jr., Bradley H.",11/13/2001,Pasciuto,Frank,14 Viking Road,Winchester,MA,01890,100.0,,,,0,2001 Year-end Report (ND),,0,Not Specified
117,201,Individual,12534,"Jones Jr., Bradley H.",11/13/2001,Bonsall,Jon N.,76 Pilgrim Road,Wellesley,MA,02481,100.0,,,,0,2001 Year-end Report (ND),,0,Not Specified
118,201,Individual,12534,"Jones Jr., Bradley H.",11/13/2001,DeCaro,John,30 Turner Drive,North Reading,MA,01864,200.0,Self Employed,DBA Elite Auto Sales,,0,2001 Year-end Report (ND),,0,Not Specified
119,201,Individual,12534,"Jones Jr., Bradley H.",11/13/2001,O'Brien,William E.,382 Park Street,North Reading,MA,01864,100.0,Self-Employed,William O'Brien & Sons,,0,2001 Year-end Report (ND),,0,Not Specified
120,201,Individual,12534,"Jones Jr., Bradley H.",11/13/2001,Jones,William J.,68 Elm Ridge Road,Stow,MA,01775,100.0,Collector of Taxes,"Paul E. Kelley Associates, Inc.",,0,2001 Year-end Report (ND),,0,Not Specified
121,201,Individual,12534,"Jones Jr., Bradley H.",11/13/2001,Jones-Kelley,Brian,"4 Summit Drive, Apt. 213",Reading,MA,01867,100.0,Collector of Taxes,"Paul E. Kelley Associates, Inc.",,0,2001 Year-end Report (ND),,0,Not Specified
122,201,Individual,12534,"Jones Jr., Bradley H.",11/13/2001,Burke,Francis E.,138 Sylvester Road,Northampton,MA,01060,100.0,President,"Burke Medical Equipment, Inc.",,0,2001 Year-end Report (ND),,0,Not Specified
123,201,Individual,12534,"Jones Jr., Bradley H.",11/13/2001,Hoffman,Peter C.,236 Summer Street,North Andover,MA,01845,100.0,,,,0,2001 Year-end Report (ND),,0,Not Specified
124,201,Individual,12534,"Jones Jr., Bradley H.",11/13/2001,Conlin,Dennis,3 Cricket Drive,Andover,MA,01810,100.0,President/Owner,Conlin's,,0,2001 Year-end Report (ND),,0,Not Specified
125,201,Individual,12534,"Jones Jr., Bradley H.",11/13/2001,Godley,Rebecca S.,583 Harris Avenue,Woonsocket,RI,02895,100.0,Business Development,Medi-Rents,,0,2001 Year-end Report (ND),,0,Not Specified
126,201,Individual,12534,"Jones Jr., Bradley H.",11/13/2001,States,Jeffrey D.,1289 West Street,Stoughton,MA,02072,100.0,Owner,Design-Able Inc.,,0,2001 Year-end Report (ND),,0,Not Specified
127,201,Individual,12534,"Jones Jr., Bradley H.",11/13/2001,Maloney,Joseph R.,160 Cattail Lane,North Kingstown,RI,02852,200.0,CEO,Vanguard Home Med. Equip.,,0,2001 Year-end Report (ND),,0,Not Specified
128,201,Individual,12534,"Jones Jr., Bradley H.",11/13/2001,Delaney,Scott J.,"44 St. Andrew, #3",East Boston,MA,02128,100.0,,,,0,2001 Year-end Report (ND),,0,Not Specified
129,201,Individual,11411,"Walsh, Marian",11/13/2001,ATKINS,CHESTER,1540 MONUMENT ST.,Concord,MA,01742,100.0,,,,0,2001 Year-end Report (ND),,0,Not Specified
130,201,Individual,11973,"Larkin, Peter J.",11/15/2001,Begelfer,David,20 Walnut Hill Road,Chestnut Hill,MA,02167,100.0,Chief Executive Officer,NAIOP,,0,2001 Year-end Report (ND),,0,Not Specified
131,201,Individual,11973,"Larkin, Peter J.",11/15/2001,Bernstein,Jeffrey,65 Wilde Road,Waban,MA,02168,75.0,,"Bernstein, Cushner, & Kimmell",,0,2001 Year-end Report (ND),,0,Not Specified
132,201,Individual,11973,"Larkin, Peter J.",11/15/2001,Burke,Gerard,19 Tamie Way,Pittsfield,MA,01201,100.0,,,,0,2001 Year-end Report (ND),,0,Not Specified
133,201,Individual,11973,"Larkin, Peter J.",11/15/2001,Callahan,Maurice,P.O. BOX # 526,Pittsfield,MA,01202,100.0,Owner,Callahan Companies,,0,2001 Year-end Report (ND),,0,Not Specified
134,201,Individual,11973,"Larkin, Peter J.",11/15/2001,DelGallo,Remo,145 Holmes Road,Pittsfield,MA,01201,125.0,,Del Gallo's Restaurant,,0,2001 Year-end Report (ND),,0,Not Specified
135,201,Individual,11973,"Larkin, Peter J.",11/15/2001,Dellea,Eugene,26 Albany Road,West Stockbridge,MA,01266,125.0,President,Hillcrest Hospital,,0,2001 Year-end Report (ND),,0,Not Specified
136,201,Individual,11973,"Larkin, Peter J.",11/15/2001,Feldman,Lawrence,29 Concolor Ave,Newton,,02458,100.0,,,,0,2001 Year-end Report (ND),,0,Not Specified
137,201,Individual,11973,"Larkin, Peter J.",11/15/2001,Harrison,Robert,115 Pomeroy Avenue,Pittsfield,MA,01201,75.0,Toll Collector,,,0,2001 Year-end Report (ND),,0,Not Specified
138,201,Individual,11973,"Larkin, Peter J.",11/15/2001,Ingegni,Albert,48 Roberta Road,Pittsfield,MA,01201,125.0,President,Berkshire Healthcare Systems,,0,2001 Year-end Report (ND),,0,Not Specified
139,201,Individual,11973,"Larkin, Peter J.",11/15/2001,Larkin,Patrick,155 Ann Drive,Pittsfield,MA,01201,75.0,,MA Tech Park Corp.,,0,2001 Year-end Report (ND),,0,Not Specified
140,201,Individual,11973,"Larkin, Peter J.",11/15/2001,Mac Donald,James,107 Edward Avenue,Pittsfield,MA,01201,100.0,,,,0,2001 Year-end Report (ND),,0,Not Specified
141,201,Individual,11973,"Larkin, Peter J.",11/15/2001,Massimiano,Anthony,126 Blythewood Drive,Pittsfield,MA,01201,125.0,Attorney Partner,George DeGregorio & Massimian,,0,2001 Year-end Report (ND),,0,Not Specified
142,201,Individual,11973,"Larkin, Peter J.",11/15/2001,Notsley,John,1012 N. Hoosac Road,Williamstown,MA,01267,100.0,,,,0,2001 Year-end Report (ND),,0,Not Specified
143,201,Individual,11973,"Larkin, Peter J.",11/15/2001,Nylen,Richard,"12 Post Office Square., #600",Boston,MA,02109,100.0,Lobbyist,Law Office of Richard Nylen,,0,2001 Year-end Report (ND),,0,Not Specified
144,201,Individual,11973,"Larkin, Peter J.",11/15/2001,Ruffer,Deanna,184 High St.,Pittsfield,MA,01201,75.0,,,,0,2001 Year-end Report (ND),,0,Not Specified
145,201,Individual,11973,"Larkin, Peter J.",11/15/2001,Torra,Joseph,40 Fairfield St,Pittsfield,MA,01201,100.0,,,,0,2001 Year-end Report (ND),,0,Not Specified
146,201,Individual,11973,"Larkin, Peter J.",11/15/2001,Trabulsi,Ronald,185 High Street,Pittsfield,MA,01201,75.0,,,,0,2001 Year-end Report (ND),,0,Not Specified
147,201,Individual,11783,"Sprague, Jo Ann",11/15/2001,Foulkes,Arthur R.,207 Arcade Avenue,Seekonk,MA,02771,100.0,,,,0,2001 Year-end Report (ND),,0,Not Specified
148,201,Individual,11064,"Festa, Michael E.",11/15/2001,Whitmore,M. Antoinette,4 Wentworth Rd.,Melrose,MA,02176,50.0,,,,0,2001 Year-end Report (ND),,0,Not Specified
149,201,Individual,11064,"Festa, Michael E.",11/16/2001,Rich,Frederick,1 Franklin St.,Wakefield,MA,01880,100.0,,,,0,2001 Year-end Report (ND),,0,Not Specified
150,201,Individual,11064,"Festa, Michael E.",11/16/2001,Connery,Cheryl,19 Parker St.,Melrose,MA,02176,100.0,,,,0,2001 Year-end Report (ND),,0,Not Specified
151,201,Individual,11064,"Festa, Michael E.",11/17/2001,Travaline,Jeffrey,31 Lawson Rd.,Winchester,MA,02460,100.0,,,,0,2001 Year-end Report (ND),,0,Not Specified
152,201,Individual,11064,"Festa, Michael E.",11/17/2001,Buonomo,John,145 Central St.,Somerville,MA,02145,250.0,Registrar of Probate,Commonwealth of Mass.,,0,2001 Year-end Report (ND),,0,Not Specified
153,201,Individual,11064,"Festa, Michael E.",11/17/2001,Gargiulo,Edward,66 Longwharf,Boston,MA,02110,100.0,,,,0,2001 Year-end Report (ND),,0,Not Specified
154,201,Individual,11064,"Festa, Michael E.",11/18/2001,Edmundson,Philip,55 Cottage St.,Hingham,MA,02043,100.0,President,Edmundson Insurance,,0,2001 Year-end Report (ND),,0,Not Specified
155,201,Individual,11064,"Festa, Michael E.",11/18/2001,Holmquist,Kara,43 Parkton Rd.,Boston,MA,02130,100.0,,,,0,2001 Year-end Report (ND),,0,Not Specified
156,201,Individual,11064,"Festa, Michael E.",11/18/2001,Opacki,Barbara,20 Meadowview Rd.,Melrose,MA,02176,100.0,Field Director,Grossman for Governor Comm.,,0,2001 Year-end Report (ND),,0,Not Specified
157,201,Individual,11064,"Festa, Michael E.",11/18/2001,Sullivan,Joseph A.,"10 Birch Hill Ave,",Melrose,MA,02176,100.0,retired,,,0,2001 Year-end Report (ND),,0,Not Specified
158,201,Individual,12606,"Kaufman, Jay R.",11/18/2001,Grossman,Steven,30 Huntington Rd.,Newton,MA,02458,500.0,CEO,Mass Envelopes Plus,,0,2001 Year-end Report (ND),,0,Not Specified
159,201,Individual,12606,"Kaufman, Jay R.",11/18/2001,Grossman,Barbara,30 Huntington Rd.,Newton,MA,02458,500.0,,Tufts University,,0,2001 Year-end Report (ND),,0,Not Specified
160,201,Individual,13627,"Haddad, Patricia A.",11/18/2001,Callan Jr.,Charles F.,P O Box 3594,Plymouth,MA,02361,100.0,,,,0,2001 Year-end Report (ND),,0,Not Specified
161,201,Individual,13627,"Haddad, Patricia A.",11/18/2001,Charest,Paul R.,161 Donald Avenue,Somerset,MA,02726,100.0,,,,0,2001 Year-end Report (ND),,0,Not Specified
162,201,Individual,13627,"Haddad, Patricia A.",11/18/2001,Andrade,Albert,105 E. Water Street,Taunton,MA,02718,100.0,,,,0,2001 Year-end Report (ND),,0,Not Specified
163,201,Individual,13627,"Haddad, Patricia A.",11/18/2001,Belanger,Raymond,959 Pleasant Street,Somerset,MA,02726,200.0,Public Health,City of New Bedford,,0,2001 Year-end Report (ND),,0,Not Specified
164,201,Individual,13627,"Haddad, Patricia A.",11/18/2001,Robitaille,Philip M.,1188 County Street,Somerset,MA,02726,100.0,,,,0,2001 Year-end Report (ND),,0,Not Specified
165,201,Individual,13627,"Haddad, Patricia A.",11/18/2001,Correia,David J.,8 Lynch Street,Somerset,MA,02726,100.0,,,,0,2001 Year-end Report (ND),,0,Not Specified
166,201,Individual,13627,"Haddad, Patricia A.",11/18/2001,Neville,Michael T.,246 Harrington Lane,Somerset,MA,02726,100.0,,,,0,2001 Year-end Report (ND),,0,Not Specified
167,201,Individual,13627,"Haddad, Patricia A.",11/18/2001,Fisher,Alan D.,406 Pilot Drive,Somerset,MA,02726,100.0,,,,0,2001 Year-end Report (ND),,0,Not Specified
168,201,Individual,13627,"Haddad, Patricia A.",11/18/2001,Karem,James J.,Highland Road,Tiverton,RI,02878,100.0,,,,0,2001 Year-end Report (ND),,0,Not Specified
169,201,Individual,13627,"Haddad, Patricia A.",11/18/2001,Langfield Jr.,William H.,67 Harrington Lane,Somerset,MA,02726,100.0,,,,0,2001 Year-end Report (ND),,0,Not Specified
170,201,Individual,13627,"Haddad, Patricia A.",11/18/2001,LeComte Jr.,Raymond W.,244 Chateau,Somerset,MA,02726,100.0,,,,0,2001 Year-end Report (ND),,0,Not Specified
171,201,Individual,13627,"Haddad, Patricia A.",11/18/2001,Long,David J.,229 Forest Street,N Dighton,MA,02764,100.0,,,,0,2001 Year-end Report (ND),,0,Not Specified
172,201,Individual,13627,"Haddad, Patricia A.",11/18/2001,Lundy,Lisa A.,128 Randolph Avenue,Tiverton,RI,02878,100.0,,,,0,2001 Year-end Report (ND),,0,Not Specified
173,201,Individual,13627,"Haddad, Patricia A.",11/18/2001,Soares,John W.,396 Prospect Street,Somerset,MA,02726,100.0,,,,0,2001 Year-end Report (ND),,0,Not Specified
174,201,Individual,13627,"Haddad, Patricia A.",11/18/2001,Starck,William C.,1 Shawmut Avenue,Somerset,MA,02726,100.0,,,,0,2001 Year-end Report (ND),,0,Not Specified
175,201,Individual,11411,"Walsh, Marian",11/19/2001,$50 OR LESS,,,,MA,,395.0,,,,0,2001 Year-end Report (ND),,0,Not Specified
176,201,Individual,11428,"Resor, Pamela P.",11/19/2001,Community National Bank,,P. O. Box 368,Hudson,MA,01749,0.13,,,,0,2001 Year-end Report (ND),,0,Not Specified
177,201,Individual,12534,"Jones Jr., Bradley H.",11/20/2001,Jones,Jean G.,251 Park Street,North Reading,MA,01864,200.0,Housewife,None,,0,2001 Year-end Report (ND),,0,Not Specified
178,201,Individual,12606,"Kaufman, Jay R.",11/20/2001,Mandel,Henrietta,7 Stedman Rd. #112,Lexington,MA,02421,100.0,Retired,,,0,2001 Year-end Report (ND),,0,Not Specified
179,201,Individual,11064,"Festa, Michael E.",11/20/2001,Morris,James,21 McCall Rd..,Winchester,MA,02460,100.0,,,,0,2001 Year-end Report (ND),,0,Not Specified
180,201,Individual,10315,"Moore, Richard T.",11/20/2001,Sala,Nancy H.,117 Providence Road,Mendon,MA,01756,100.0,Senior Vice President,Mass. Electric,,0,2001 Year-end Report (ND),,0,Not Specified
181,201,Individual,11064,"Festa, Michael E.",11/21/2001,Munro,Jane,180 Green St,Melrose,MA,02176,25.0,,,,0,2001 Year-end Report (ND),,0,Not Specified
182,201,Individual,11064,"Festa, Michael E.",11/22/2001,Houghton,Charles,271 Main St.,Stoneham,MA,02180,100.0,Lawyer,self employed,,0,2001 Year-end Report (ND),,0,Not Specified
183,201,Individual,11064,"Festa, Michael E.",11/22/2001,Dreschler,Thomas,50 Redfield St.,Boston,MA,02122,200.0,Lawyer,"Finneran, Byrne, & Dreschler",,0,2001 Year-end Report (ND),,0,Not Specified
184,201,Individual,11064,"Festa, Michael E.",11/22/2001,Morrill,Carolyn,130 Montrose Ave.,Wakefield,MA,01880,100.0,,,,0,2001 Year-end Report (ND),,0,Not Specified
185,201,Individual,11064,"Festa, Michael E.",11/23/2001,Swanson,Richard J.,9 Bassett Ave.,Burlington,MA,01803,100.0,Copy Editor,Boston Herald,,0,2001 Year-end Report (ND),,0,Not Specified
186,201,Individual,11064,"Festa, Michael E.",11/23/2001,Krone,Michael P.,38 Storrow Circle,Westwood,MA,02090,500.0,Lawyer,"Kushner, Sanders, & Krone",,0,2001 Year-end Report (ND),,0,Not Specified
187,201,Individual,11064,"Festa, Michael E.",11/25/2001,Surette,J. Edward,44 Emerson St.,Wakefield,MA,01880,100.0,,,,0,2001 Year-end Report (ND),,0,Not Specified
188,201,Individual,11064,"Festa, Michael E.",11/26/2001,Sinsheimer,Robert S.,10 Deme St.,Boston,MA,02114,100.0,,,,0,2001 Year-end Report (ND),,0,Not Specified
189,201,Individual,13816,"Donelan, Christopher J.",11/26/2001,Donelan,Madeline,190 Walnut Hill Rd.,Orange,MA,01364,500.0,Retired,,,0,2001 Year-end Report (ND),,0,Not Specified
190,201,Individual,13816,"Donelan, Christopher J.",11/26/2001,Holmgren,Carl,35 Shingle Brook Rd.,Orange,MA,01364,500.0,Therapist,Lake Grove,,0,2001 Year-end Report (ND),,0,Not Specified
191,201,Individual,13627,"Haddad, Patricia A.",11/26/2001,Valton,Robert J.,623 Madison Street,Fall River,MA,02721,100.0,,,,0,2001 Year-end Report (ND),,0,Not Specified
192,201,Individual,11411,"Walsh, Marian",11/27/2001,RADER,MICHAEL,611 WATERTOWN ST.,Newton,MA,02460,100.0,,,,0,2001 Year-end Report (ND),,0,Not Specified
193,201,Individual,13627,"Haddad, Patricia A.",11/27/2001,Kobrin,Kennard C.,222 Rock Street,Fall River,MA,02720,100.0,,,,0,2001 Year-end Report (ND),,0,Not Specified
194,201,Individual,13627,"Haddad, Patricia A.",11/27/2001,Pasternak,Thomas,202 Rock Street,Fall River,MA,02721,100.0,,,,0,2001 Year-end Report (ND),,0,Not Specified
195,201,Individual,12534,"Jones Jr., Bradley H.",11/27/2001,Gillespie,Jane L.,19 Ward Street,Woburn,MA,01801,100.0,Owner,Festive Occasions,,0,2001 Year-end Report (ND),,0,Not Specified
196,201,Individual,12534,"Jones Jr., Bradley H.",11/27/2001,Ravioli,Kenneth C.,7 Kings Row,North Reading,MA,01864,100.0,Civil Engineer,Mass. Highway Department,,0,2001 Year-end Report (ND),,0,Not Specified
197,201,Individual,11064,"Festa, Michael E.",11/27/2001,Devellis,Francesca,113 Trenton St. #3,E. Boston,MA,02118,100.0,,,,0,2001 Year-end Report (ND),,0,Not Specified
198,201,Individual,10025,"Berry, Frederick E.",11/27/2001,Eastern Bank,,Main Street,Peabody,MA,01960,48.57,,,,0,2001 Year-end Report (ND),,0,Not Specified
199,201,Individual,11064,"Festa, Michael E.",11/28/2001,Wildman,Eric,32 Howard St.,Melrose,MA,02176,200.0,Human Resources Mngr.,Cambridgeport Bank,,0,2001 Year-end Report (ND),,0,Not Specified
200,201,Individual,11066,"Bosley, Daniel E.",11/28/2001,COSTELLO,DENISE,30 PHILLIPS STREET APT. 1R,BOSTON,MA,,200.0,ATTORNEY,"BRIAN HICKEY, ASSOCIATES",,0,2001 Year-end Report (ND),,0,Not Specified
201,201,Individual,10106,"Correia, Robert",11/28/2001,Correia,Robert,1290 Plymouth Ave.,Fall River,MA,02720,1000.0,Loan to Committee,,,0,2001 Year-end Report (ND),,0,Not Specified
202,201,Individual,11064,"Festa, Michael E.",11/29/2001,McDermott,Terrence,21 Customs House St.,Boston,MA,02110,200.0,Lawyer,"McDermott,Quilty. & Miller",,0,2001 Year-end Report (ND),,0,Not Specified
203,201,Individual,11064,"Festa, Michael E.",11/29/2001,McDermott,William,21 Customs House St.,Boston,MA,02110,200.0,Lawyer,"McDermott, Quilty, & Miller",,0,2001 Year-end Report (ND),,0,Not Specified
204,201,Individual,11064,"Festa, Michael E.",11/29/2001,Miller,Steven,21 Customs House St.,Boston,MA,02110,200.0,Lawyer,"McDermott, Quilty, & Miller",,0,2001 Year-end Report (ND),,0,Not Specified
205,201,Individual,11064,"Festa, Michael E.",11/29/2001,Oro,Bessie M.,4 Meridian Rd.,Wenham,MA,01984,200.0,retired,,,0,2001 Year-end Report (ND),,0,Not Specified
206,201,Individual,11064,"Festa, Michael E.",11/30/2001,Grossman,Steven,30 Huntington Rd.,Newton,MA,02458,500.0,President,Mass. Envelope Plus,,0,2001 Year-end Report (ND),,0,Not Specified
207,201,Individual,11064,"Festa, Michael E.",11/30/2001,Grossman,Barbara,30 Huntington Rd.,Newton,MA,02458,500.0,"Chair, Drama Dept.",Tufts University,,0,2001 Year-end Report (ND),,0,Not Specified
208,201,Individual,10025,"Berry, Frederick E.",11/30/2001,Williams,Alice A.,3 Cleveland Road,Salem,MA,01970,25.0,,MBTA,,0,2001 Year-end Report (ND),,0,Not Specified
209,201,Individual,10025,"Berry, Frederick E.",11/30/2001,Boardman,Judith B.,63 Rowley Bridge Road,Topsfield,MA,01983,50.0,,,,0,2001 Year-end Report (ND),,0,Not Specified
210,201,Individual,10025,"Berry, Frederick E.",11/30/2001,Cronin,Jennifer A.,"71 Grove Street, Apt. 7",Arlington,MA,02474,50.0,,,,0,2001 Year-end Report (ND),,0,Not Specified
211,201,Individual,10025,"Berry, Frederick E.",11/30/2001,Pia,Nancy J.,41 Sonning Road,Beverly,MA,01915,50.0,,,,0,2001 Year-end Report (ND),,0,Not Specified
212,201,Individual,10025,"Berry, Frederick E.",11/30/2001,"Ring, Jr.",Kenneth R.,43 Franklin Street,Peabody,MA,01960,50.0,,,,0,2001 Year-end Report (ND),,0,Not Specified
213,201,Individual,10025,"Berry, Frederick E.",11/30/2001,Shaughnessy,Gertrude M.,4 Stevens Road,Marblehead,MA,01945,50.0,,,,0,2001 Year-end Report (ND),,0,Not Specified
214,201,Individual,10025,"Berry, Frederick E.",11/30/2001,Splaine,Attorney Michael J.,160 Dayton Street,Danvers,MA,01923,50.0,,,,0,2001 Year-end Report (ND),,0,Not Specified
215,201,Individual,10025,"Berry, Frederick E.",11/30/2001,Allison,F. Robert,6 Lynde Street,Salem,MA,01970,75.0,,,,0,2001 Year-end Report (ND),,0,Not Specified
216,201,Individual,10025,"Berry, Frederick E.",11/30/2001,DeCastro,Marc A.,7 Cuting Drive,Maynard,MA,01754-2100,75.0,,,,0,2001 Year-end Report (ND),,0,Not Specified
217,201,Individual,10025,"Berry, Frederick E.",11/30/2001,Altschuler,Jack L.,5 Briscoe Street,Beverly,MA,01915,100.0,Attorney,"Jack L. Altshuler, Attorney at Law",,0,2001 Year-end Report (ND),,0,Not Specified
218,201,Individual,10025,"Berry, Frederick E.",11/30/2001,Bane,Richard C.,28 Essex Street,Lynn,MA,01902,100.0,President,Bane Skilled Care Residences,,0,2001 Year-end Report (ND),,0,Not Specified
219,201,Individual,10025,"Berry, Frederick E.",11/30/2001,Berry,Ralph F.,3 Chase Street,Salem,MA,01970,100.0,Manager,Salem State College,,0,2001 Year-end Report (ND),,0,Not Specified
220,201,Individual,10025,"Berry, Frederick E.",11/30/2001,Bradshaw,John F.,P.O. Box 5608/JFK Station,Boston,MA,02114,100.0,Administrator,Gilbane,,0,2001 Year-end Report (ND),,0,Not Specified
221,201,Individual,10025,"Berry, Frederick E.",11/30/2001,Brennan,James,1 Queensberry Drive,Salem,MA,01970,100.0,,,,0,2001 Year-end Report (ND),,0,Not Specified
222,201,Individual,10025,"Berry, Frederick E.",11/30/2001,Bresnahan,Francis J.,53 Lowell Street,Peabody,MA,01960,100.0,,,,0,2001 Year-end Report (ND),,0,Not Specified
223,201,Individual,10025,"Berry, Frederick E.",11/30/2001,Buczko,Thaddeus,47 Butler Street,Salem,MA,01970,100.0,,,,0,2001 Year-end Report (ND),,0,Not Specified
224,201,Individual,10025,"Berry, Frederick E.",11/30/2001,Burton,Wayne M.,106 Madbury Road,Durham,NH,03824,100.0,President,North Shore Community College,,0,2001 Year-end Report (ND),,0,Not Specified
225,201,Individual,10025,"Berry, Frederick E.",11/30/2001,Carbone,Lisa E.,2C Fletcher Way,Salem,MA,01970,100.0,,,,0,2001 Year-end Report (ND),,0,Not Specified
226,201,Individual,10025,"Berry, Frederick E.",11/30/2001,Cersosimo,Louis A.,"Egan Place, Unit 26",Peabody,MA,01960,100.0,,,,0,2001 Year-end Report (ND),,0,Not Specified
227,201,Individual,10025,"Berry, Frederick E.",11/30/2001,"Connelly, Jr.",Thomas J.,46 Oak Road,Milton,MA,02186,100.0,Executive Director,MA NAHRO,,0,2001 Year-end Report (ND),,0,Not Specified
228,201,Individual,10025,"Berry, Frederick E.",11/30/2001,Correnti,Joseph C.,55 Dearborn Street,Salem,MA,01970,100.0,Attorney,"Serafini, Serafini, Darling, & Correnti",,0,2001 Year-end Report (ND),,0,Not Specified
229,201,Individual,10025,"Berry, Frederick E.",11/30/2001,Couris,Michelle,185 Winona Street,Peabody,MA,01960,100.0,,,,0,2001 Year-end Report (ND),,0,Not Specified
230,201,Individual,10025,"Berry, Frederick E.",11/30/2001,DiGravio,Lucille,25 Janet Road,Quincy,MA,02170,100.0,Teacher,Boston Public Schools,,0,2001 Year-end Report (ND),,0,Not Specified
231,201,Individual,10025,"Berry, Frederick E.",11/30/2001,Drivas,Arthur J.,20 Launching Road,Andover,MA,01810,100.0,Owner,NDD Realty Trust,,0,2001 Year-end Report (ND),,0,Not Specified
232,201,Individual,10025,"Berry, Frederick E.",11/30/2001,Eagan,David J.,210 Oak Forest,Euless,TX,76039,100.0,,,,0,2001 Year-end Report (ND),,0,Not Specified
233,201,Individual,10025,"Berry, Frederick E.",11/30/2001,Fanale,Joseph A.,11 Iroquois Road,Danvers,MA,01923,100.0,,,,0,2001 Year-end Report (ND),,0,Not Specified
234,201,Individual,10025,"Berry, Frederick E.",11/30/2001,Harrington,Neil J.,26 Surrey Road,Salem,MA,01970,100.0,,,,0,2001 Year-end Report (ND),,0,Not Specified
235,201,Individual,10025,"Berry, Frederick E.",11/30/2001,Kargman,William M.,221 Mount Auburn Street,Cambridge,MA,02138,100.0,,,,0,2001 Year-end Report (ND),,0,Not Specified
236,201,Individual,10025,"Berry, Frederick E.",11/30/2001,Kay,Barbara C.,"300 Willow Street, #4",South Hamilton,MA,01982,100.0,Dentist,"Barbara C. Kay, DMD, PC",,0,2001 Year-end Report (ND),,0,Not Specified
237,201,Individual,10025,"Berry, Frederick E.",11/30/2001,Leduc,Ralph W.,25 Meadow Drive,Middleton,MA,01949,100.0,Development Coordinator,Bishop Fenwick High School,,0,2001 Year-end Report (ND),,0,Not Specified
238,201,Individual,10025,"Berry, Frederick E.",11/30/2001,Nastasia,Ann,1109 Saratoga Street,East Boston,MA,02128,100.0,,,,0,2001 Year-end Report (ND),,0,Not Specified
239,201,Individual,10025,"Berry, Frederick E.",11/30/2001,"O'Leary, Jr.",Dr. Edward J.,129 Lynn Street,Peabody,MA,01960,100.0,Dentist,"Edward J. O'Leary, DDS",,0,2001 Year-end Report (ND),,0,Not Specified
240,201,Individual,10025,"Berry, Frederick E.",11/30/2001,Pappathanasi,Arthur J.,330 Lynn Way,Lynn,MA,01901,100.0,Owner,Scangas Realty,,0,2001 Year-end Report (ND),,0,Not Specified
241,201,Individual,10025,"Berry, Frederick E.",11/30/2001,Rein,Sharon,56 Dane Street,Beverly,MA,01915,100.0,,,,0,2001 Year-end Report (ND),,0,Not Specified
242,201,Individual,10025,"Berry, Frederick E.",11/30/2001,Selby,Robert M.,38 Phillips Beach Avenue,Swampscott,MA,01907,100.0,President,Kappy's Liquors,,0,2001 Year-end Report (ND),,0,Not Specified
243,201,Individual,10025,"Berry, Frederick E.",11/30/2001,Unhao,Victor,19 Goodridge Street,Peabody,MA,01960,100.0,Retired,,,0,2001 Year-end Report (ND),,0,Not Specified
244,201,Individual,10025,"Berry, Frederick E.",11/30/2001,Vontzalides,Athan,26 Elizabeth Lane,Peabody,MA,01960,100.0,,,,0,2001 Year-end Report (ND),,0,Not Specified
245,201,Individual,10025,"Berry, Frederick E.",11/30/2001,White,James C.,146 Sylvan Street Rear,Danvers,MA,01923,100.0,Associate Probation Officer,Commonwealth of MA,,0,2001 Year-end Report (ND),,0,Not Specified
246,201,Individual,10025,"Berry, Frederick E.",11/30/2001,Wood,Linda G.,17 Elmwood Circle,Peabody,MA,01960,100.0,,,,0,2001 Year-end Report (ND),,0,Not Specified
247,201,Individual,10025,"Berry, Frederick E.",11/30/2001,"Yanco, Esquire",Glen,29 LeBlanc Drive,Peabody,MA,01960,100.0,Attorney,"Glen Yanco, Esq.",,0,2001 Year-end Report (ND),,0,Not Specified
248,201,Individual,10025,"Berry, Frederick E.",11/30/2001,"Zafris, Jr.",James G.,264 High Street,Newburyport,MA,01950,100.0,,,,0,2001 Year-end Report (ND),,0,Not Specified
249,201,Individual,10025,"Berry, Frederick E.",11/30/2001,Callahan,William T.,51 North Shore Avenue,Danvers,MA,01923,150.0,,,,0,2001 Year-end Report (ND),,0,Not Specified
250,201,Individual,10025,"Berry, Frederick E.",11/30/2001,"Henry, Jr.",Edward J.,46 Moynihan Road,Hamilton,MA,01936,150.0,Teacher,Shawsheen Tech,,0,2001 Year-end Report (ND),,0,Not Specified
251,201,Individual,10025,"Berry, Frederick E.",11/30/2001,Labonte,Yolande,25 Camelot Drive,Bedford,NH,03110-6200,150.0,,,,0,2001 Year-end Report (ND),,0,Not Specified
252,201,Individual,10025,"Berry, Frederick E.",11/30/2001,McGivern,James P.,1 Lantern Lane,Danvers,MA,01923,150.0,Owner,Paper Pak,,0,2001 Year-end Report (ND),,0,Not Specified
253,201,Individual,10025,"Berry, Frederick E.",11/30/2001,Milano,Joseph A.,9 Orchard Lane,Lynnfield,MA,01940,150.0,President,Union Oyster House,,0,2001 Year-end Report (ND),,0,Not Specified
254,201,Individual,10025,"Berry, Frederick E.",11/30/2001,Mitchell,Phillip S.,10 Barcelona Avenue,Salem,MA,01970,150.0,Owner,Champion's Restaurant,,0,2001 Year-end Report (ND),,0,Not Specified
255,201,Individual,10025,"Berry, Frederick E.",11/30/2001,O'Brien,Michael J.,6 Cider Mill Road,Peabody,MA,01960,150.0,Developer,"Michael J. O'Brien, Developer",,0,2001 Year-end Report (ND),,0,Not Specified
256,201,Individual,10025,"Berry, Frederick E.",11/30/2001,O'Keefe,Sheila A.,5 Eagle Court,Ipswich,MA,01938,150.0,,,,0,2001 Year-end Report (ND),,0,Not Specified
257,201,Individual,10025,"Berry, Frederick E.",11/30/2001,Patten,Bruce P.,P.O. Box 3913,Peabody,MA,01960,150.0,,,,0,2001 Year-end Report (ND),,0,Not Specified
258,201,Individual,10025,"Berry, Frederick E.",11/30/2001,Ankeles,Frances,629 Lowell Street,Peabody,MA,01960,200.0,Director,Lakeside School,,0,2001 Year-end Report (ND),,0,Not Specified
259,201,Individual,10025,"Berry, Frederick E.",11/30/2001,"Costello, Jr., Esquire",Walter A.,314 Essex Street,Salem,MA,01970,200.0,Attorney,"Walter A. Costello, Jr., Esquire",,0,2001 Year-end Report (ND),,0,Not Specified
260,201,Individual,10025,"Berry, Frederick E.",11/30/2001,Cranney,Brian C.,45 Belle Lane,Lee,NH,03824,200.0,Owner,Cranney Companies,,0,2001 Year-end Report (ND),,0,Not Specified
261,201,Individual,10025,"Berry, Frederick E.",11/30/2001,Darling,John E.,25 Burnham Road,Wenham,MA,01984,200.0,Attorney,"Serafini, Serafini, & Darling",,0,2001 Year-end Report (ND),,0,Not Specified
262,201,Individual,10025,"Berry, Frederick E.",11/30/2001,DeRosa,Leonard M.,83 Birch Street,Peabody,MA,01960,200.0,Vice President of Operations,Hilltop Restaurant,,0,2001 Year-end Report (ND),,0,Not Specified
263,201,Individual,10025,"Berry, Frederick E.",11/30/2001,Flanagan,James R.,"175 Derby Street, Suite 4",Hingham,MA,02043-4021,200.0,President,Flanagan Company,,0,2001 Year-end Report (ND),,0,Not Specified
264,201,Individual,10025,"Berry, Frederick E.",11/30/2001,Jones,Theodore C.,28 Bartholomew Terrace,Peabody,MA,01960,200.0,Owner,Century House Restaurant,,0,2001 Year-end Report (ND),,0,Not Specified
265,201,Individual,10025,"Berry, Frederick E.",11/30/2001,Kane,Jeff A.,22 North Shore Avenue,Danvers,MA,01923,200.0,Owner,Kane's Flower World,,0,2001 Year-end Report (ND),,0,Not Specified
266,201,Individual,10025,"Berry, Frederick E.",11/30/2001,Karchenes,Ruth A.,1 Holly Gate Circle,Middleton,MA,01949,200.0,Vice President,Kane's Flower World,,0,2001 Year-end Report (ND),,0,Not Specified
267,201,Individual,10025,"Berry, Frederick E.",11/30/2001,Laverty,Stephen R.,8 Bartkus Farm Road,Concord,MA,01742,200.0,President & CEO,"Northeast Health Systems, Inc.",,0,2001 Year-end Report (ND),,0,Not Specified
268,201,Individual,10025,"Berry, Frederick E.",11/30/2001,Lukowski,Stanley J.,30 Towne Lane,Topsfield,MA,01983,200.0,President,Eastern Bank,,0,2001 Year-end Report (ND),,0,Not Specified
269,201,Individual,10025,"Berry, Frederick E.",11/30/2001,Pierce,David W.,"8 Central Street, Suite 103",Topsfield,MA,01983,200.0,CPA,"David W. Pierce, CPA",,0,2001 Year-end Report (ND),,0,Not Specified
270,201,Individual,10025,"Berry, Frederick E.",11/30/2001,Reczek,Stanley L.,15 Regwill Avenue,Wenham,MA,01984,200.0,EVP,North Shore Medical Center,,0,2001 Year-end Report (ND),,0,Not Specified
271,201,Individual,10025,"Berry, Frederick E.",11/30/2001,Shea,Michael C.,186 R South Street,Rockport,MA,01966,200.0,Attorney,Pino & Shea,,0,2001 Year-end Report (ND),,0,Not Specified
272,201,Individual,10025,"Berry, Frederick E.",11/30/2001,"Rockett, Jr.",J. Hilary,5 Corn Point Road,Marblehead,MA,01945,200.0,President,"Rockett Management & Realty Co., Inc.",,0,2001 Year-end Report (ND),,0,Not Specified
273,201,Individual,10025,"Berry, Frederick E.",11/30/2001,Van Faasen,William C.,12 Proctor Street,Manchester,MA,01944,200.0,President,BCBS of MA,,0,2001 Year-end Report (ND),,0,Not Specified
274,201,Individual,10025,"Berry, Frederick E.",11/30/2001,Wellman,Michael,151 Bug Hill Road,Monroe,CT,06468,200.0,Vice President,"Tomra, Inc.",,0,2001 Year-end Report (ND),,0,Not Specified
275,201,Individual,10025,"Berry, Frederick E.",11/30/2001,Koufman,Victor,"265 Essex Street, Suite 301",Salem,MA,01970,250.0,Attorney,"Victor Koufman, Attorney at Law",,0,2001 Year-end Report (ND),,0,Not Specified
276,201,Individual,10025,"Berry, Frederick E.",11/30/2001,Berry,Frederick E.,Keefe Hall #10/210 Washington Street,Peabody,MA,01960,525.0,10-12/01 Vehicle Lease,,,0,2001 Year-end Report (ND),,0,Not Specified
277,201,Individual,10025,"Berry, Frederick E.",11/30/2001,Pellegrini,Saverio L.,"266 Newbury Street, Park Place #46",Peabody,MA,01960,10.0,,,,0,2001 Year-end Report (ND),,0,Not Specified
278,201,Individual,10025,"Berry, Frederick E.",11/30/2001,Cavanaugh,Kathleen V.,"15 Bourbon Street, Unit 65",Peabody,MA,01960,25.0,,,,0,2001 Year-end Report (ND),,0,Not Specified
279,201,Individual,10025,"Berry, Frederick E.",11/30/2001,Connors,Marilyn J.,5 Connors Road,Peabody,MA,01960,25.0,,,,0,2001 Year-end Report (ND),,0,Not Specified
280,201,Individual,10025,"Berry, Frederick E.",11/30/2001,Daly,Kevin T.,33 Intervale Road,Salem,MA,01970,25.0,,,,0,2001 Year-end Report (ND),,0,Not Specified
281,201,Individual,10025,"Berry, Frederick E.",11/30/2001,Rothstein,Steven,19 Lancaster Terrace,Brookline,MA,02446,25.0,,,,0,2001 Year-end Report (ND),,0,Not Specified
282,201,Individual,10025,"Berry, Frederick E.",11/30/2001,Sawchuk,Florence,1 Sabina Farm Road,Peabody,MA,01960,25.0,,,,0,2001 Year-end Report (ND),,0,Not Specified
283,201,Individual,11421,"Brewer, Stephen M.",11/30/2001,Bellerman,Marcia,565 Elm Street,Fitchburg,MA,01420,100.0,Probation Officer,Trial Court of MA,,0,2001 Year-end Report (ND),,0,Not Specified
284,201,Individual,11421,"Brewer, Stephen M.",11/30/2001,Lampron,Paul,60 Main Street,Spencer,MA,01562,300.0,Disabled,,,0,2001 Year-end Report (ND),,0,Not Specified
285,201,Individual,11421,"Brewer, Stephen M.",11/30/2001,Packard,Randall,203 Bechan Road,Oakham,MA,01068,100.0,,,,0,2001 Year-end Report (ND),,0,Not Specified
286,201,Individual,11973,"Larkin, Peter J.",12/1/2001,Grinnell,Bruce,20 Mason St,Williamstown,MA,01267,100.0,,Grinnell & Dubendorf,,0,2001 Year-end Report (ND),,0,Not Specified
287,201,Individual,11497,"Koczera, Robert M.",12/1/2001,Firstfed - interest,,Ashley Blvd,New Bedford,MA,02745,2.54,,,,0,2001 Year-end Report (ND),,0,Not Specified
