,Record Type ID,Record Type Description,Filer CPF ID,Filer Full Name Reverse,Date,Name,First Name,Address,City,State,Zip Code,Amount,Occupation,Employer,Principal Officer,Contributor CPF ID,Source Description,Description,Tender Type ID,Tender Type Description
0,201,Individual,11497,"Koczera, Robert M.",10/1/2001,Firstfed - interest,,Ashley Blvd,New Bedford,MA,2745.0,2.64,,,,0,2001 Year-end Report (ND),,0,Not Specified
1,201,Individual,12557,"O'Brien, Thomas J.",10/1/2001,Julian,Robert,323 Groton Street,Dunstable,MA,1827.0,100.0,,,,0,2001 Year-end Report (ND),,0,Not Specified
2,201,Individual,12557,"O'Brien, Thomas J.",10/1/2001,Richardson,William,22 North Douglas Street,Rockland,MA,2370.0,100.0,,,,0,2001 Year-end Report (ND),,0,Not Specified
3,201,Individual,10106,"Correia, Robert",10/1/2001,Rodrigues,Cynthia,Route6,Dartmouth,MA,2748.0,150.0,,,,0,2001 Year-end Report (ND),,0,Not Specified
4,201,Individual,10315,"Moore, Richard T.",10/1/2001,Cibley,Lawrence J.,299 Commonwealth Avenue,Warwick,RI,2886.0,50.0,Retired,,,0,2001 Year-end Report (ND),,0,Not Specified
5,201,Individual,10315,"Moore, Richard T.",10/1/2001,"Kelley, Jr.",Frederic J.,12-A Country Club Lane,Milford,MA,1757.0,100.0,Retired,,,0,2001 Year-end Report (ND),,0,Not Specified
6,201,Individual,10315,"Moore, Richard T.",10/1/2001,Bentley,Thomas E.,99 Hecla Street,Uxbridge,MA,1569.0,100.0,Retired,,,0,2001 Year-end Report (ND),,0,Not Specified
7,201,Individual,10315,"Moore, Richard T.",10/1/2001,Cournoyer,Alice L.,101 Brentwood Drive,Southbridge,MA,1550.0,100.0,Tourism Director,MA Pike,,0,2001 Year-end Report (ND),,0,Not Specified
8,201,Individual,12119,"Quinn, John F.",10/1/2001,Stephen,Dias,59 Elswick St.,Dartmouth,MA,2747.0,100.0,,,,0,2001 Year-end Report (ND),,0,Not Specified
9,201,Individual,12119,"Quinn, John F.",10/1/2001,King,Alan,386 Old Westport Rd.,Dartmouth,MA,2747.0,100.0,,,,0,2001 Year-end Report (ND),,0,Not Specified
10,201,Individual,12119,"Quinn, John F.",10/1/2001,Goyette,Armand,38 Tripp Dr.,Westport,MA,2790.0,100.0,,,,0,2001 Year-end Report (ND),,0,Not Specified
11,201,Individual,12119,"Quinn, John F.",10/2/2001,Didriksen,Harriet,74 North St.,Mattapoisett,MA,2739.0,100.0,,,,0,2001 Year-end Report (ND),,0,Not Specified
12,201,Individual,12119,"Quinn, John F.",10/2/2001,MacCormack,Jean,6 Ancient Rubbly Way,Beverly,MA,1915.0,100.0,,,,0,2001 Year-end Report (ND),,0,Not Specified
13,201,Individual,10315,"Moore, Richard T.",10/2/2001,Skerry,Edwin J.,"P.O. Box 482, 279 High Street",Uxbridge,MA,1569.0,100.0,,,,0,2001 Year-end Report (ND),,0,Not Specified
14,201,Individual,10315,"Moore, Richard T.",10/2/2001,Dugan,James H.,46 Klebart Avenue,Webster,MA,1570.0,100.0,Pharmacist,Dugan's Pharmacy,,0,2001 Year-end Report (ND),,0,Not Specified
15,201,Individual,10025,"Berry, Frederick E.",10/2/2001,Roberts,Michael J.,120 Rogers Way,Duxbury,MA,2332.0,150.0,,,,0,2001 Year-end Report (ND),,0,Not Specified
16,201,Individual,10025,"Berry, Frederick E.",10/2/2001,Blair,Bryce,24 Middle Street,Hingham,MA,2043.0,200.0,Requested info,,,0,2001 Year-end Report (ND),,0,Not Specified
17,201,Individual,10106,"Correia, Robert",10/3/2001,Santos,Jeffrey,692 Woodman Street,Fall River,MA,2724.0,165.0,,,,0,2001 Year-end Report (ND),,0,Not Specified
18,201,Individual,10315,"Moore, Richard T.",10/3/2001,Smyth,Mary Lou,355 Williams Street,Uxbridge,MA,1569.0,100.0,,,,0,2001 Year-end Report (ND),,0,Not Specified
19,201,Individual,10315,"Moore, Richard T.",10/3/2001,"Gurney, Jr.",Ralph W.,33 Bond Hollow Road,Sutton,MA,1590.0,50.0,Retired,,,0,2001 Year-end Report (ND),,0,Not Specified
20,201,Individual,10315,"Moore, Richard T.",10/3/2001,Calagione,Angelo A.,86 Congress Street,Milford,MA,1757.0,100.0,Attorney,Self-employed,,0,2001 Year-end Report (ND),,0,Not Specified
21,201,Individual,10315,"Moore, Richard T.",10/3/2001,Knapik,Aline M.,90 William Ward Street,Uxbridge,MA,1569.0,100.0,,,,0,2001 Year-end Report (ND),,0,Not Specified
22,201,Individual,12119,"Quinn, John F.",10/3/2001,McLean,Michael,773 Dartmouth St.,Dartmouth,MA,2748.0,100.0,,,,0,2001 Year-end Report (ND),,0,Not Specified
23,201,Individual,12119,"Quinn, John F.",10/3/2001,Carney,Patrick,One Lakeside Center,Bridgewater,MA,2324.0,100.0,,,,0,2001 Year-end Report (ND),,0,Not Specified
24,201,Individual,12119,"Quinn, John F.",10/3/2001,Torman,Rand,123 Rockdale Ave.,New Bedford,MA,2740.0,200.0,Chiropractor,Torman Chiropractic Office,,0,2001 Year-end Report (ND),,0,Not Specified
25,201,Individual,13033,"Pope, Susan W.",10/3/2001,McArthur,John,140 Olsd Conn. Path,Wayland,MA,1778.0,200.0,retired,,,0,2001 Year-end Report (ND),,0,Not Specified
26,201,Individual,13033,"Pope, Susan W.",10/3/2001,Blair,John,25 moore Rd.,Wayland,MA,1778.0,300.0,Cosultant,Self,,0,2001 Year-end Report (ND),,0,Not Specified
27,201,Individual,12557,"O'Brien, Thomas J.",10/3/2001,Flagg,Cheryl,750 Webster Street,Marshfield,MA,2050.0,100.0,,,,0,2001 Year-end Report (ND),,0,Not Specified
28,201,Individual,12557,"O'Brien, Thomas J.",10/3/2001,Flagg,John,750 Webster Street,Marshfield,MA,2050.0,100.0,,,,0,2001 Year-end Report (ND),,0,Not Specified
29,201,Individual,11421,"Brewer, Stephen M.",10/3/2001,Phaneuf,Roger,120 Jensen Road,Belchertown,MA,1007.0,130.0,,,,0,2001 Year-end Report (ND),,0,Not Specified
30,201,Individual,11421,"Brewer, Stephen M.",10/3/2001,Lacaire,Donald,200 Main Street,Spencer,MA,1562.0,100.0,,,,0,2001 Year-end Report (ND),,0,Not Specified
31,201,Individual,11421,"Brewer, Stephen M.",10/3/2001,Wheaton,Elaine,7 Grasshopper Lane,Sturbridge,MA,1566.0,100.0,,,,0,2001 Year-end Report (ND),,0,Not Specified
32,201,Individual,11421,"Brewer, Stephen M.",10/3/2001,Blanchard,Mary,26 Farquhar Road,Sturbridge,MA,1566.0,60.0,,,,0,2001 Year-end Report (ND),,0,Not Specified
33,201,Individual,11421,"Brewer, Stephen M.",10/3/2001,Keyes,William,5 R Jones Road,Spencer,MA,1562.0,200.0,Owner,Bill Keyes Asphalt & Paving,,0,2001 Year-end Report (ND),,0,Not Specified
34,201,Individual,11421,"Brewer, Stephen M.",10/3/2001,Berube,Charles,48 West Street,Petersham,MA,1366.0,100.0,,,,0,2001 Year-end Report (ND),,0,Not Specified
35,201,Individual,13033,"Pope, Susan W.",10/4/2001,Merselis,Steven,3 York Rd.,Wayland,MA,1778.0,250.0,scavenger,retired,,0,2001 Year-end Report (ND),,0,Not Specified
36,201,Individual,12119,"Quinn, John F.",10/4/2001,O'Neil,Mark,P.O. Box 5809,New Bedford,MA,2742.0,100.0,,,,0,2001 Year-end Report (ND),,0,Not Specified
37,201,Individual,12119,"Quinn, John F.",10/4/2001,Greenspan,Kathleen,7 Hillside St.,Dartmouth,MA,2748.0,100.0,,,,0,2001 Year-end Report (ND),,0,Not Specified
38,201,Individual,12119,"Quinn, John F.",10/4/2001,Hartnett,James,P.O. Box 245,Westport,MA,2790.0,100.0,,,,0,2001 Year-end Report (ND),,0,Not Specified
39,201,Individual,12119,"Quinn, John F.",10/4/2001,Babbitt,John,5 Smithfield Farms,Dartmouth,MA,2748.0,100.0,,,,0,2001 Year-end Report (ND),,0,Not Specified
40,201,Individual,12119,"Quinn, John F.",10/4/2001,O'Connor,Timothy,28 Acushnet Rd.  P.O. Box 575,Mattapoisett,MA,2739.0,100.0,,,,0,2001 Year-end Report (ND),,0,Not Specified
41,201,Individual,10315,"Moore, Richard T.",10/4/2001,Pappas,Charles A.,22 Lake Parkway,Webster,MA,1570.0,100.0,Retired,,,0,2001 Year-end Report (ND),,0,Not Specified
42,201,Individual,10315,"Moore, Richard T.",10/4/2001,Ranieri,Daniel J.,5 Reservoir Drive,Bellingham,MA,2019.0,100.0,Editor,Legislative Bulletin,,0,2001 Year-end Report (ND),,0,Not Specified
43,201,Individual,10315,"Moore, Richard T.",10/5/2001,"Gould, Jr.",Harold D.,308 Hill Street,Whitinsville,MA,1588.0,100.0,Attorney,Self-employed,,0,2001 Year-end Report (ND),,0,Not Specified
44,201,Individual,10315,"Moore, Richard T.",10/5/2001,Griffith,James D.,141 Congress Street,Milford,MA,1757.0,50.0,,,,0,2001 Year-end Report (ND),,0,Not Specified
45,201,Individual,12119,"Quinn, John F.",10/5/2001,Kehoe,Maureen,45 Clarendon St.,Dartmouth,MA,2747.0,100.0,,,,0,2001 Year-end Report (ND),,0,Not Specified
46,201,Individual,10315,"Moore, Richard T.",10/5/2001,Collin,Judith C.,252 Lincoln Street,Blackstone,MA,1504.0,50.0,,,,0,2001 Year-end Report (ND),,0,Not Specified
47,201,Individual,12119,"Quinn, John F.",10/5/2001,Lees,Mary Ellen,23 Pleasant St.,Dartmouth,MA,2748.0,100.0,,,,0,2001 Year-end Report (ND),,0,Not Specified
48,201,Individual,12119,"Quinn, John F.",10/5/2001,Lang,Kathleen,15 Grove Hill Ln.,Dartmouth,MA,2748.0,100.0,,,,0,2001 Year-end Report (ND),,0,Not Specified
49,201,Individual,12119,"Quinn, John F.",10/5/2001,Angelo,Robert,7 Heritage Dr.,Dartmouth,MA,2747.0,100.0,,,,0,2001 Year-end Report (ND),,0,Not Specified
50,201,Individual,12119,"Quinn, John F.",10/5/2001,Henriksen,Lillian,22 Prospect St.,Dartmouth,MA,2748.0,100.0,,,,0,2001 Year-end Report (ND),,0,Not Specified
51,201,Individual,12119,"Quinn, John F.",10/5/2001,Levesque,John,2415 Purchase St.,New Bedford,MA,2746.0,100.0,,,,0,2001 Year-end Report (ND),,0,Not Specified
52,201,Individual,12557,"O'Brien, Thomas J.",10/5/2001,Johnson,Dorothe,5 Fifteenth Avenue,Wareham,MA,2571.0,100.0,,,,0,2001 Year-end Report (ND),,0,Not Specified
53,201,Individual,12557,"O'Brien, Thomas J.",10/5/2001,Beaton,Douglas,27 Discovery Hill Road,East Sandwich,MA,2537.0,100.0,,,,0,2001 Year-end Report (ND),,0,Not Specified
54,201,Individual,12557,"O'Brien, Thomas J.",10/5/2001,Chase,Jonathan,431 Berlin Road,Marlborough,MA,1752.0,100.0,,,,0,2001 Year-end Report (ND),,0,Not Specified
55,201,Individual,12119,"Quinn, John F.",10/6/2001,Iacaponi,Edward,166 Alva St.,New Bedford,MA,2740.0,100.0,,,,0,2001 Year-end Report (ND),,0,Not Specified
56,201,Individual,10315,"Moore, Richard T.",10/6/2001,"Gammal, Jr.",Albert A.,73 Sagamore Road,Worcester,MA,1609.0,50.0,Retired,,,0,2001 Year-end Report (ND),,0,Not Specified
57,201,Individual,12119,"Quinn, John F.",10/7/2001,Rodgers,J. Michael,544 Elm St.,Dartmouth,MA,2748.0,100.0,,,,0,2001 Year-end Report (ND),,0,Not Specified
58,201,Individual,12119,"Quinn, John F.",10/8/2001,Depina,Joseph,28 West Bliss St.,Dartmouth,MA,2748.0,100.0,,,,0,2001 Year-end Report (ND),,0,Not Specified
59,201,Individual,12119,"Quinn, John F.",10/8/2001,Daly,Michael,5 John Winthrop St.,Dartmouth,MA,2747.0,100.0,,,,0,2001 Year-end Report (ND),,0,Not Specified
60,201,Individual,10315,"Moore, Richard T.",10/8/2001,Daigle,Patricia A.,172 Granite Street,Uxbridge,MA,1569.0,100.0,,,,0,2001 Year-end Report (ND),,0,Not Specified
61,201,Individual,12119,"Quinn, John F.",10/8/2001,Silva,Maria,1270 Reed Rd.,Dartmouth,MA,2747.0,100.0,,,,0,2001 Year-end Report (ND),,0,Not Specified
62,201,Individual,12119,"Quinn, John F.",10/8/2001,Quail,Barry,60 Sable Ave.,Dartmouth,MA,2747.0,100.0,,,,0,2001 Year-end Report (ND),,0,Not Specified
63,201,Individual,12119,"Quinn, John F.",10/8/2001,Howland,Sandra,44 Arnold St.,Dartmouth,MA,2748.0,100.0,,,,0,2001 Year-end Report (ND),,0,Not Specified
64,201,Individual,12119,"Quinn, John F.",10/9/2001,Correia,Margaret,2 Clarence St.,Dartmouth,MA,2748.0,100.0,,,,0,2001 Year-end Report (ND),,0,Not Specified
65,201,Individual,10315,"Moore, Richard T.",10/9/2001,Beland,Maureen E.,"P.O. Box 666, 58 Union Point Road",Webster,MA,1570.0,100.0,,,,0,2001 Year-end Report (ND),,0,Not Specified
66,201,Individual,12119,"Quinn, John F.",10/9/2001,Moses,Richard,50 Homers Wharf,New Bedford,MA,2740.0,200.0,Attorney,Law Offices Moses & Smith,,0,2001 Year-end Report (ND),,0,Not Specified
67,201,Individual,12119,"Quinn, John F.",10/9/2001,Boles,Judith,28 Wilbur Ave.,Dartmouth,MA,2747.0,100.0,,,,0,2001 Year-end Report (ND),,0,Not Specified
68,201,Individual,13283,"Fresolo, John P.",10/9/2001,KENNEDY,AUSTIN L.,58 KENWOOD AVE.,Worcester,MA,1605.0,100.0,RETIRED,,,0,2001 Year-end Report (ND),,0,Not Specified
69,201,Individual,13283,"Fresolo, John P.",10/9/2001,"MOLINARI, JR.",ROBERT F.,129 INGLESIDE AVE.,Worcester,MA,1604.0,100.0,,,,0,2001 Year-end Report (ND),,0,Not Specified
70,201,Individual,12557,"O'Brien, Thomas J.",10/9/2001,Beaton,Matthew,27 Foster Road,East Sandwich,MA,2537.0,100.0,,,,0,2001 Year-end Report (ND),,0,Not Specified
71,201,Individual,13283,"Fresolo, John P.",10/9/2001,MOLINARI,DENNIS P.,398 PROSPECT ST.,Shrewsbury,MA,1545.0,100.0,,,,0,2001 Year-end Report (ND),,0,Not Specified
72,201,Individual,13283,"Fresolo, John P.",10/9/2001,"BELCULFINE, SR.",PAUL S.,25 MISCOE RD.,Worcester,MA,1604.0,100.0,RETIRED,,,0,2001 Year-end Report (ND),,0,Not Specified
73,201,Individual,13283,"Fresolo, John P.",10/10/2001,FORD,FRANCIS A.,8 WALBRIDGE RD.,Paxton,MA,1612.0,100.0,LAWYER,SELF-EMPLOYED,,0,2001 Year-end Report (ND),,0,Not Specified
74,201,Individual,13283,"Fresolo, John P.",10/10/2001,FORD,SHIRLEY A.,8 WALBRIDGE RD.,Paxton,MA,1612.0,100.0,LAWYER,SELF-EMPLOYED,,0,2001 Year-end Report (ND),,0,Not Specified
75,201,Individual,13283,"Fresolo, John P.",10/10/2001,ADAMO,JOSEPH A.,48 VERNON ST.,Worcester,MA,1604.0,100.0,PRIEST,,,0,2001 Year-end Report (ND),,0,Not Specified
76,201,Individual,12119,"Quinn, John F.",10/10/2001,Tomkiewicz,Margaret,304 Elm St.,Dartmouth,MA,2748.0,100.0,,,,0,2001 Year-end Report (ND),,0,Not Specified
77,201,Individual,12119,"Quinn, John F.",10/10/2001,Tavares,David,21 Champion Terrace,Dartmouth,MA,2747.0,100.0,,,,0,2001 Year-end Report (ND),,0,Not Specified
78,201,Individual,12119,"Quinn, John F.",10/10/2001,Kilroy,Kevin,17 Town Landing Rd.,Berkley,MA,2779.0,100.0,,,,0,2001 Year-end Report (ND),,0,Not Specified
79,201,Individual,10315,"Moore, Richard T.",10/10/2001,"Gurney, Jr.",Ralph W.,33 Bond Hollow Road,Sutton,MA,1590.0,50.0,Retired,,,0,2001 Year-end Report (ND),,0,Not Specified
80,201,Individual,10315,"Moore, Richard T.",10/10/2001,Peters,Barbara A.,"P.O. Box 545, 371 Central Street",Milford,MA,1757.0,200.0,Homemaker,,,0,2001 Year-end Report (ND),,0,Not Specified
81,201,Individual,10315,"Moore, Richard T.",10/10/2001,Desjourdy,Lillian,359 Blackstone Street,Uxbridge,MA,1569.0,100.0,,,,0,2001 Year-end Report (ND),,0,Not Specified
82,201,Individual,10315,"Moore, Richard T.",10/10/2001,M V Associates,,280 Yew Street,Douglas,MA,1516.0,100.0,,,,0,2001 Year-end Report (ND),,0,Not Specified
83,201,Individual,10315,"Moore, Richard T.",10/10/2001,Padro,Juan A.,18 Curtis Hill Road,Charlton,MA,1507.0,100.0,Claims Supervisor,U.S. Dept. of Labor,,0,2001 Year-end Report (ND),,0,Not Specified
84,201,Individual,10315,"Moore, Richard T.",10/10/2001,Stock,MaryAnn,1 Massasoit Way,Mendon,MA,1756.0,100.0,,,,0,2001 Year-end Report (ND),,0,Not Specified
85,201,Individual,12119,"Quinn, John F.",10/10/2001,Gill,Paula,123 Old Fall River Rd.,Dartmouth,MA,2747.0,100.0,,,,0,2001 Year-end Report (ND),,0,Not Specified
86,201,Individual,12119,"Quinn, John F.",10/10/2001,Burke,Virginia,49 Slocum Rd.,Dartmouth,MA,2747.0,100.0,,,,0,2001 Year-end Report (ND),,0,Not Specified
87,201,Individual,12119,"Quinn, John F.",10/10/2001,Reid,William,888 Smith Neck Rd.,Dartmouth,MA,2748.0,100.0,,,,0,2001 Year-end Report (ND),,0,Not Specified
88,201,Individual,12119,"Quinn, John F.",10/10/2001,Lafreniere,Pamela,5 Edgewood Ln.,Mattapoisett,MA,2739.0,100.0,,,,0,2001 Year-end Report (ND),,0,Not Specified
89,201,Individual,12119,"Quinn, John F.",10/10/2001,Read,Dennis,P.O. Box 2571,Fall River,MA,2722.0,100.0,,,,0,2001 Year-end Report (ND),,0,Not Specified
90,201,Individual,10315,"Moore, Richard T.",10/10/2001,UniBank for Savings,,49 Church Street,Whitinsville,MA,1588.0,20.69,,,,0,2001 Year-end Report (ND),,0,Not Specified
91,201,Individual,13164,"Candaras, Gale D.",10/10/2001,Dailey,Marguerite P.,19 Brookside Circle,Wilbraham,MA,1095.0,15.0,Retired,,,0,2001 Year-end Report (ND),,0,Not Specified
92,201,Individual,13164,"Candaras, Gale D.",10/10/2001,Flanagan,Madeline Q.,559 Stony Hill Road,Wilbraham,MA,1095.0,20.0,Retired,,,0,2001 Year-end Report (ND),,0,Not Specified
93,201,Individual,13164,"Candaras, Gale D.",10/10/2001,Caruana,Sherrill S.,59 Brainard Road,Wilbraham,MA,1095.0,100.0,Teacher,,,0,2001 Year-end Report (ND),,0,Not Specified
94,201,Individual,12119,"Quinn, John F.",10/11/2001,Marques,Antonio,32 Water St.,Fairhaven,MA,2719.0,100.0,,,,0,2001 Year-end Report (ND),,0,Not Specified
95,201,Individual,10315,"Moore, Richard T.",10/11/2001,Herideen,Virginia M.,1 Malden Lane,Oxford,MA,1540.0,100.0,Professor,Holyoke College,,0,2001 Year-end Report (ND),,0,Not Specified
96,201,Individual,10025,"Berry, Frederick E.",10/11/2001,Abromowitz,David M.,66 Clyde Street,Newton,MA,2460.0,250.0,Attorney,Goulston & Storr,,0,2001 Year-end Report (ND),,0,Not Specified
97,201,Individual,10025,"Berry, Frederick E.",10/11/2001,Krasnow,Jordon P.,"94 Beacon Street, Apt. 2",Boston,MA,2108.0,250.0,Information Requested,,,0,2001 Year-end Report (ND),,0,Not Specified
98,201,Individual,10025,"Berry, Frederick E.",10/11/2001,Schwartz,Steven,160 Mill Street,Newton Center,MA,2459.0,250.0,Attorney,Goulston & Storr,,0,2001 Year-end Report (ND),,0,Not Specified
99,201,Individual,10025,"Berry, Frederick E.",10/11/2001,Keith,John W.,532 Page Street,Stoughton,MA,2072.0,500.0,President,"Keith Properties, Inc.",,0,2001 Year-end Report (ND),,0,Not Specified
100,201,Individual,10025,"Berry, Frederick E.",10/11/2001,Berry,Frederick E.,Keefe Hall #10/210 Washington Street,Peabody,MA,1960.0,175.0,9/01 Vehicle Lease,,,0,2001 Year-end Report (ND),,0,Not Specified
101,201,Individual,12119,"Quinn, John F.",10/11/2001,Karam,Robert,456 Rock St.  P.O. Box 549,Fall River,MA,2720.0,100.0,,,,0,2001 Year-end Report (ND),,0,Not Specified
102,201,Individual,12119,"Quinn, John F.",10/11/2001,Faber,Anne,49 Doolittle Ave.,Dartmouth,MA,2747.0,100.0,,,,0,2001 Year-end Report (ND),,0,Not Specified
103,201,Individual,13283,"Fresolo, John P.",10/11/2001,FRESOLO,ROCCO,40 Lebanon St.,Worcester,Ma,1603.0,100.0,Plumber,,,0,2001 Year-end Report (ND),,0,Not Specified
104,201,Individual,13283,"Fresolo, John P.",10/11/2001,ROBBINS,PAUL,115 NEWTON AVE.,Worcester,MA,1609.0,100.0,,,,0,2001 Year-end Report (ND),,0,Not Specified
105,201,Individual,13283,"Fresolo, John P.",10/11/2001,SIMON,GABE N.,39 HARRINGTON FARMS WAY,Shrewsbury,MA,1545.0,100.0,,,,0,2001 Year-end Report (ND),,0,Not Specified
106,201,Individual,13283,"Fresolo, John P.",10/11/2001,PANDIANI,ALFRED J.,642 SALISBURY ST.,Worcester,MA,1609.0,100.0,CONTRACTOR,NATIONAL GLASS,,0,2001 Year-end Report (ND),,0,Not Specified
107,201,Individual,13283,"Fresolo, John P.",10/11/2001,SPILLANE,JOHN W.,23 INSTITUTE RD.,Worcester,MA,1609.0,100.0,ATTORNEY,SELF-EMPLOYED,,0,2001 Year-end Report (ND),,0,Not Specified
108,201,Individual,13283,"Fresolo, John P.",10/11/2001,MASSAD,DAVID G.,SPRING ST.,Westborough,MA,1580.0,100.0,CEO,DUDDY FORD,,0,2001 Year-end Report (ND),,0,Not Specified
109,201,Individual,13283,"Fresolo, John P.",10/12/2001,FRESOLO,ANTHONY R.,2 BROOK ST.,Oxford,MA,1540.0,100.0,TOLL COLLECTOR,MASS TPKE.,,0,2001 Year-end Report (ND),,0,Not Specified
110,201,Individual,13283,"Fresolo, John P.",10/12/2001,DONOVAN,DONALD,ALSTEAD PATH,Millbury,MA,1527.0,500.0,TAXI OWNER,YELLOW CAB,,0,2001 Year-end Report (ND),,0,Not Specified
111,201,Individual,12119,"Quinn, John F.",10/12/2001,Champagne,Kevin,77 Brownell Ave.,New Bedford,MA,2740.0,100.0,,,,0,2001 Year-end Report (ND),,0,Not Specified
112,201,Individual,12119,"Quinn, John F.",10/12/2001,McNamara,George,19 Meadows Shore,Dartmouth,MA,2748.0,100.0,,,,0,2001 Year-end Report (ND),,0,Not Specified
113,201,Individual,12119,"Quinn, John F.",10/12/2001,Garcia,Andrew,13 Ventura Dr.,Dartmouth,MA,2747.0,500.0,Attorney,"Phillips & Garcia, LLP",,0,2001 Year-end Report (ND),,0,Not Specified
114,201,Individual,10315,"Moore, Richard T.",10/12/2001,Alicea,Geraldo,117 North Sturbridge Road,Charlton,MA,1507.0,100.0,Probation Officer,Worcester Superior Court,,0,2001 Year-end Report (ND),,0,Not Specified
115,201,Individual,10315,"Moore, Richard T.",10/12/2001,Pinto,Bento C.,24 Kinsley Lane,Milford,MA,1757.0,100.0,Owner,"Pinto's Plumbing & Heating Supply, Inc.",,0,2001 Year-end Report (ND),,0,Not Specified
116,201,Individual,10315,"Moore, Richard T.",10/12/2001,Moore,Michael,7 Momin Drive,Millbury,MA,1527.0,100.0,,,,0,2001 Year-end Report (ND),,0,Not Specified
117,201,Individual,10315,"Moore, Richard T.",10/12/2001,Canty,Ann Marie,"310 Thompson Road, A-223",Webster,MA,1570.0,100.0,,,,0,2001 Year-end Report (ND),,0,Not Specified
118,201,Individual,10315,"Moore, Richard T.",10/12/2001,DeBartolomeis,Dino B.,11 Otis Street,Milford,MA,1757.0,50.0,,,,0,2001 Year-end Report (ND),,0,Not Specified
119,201,Individual,12119,"Quinn, John F.",10/12/2001,Lafleur,Jeffrey,24 Whitmar Circle,Plymouth,MA,2360.0,100.0,,,,0,2001 Year-end Report (ND),,0,Not Specified
120,201,Individual,12119,"Quinn, John F.",10/13/2001,Burns,William,9 Grove St.,New Bedford,MA,2740.0,100.0,,,,0,2001 Year-end Report (ND),,0,Not Specified
121,201,Individual,12119,"Quinn, John F.",10/13/2001,Pinto,Antone,29 Suffolk Ave.,Dartmouth,MA,2747.0,100.0,,,,0,2001 Year-end Report (ND),,0,Not Specified
122,201,Individual,12119,"Quinn, John F.",10/13/2001,Swanson,John,69 Juliette St.,Dartmouth,MA,2747.0,100.0,,,,0,2001 Year-end Report (ND),,0,Not Specified
123,201,Individual,12119,"Quinn, John F.",10/13/2001,Silva,Edmund,P.O. Box 403,Somerset,MA,2726.0,200.0,Letter Sent,Info Requested,,0,2001 Year-end Report (ND),,0,Not Specified
124,201,Individual,13283,"Fresolo, John P.",10/13/2001,MACKOUL,GLORIA R.,P.O. BOX 308,Worcester,MA,1613.0,250.0,REAL ESTATE BROKER,SELF-EMPLOYED,,0,2001 Year-end Report (ND),,0,Not Specified
125,201,Individual,13283,"Fresolo, John P.",10/13/2001,MACKOUL,JOHN L.,P.O. BOX 308,Worcester,MA,1613.0,250.0,BUILDER,SELF-EMPLOYED,,0,2001 Year-end Report (ND),,0,Not Specified
126,201,Individual,13283,"Fresolo, John P.",10/13/2001,CHIRCHIGNO,LEONARD W.,37 POINT PLEASANT RD.,Webster,MA,1570.0,100.0,,,,0,2001 Year-end Report (ND),,0,Not Specified
127,201,Individual,12557,"O'Brien, Thomas J.",10/13/2001,Zisler,Guenter,68 Fitzgerald Road,Marlborough,MA,1752.0,100.0,,,,0,2001 Year-end Report (ND),,0,Not Specified
128,201,Individual,11428,"Resor, Pamela P.",10/13/2001,Community National Bank,,P. O. Box 368,Hudson,MA,1749.0,29.46,,,,0,2001 Year-end Report (ND),,0,Not Specified
129,201,Individual,11411,"Walsh, Marian",10/14/2001,"HANTAKAS, SR.",THOMAS T.,109 SALMAN STREET,WEST ROXBURY,MA,2132.0,250.0,RETIRED,,,0,2001 Year-end Report (ND),,0,Not Specified
130,201,Individual,12119,"Quinn, John F.",10/14/2001,Holmes,Jonathan,307 Smith Neck Rd.,Dartmouth,MA,2748.0,100.0,,,,0,2001 Year-end Report (ND),,0,Not Specified
131,201,Individual,12119,"Quinn, John F.",10/14/2001,O'Neil,Christopher,136 Bakerville Rd.,Dartmouth,MA,2748.0,100.0,,,,0,2001 Year-end Report (ND),,0,Not Specified
132,201,Individual,12119,"Quinn, John F.",10/14/2001,Davis,Thomas,144 Mishaum Point Rd.,Dartmouth,MA,2748.0,100.0,,,,0,2001 Year-end Report (ND),,0,Not Specified
133,201,Individual,12119,"Quinn, John F.",10/14/2001,Gallo,Judith,307 Smith Neck Rd.,Dartmouth,MA,2748.0,100.0,,,,0,2001 Year-end Report (ND),,0,Not Specified
134,201,Individual,12119,"Quinn, John F.",10/14/2001,Kavanaugh,Peter,155 Elm St.,Dartmouth,MA,2748.0,100.0,,,,0,2001 Year-end Report (ND),,0,Not Specified
135,201,Individual,12119,"Quinn, John F.",10/14/2001,Gauvin,Beth,66 Alpha St.,Dartmouth,MA,2747.0,100.0,,,,0,2001 Year-end Report (ND),,0,Not Specified
136,201,Individual,12119,"Quinn, John F.",10/14/2001,Warner,Jack,60 Tucker Ln.,Dartmouth,MA,2747.0,100.0,,,,0,2001 Year-end Report (ND),,0,Not Specified
137,201,Individual,12119,"Quinn, John F.",10/14/2001,Dabney,Frederick,794 Horseneck Rd.,Dartmouth,MA,2748.0,100.0,Owner,Quansett Nurseries,,0,2001 Year-end Report (ND),,0,Not Specified
138,201,Individual,12119,"Quinn, John F.",10/14/2001,Merhi,Mary Chambers,1176 Horseneck Rd.,Westport,MA,2790.0,100.0,,,,0,2001 Year-end Report (ND),,0,Not Specified
139,201,Individual,12119,"Quinn, John F.",10/14/2001,Swarzez,Marianne,567 Collins Corner Rd.,Dartmouth,MA,2747.0,75.0,,,,0,2001 Year-end Report (ND),,0,Not Specified
140,201,Individual,12119,"Quinn, John F.",10/14/2001,Lynch,Carlin,245 River Rd.,Westport,MA,2790.0,100.0,,,,0,2001 Year-end Report (ND),,0,Not Specified
141,201,Individual,12119,"Quinn, John F.",10/14/2001,Simpson,Mary,15 Truman Ave.,Dartmouth,MA,2747.0,100.0,,,,0,2001 Year-end Report (ND),,0,Not Specified
142,201,Individual,12119,"Quinn, John F.",10/14/2001,Mc Bratney,James,1028 Horseneck Rd.,Westport,MA,2790.0,100.0,Management,Sylvan Nurseries,,0,2001 Year-end Report (ND),,0,Not Specified
143,201,Individual,12119,"Quinn, John F.",10/14/2001,Munger,James,908 Division Rd.,Dartmouth,MA,2748.0,100.0,,,,0,2001 Year-end Report (ND),,0,Not Specified
144,201,Individual,12119,"Quinn, John F.",10/14/2001,Tougas,Gregory,10 Hallett Ln.,Dartmouth,MA,2747.0,100.0,,,,0,2001 Year-end Report (ND),,0,Not Specified
145,201,Individual,12119,"Quinn, John F.",10/14/2001,Travers,James,542 Chase Rd.,Dartmouth,MA,2747.0,100.0,,,,0,2001 Year-end Report (ND),,0,Not Specified
146,201,Individual,12119,"Quinn, John F.",10/14/2001,Wilson,June,784 Reed Rd. #C,Dartmouth,MA,2747.0,100.0,,,,0,2001 Year-end Report (ND),,0,Not Specified
147,201,Individual,12119,"Quinn, John F.",10/14/2001,Rothschild,Susan,98 Madison St.,New Bedford,MA,2740.0,100.0,,,,0,2001 Year-end Report (ND),,0,Not Specified
148,201,Individual,12119,"Quinn, John F.",10/14/2001,Lester,Collette,223 Smith Neck Rd.,Dartmouth,MA,2748.0,75.0,,,,0,2001 Year-end Report (ND),,0,Not Specified
149,201,Individual,10315,"Moore, Richard T.",10/14/2001,Diorio,Michael A.,11 Calvin Drive,Milford,MA,1757.0,200.0,CPA,Town of Canton,,0,2001 Year-end Report (ND),,0,Not Specified
150,201,Individual,10315,"Moore, Richard T.",10/14/2001,"Rouleau, Jr.",Edouard J.,"P.O. Box 3, Nipmuc Drive",Mendon,MA,1756.0,100.0,,,,0,2001 Year-end Report (ND),,0,Not Specified
151,201,Individual,10315,"Moore, Richard T.",10/15/2001,Grady,Richard,20 North Avenue,Mendon,MA,1756.0,50.0,Teacher,,,0,2001 Year-end Report (ND),,0,Not Specified
152,201,Individual,10315,"Moore, Richard T.",10/15/2001,Bialy,Joseph P.,"P.O. Box 534, 24 Pumpkin Lane",Charlton City,MA,1508.0,150.0,Principal,Southbridge High School,,0,2001 Year-end Report (ND),,0,Not Specified
153,201,Individual,10315,"Moore, Richard T.",10/15/2001,Sullivan,Dennis M.,6 Leah Lane,Milford,MA,1757.0,100.0,Attorney,Self-employed,,0,2001 Year-end Report (ND),,0,Not Specified
154,201,Individual,12119,"Quinn, John F.",10/15/2001,Kvilhaug,Berit,307 Smith Neck Rd.,Dartmouth,MA,2748.0,100.0,,,,0,2001 Year-end Report (ND),,0,Not Specified
155,201,Individual,12119,"Quinn, John F.",10/15/2001,Keches,George,122 Dean St.,Taunton,MA,2780.0,100.0,,,,0,2001 Year-end Report (ND),,0,Not Specified
156,201,Individual,10315,"Moore, Richard T.",10/15/2001,Ford,Michael R.,26 Northbridge Road,Mendon,MA,1756.0,50.0,Manager,Jean's Catering Service,,0,2001 Year-end Report (ND),,0,Not Specified
157,201,Individual,12119,"Quinn, John F.",10/15/2001,Canastra,Raymond,122 Bridge St.,Fairhaven,MA,2719.0,200.0,Wholesaler,Northern Wind,,0,2001 Year-end Report (ND),,0,Not Specified
158,201,Individual,12119,"Quinn, John F.",10/15/2001,Sawyer,Roberta,225 Smith Neck Rd.,Dartmouth,MA,2748.0,100.0,,,,0,2001 Year-end Report (ND),,0,Not Specified
159,201,Individual,12119,"Quinn, John F.",10/15/2001,Souza,Frank,W. Main Rd.  P.O. Box 558,Little Compton,RI,2837.0,100.0,,,,0,2001 Year-end Report (ND),,0,Not Specified
160,201,Individual,12119,"Quinn, John F.",10/15/2001,Marshalek,Stephen,448 County St.,New Bedford,MA,2740.0,250.0,Attorney,Commonwealth of MA,,0,2001 Year-end Report (ND),,0,Not Specified
161,201,Individual,12119,"Quinn, John F.",10/15/2001,Howes,Davis,27 Summer St.,Dartmouth,MA,2748.0,100.0,,,,0,2001 Year-end Report (ND),,0,Not Specified
162,201,Individual,11421,"Brewer, Stephen M.",10/15/2001,Maynard,Richard,21 Everett Avenue,Belchertown,MA,1007.0,100.0,,,,0,2001 Year-end Report (ND),,0,Not Specified
163,201,Individual,11411,"Walsh, Marian",10/15/2001,MORRILL,PAUL E.,165 Milton Avenue,Hyde Park,MA,2136.0,125.0,OWNER,MORRILL TAXI CO.,,0,2001 Year-end Report (ND),,0,Not Specified
164,201,Individual,13283,"Fresolo, John P.",10/15/2001,SIMONE,JOHN R.,34 HAROLD ST.,Worcester,MA,1604.0,100.0,RETIRED,,,0,2001 Year-end Report (ND),,0,Not Specified
165,201,Individual,13283,"Fresolo, John P.",10/15/2001,GREIMAN,RITA A. MORAN,15 LONGFELLOW WAY,Boylston,MA,1505.0,100.0,ENGINEER,,,0,2001 Year-end Report (ND),,0,Not Specified
166,201,Individual,13283,"Fresolo, John P.",10/16/2001,STARUK,BETTE G.,765 SALISBURY ST.,Worcester,MA,1609.0,200.0,HOUSEWIFE,,,0,2001 Year-end Report (ND),,0,Not Specified
167,201,Individual,13283,"Fresolo, John P.",10/16/2001,SPILLANE,JOSEPH W.,766 PLEASANT ST.,Worcester,MA,1602.0,100.0,,,,0,2001 Year-end Report (ND),,0,Not Specified
168,201,Individual,13283,"Fresolo, John P.",10/16/2001,TOOHIL,JAMES V.,7 BOTHNIA ST.,Worcester,MA,1607.0,100.0,,,,0,2001 Year-end Report (ND),,0,Not Specified
169,201,Individual,11411,"Walsh, Marian",10/16/2001,SOLIMINE,LEONORA,119 WESTMOOR ROAD,WEST ROXBURY,MA,2132.0,250.0,RETIRED,,,0,2001 Year-end Report (ND),,0,Not Specified
170,201,Individual,11411,"Walsh, Marian",10/16/2001,TUCKER,JOSEPH W.,P.O. BOX 192,READVILLE,MA,2137.0,75.0,,,,0,2001 Year-end Report (ND),,0,Not Specified
171,201,Individual,12119,"Quinn, John F.",10/16/2001,Kelliher,Robert,37 Point of Pines Rd.,East Freetown,MA,2717.0,100.0,,,,0,2001 Year-end Report (ND),,0,Not Specified
172,201,Individual,10315,"Moore, Richard T.",10/16/2001,Place,Elizabeth J.,60 Killdeer Island Road,Webster,MA,1570.0,50.0,,,,0,2001 Year-end Report (ND),,0,Not Specified
173,201,Individual,10315,"Moore, Richard T.",10/17/2001,Evans,Kenneth C.,8 Evans Road,Milford,MA,1757.0,50.0,,,,0,2001 Year-end Report (ND),,0,Not Specified
174,201,Individual,13283,"Fresolo, John P.",10/17/2001,MANZI,FRANCIS E.,179 SHREWSBURY ST.,Worcester,MA,1604.0,100.0,RETIRED,,,0,2001 Year-end Report (ND),,0,Not Specified
175,201,Individual,13283,"Fresolo, John P.",10/18/2001,BONOFIGLIO,RICHARD A.,9 BENEDICT RD.,Worcester,MA,1604.0,100.0,,,,0,2001 Year-end Report (ND),,0,Not Specified
176,201,Individual,13283,"Fresolo, John P.",10/18/2001,BELEZARIAN,THOMAS H.,P.O. BOX 171,Worcester,MA,1613.0,100.0,RETIRED,,,0,2001 Year-end Report (ND),,0,Not Specified
177,201,Individual,13283,"Fresolo, John P.",10/18/2001,GIANGREGORIO,JOHN G.,8 CHURCH ST.,Boston,MA,2116.0,100.0,,,,0,2001 Year-end Report (ND),,0,Not Specified
178,201,Individual,13283,"Fresolo, John P.",10/18/2001,SIMONCINI,KENNETH,24 Dolly Dr.,Worcester,Ma,1604.0,100.0,Tax Consultant,SELF-EMPLOYED,,0,2001 Year-end Report (ND),,0,Not Specified
179,201,Individual,13283,"Fresolo, John P.",10/18/2001,"LAZARE, MD",AARON,95 DORSET RD,WABAN,MA,2468.0,100.0,PHYSICIAN,UMASS,,0,2001 Year-end Report (ND),,0,Not Specified
180,201,Individual,11411,"Walsh, Marian",10/18/2001,TOWLES,STOKLEY P.,40 Water Street,Boston,MA,2109.0,100.0,ATTORNEY,SELF-EMPLOYED,,0,2001 Year-end Report (ND),,0,Not Specified
181,201,Individual,10315,"Moore, Richard T.",10/18/2001,Dabrowski,Richard L.,44 Lincoln Street,Webster,MA,1570.0,100.0,,,,0,2001 Year-end Report (ND),,0,Not Specified
182,201,Individual,10315,"Moore, Richard T.",10/18/2001,Milani,Donald D.,50 Purchase Street,Milford,MA,1757.0,100.0,Branch Manager,"Nat'l Seating & Mobility, Inc.",,0,2001 Year-end Report (ND),,0,Not Specified
183,201,Individual,10315,"Moore, Richard T.",10/18/2001,Creighton,H. Patricia,89 Mendon Street,Uxbridge,MA,1569.0,100.0,,,,0,2001 Year-end Report (ND),,0,Not Specified
184,201,Individual,10315,"Moore, Richard T.",10/19/2001,Aldrich,Spaulding R.,"P.O. Box 84, 840 Hill Street",Whitinsville,MA,1588.0,100.0,,,,0,2001 Year-end Report (ND),,0,Not Specified
185,201,Individual,10315,"Moore, Richard T.",10/19/2001,Mellor,Robert M.,30 Cottage Street,Whitinsville,MA,1588.0,50.0,Retired,,,0,2001 Year-end Report (ND),,0,Not Specified
186,201,Individual,11411,"Walsh, Marian",10/19/2001,SHAFFER,NANCY J.,3 MAPLE LANE,DOVER,MA,2030.0,100.0,,,,0,2001 Year-end Report (ND),,0,Not Specified
187,201,Individual,11411,"Walsh, Marian",10/19/2001,SULLIVAN,RICHARD A.,Box P,Hyannis,MA,2601.0,100.0,ATTORNEY,SELF-EMPLOYED,,0,2001 Year-end Report (ND),,0,Not Specified
188,201,Individual,11411,"Walsh, Marian",10/19/2001,"MURRAY, JR.",VINCENT A.,2 CENTER PLAZA,BOSTON,MA,2108.0,100.0,,,,0,2001 Year-end Report (ND),,0,Not Specified
189,201,Individual,11411,"Walsh, Marian",10/19/2001,PULGINI,AUDREY R.,41 PROSPECT ST.,HYDE PARK,MA,2136.0,250.0,HOUSEWIFE,,,0,2001 Year-end Report (ND),,0,Not Specified
190,201,Individual,11411,"Walsh, Marian",10/19/2001,CONNEELY,MARY,33 Greaton Street,West Roxbury,MA,2132.0,100.0,HOUSEWIFE,,,0,2001 Year-end Report (ND),,0,Not Specified
191,201,Individual,11411,"Walsh, Marian",10/19/2001,CURTIN,ELIZABETH M.,111 WILLOW STREET,WEST ROXBURY,MA,2132.0,250.0,ADM. SECRETARY,BOSTON POLICE,,0,2001 Year-end Report (ND),,0,Not Specified
192,201,Individual,11411,"Walsh, Marian",10/19/2001,EISENSTADT,DAVID G.,2 CENTER PLAZA,BOSTON,MA,2108.0,100.0,ATTORNEY,SELF EMPLOYED,,0,2001 Year-end Report (ND),,0,Not Specified
193,201,Individual,11428,"Resor, Pamela P.",10/19/2001,Community National Bank,,P. O. Box 368,Hudson,MA,1749.0,0.14,,,,0,2001 Year-end Report (ND),,0,Not Specified
194,201,Individual,13283,"Fresolo, John P.",10/19/2001,"SLUCKIS, SR.",ANDREW J.,14 OLD CART RD.,AUBURN,MA,1501.0,50.0,,,,0,2001 Year-end Report (ND),,0,Not Specified
195,201,Individual,13283,"Fresolo, John P.",10/20/2001,BIANCULLI,DIANE F.,2 INVERNESS AVE.,Worcester,MA,1604.0,100.0,,,,0,2001 Year-end Report (ND),,0,Not Specified
196,201,Individual,13033,"Pope, Susan W.",10/20/2001,U.S. Treasury,,,Andover,MA,5501.0,112.2,,,,0,2001 Year-end Report (ND),,0,Not Specified
197,201,Individual,13283,"Fresolo, John P.",10/20/2001,"MURGO, SR.",DOMINIC A.,128 UPTON ST.,Westborough,MA,1581.0,100.0,,,,0,2001 Year-end Report (ND),,0,Not Specified
198,201,Individual,11411,"Walsh, Marian",10/20/2001,CREATON,MARY A.,61 DRESSER AVENUE,DEDHAM,MA,2026.0,100.0,,,,0,2001 Year-end Report (ND),,0,Not Specified
199,201,Individual,11411,"Walsh, Marian",10/20/2001,MURPHY,CHARLES F.,1001 MARINA DRIVE,QUINCY,MA,2169.0,200.0,INS. AGENT,SELF-EMPLOYED,,0,2001 Year-end Report (ND),,0,Not Specified
200,201,Individual,11411,"Walsh, Marian",10/20/2001,TAMULIS,JOSEPH A.,25 ELLSMORE TERRACE,BRAINTREE,MA,2184.0,100.0,CONTRACTOR,SELF-EMPLOYED,,0,2001 Year-end Report (ND),,0,Not Specified
201,201,Individual,11411,"Walsh, Marian",10/20/2001,TIERNEY,MARY P.,38 MILTON AVENUE,HYDE PARK,MA,2136.0,100.0,,,,0,2001 Year-end Report (ND),,0,Not Specified
202,201,Individual,10315,"Moore, Richard T.",10/20/2001,Bellerive,Catherine W.,"P.O. Box 275, 71 Park Road",Charlton City,MA,1508.0,100.0,,,,0,2001 Year-end Report (ND),,0,Not Specified
203,201,Individual,12119,"Quinn, John F.",10/20/2001,Williams,Jay,355 Union St.,New Bedford,MA,2740.0,150.0,Attorney,"Sullivan, Williams & Quintin",,0,2001 Year-end Report (ND),,0,Not Specified
204,201,Individual,10106,"Correia, Robert",10/21/2001,Pelletier,Leo,323 Peckham Street,Fall River,MA,2720.0,60.0,,,,0,2001 Year-end Report (ND),,0,Not Specified
205,201,Individual,10315,"Moore, Richard T.",10/21/2001,Allison,Patricia A.,12 Windy Ridge Drive,Webster,MA,1570.0,100.0,,,,0,2001 Year-end Report (ND),,0,Not Specified
206,201,Individual,11411,"Walsh, Marian",10/21/2001,RUSSO,S. GEORGE,14 MT. CALVARY ROAD,ROSLINDALE,MA,2131.0,200.0,GARDEN SHOP OWNER,SELF-EMP.,,0,2001 Year-end Report (ND),,0,Not Specified
207,201,Individual,11411,"Walsh, Marian",10/21/2001,GRELLA,JOSEPH J.,737 EAST ST.,DEDHAM,MA,2026.0,250.0,RETIRED,,,0,2001 Year-end Report (ND),,0,Not Specified
208,201,Individual,11411,"Walsh, Marian",10/21/2001,BRADLEY,EILEEN R.,20 Lorette Street,West Roxbury,MA,2132.0,250.0,Retired,,,0,2001 Year-end Report (ND),,0,Not Specified
209,201,Individual,11411,"Walsh, Marian",10/21/2001,HEFFERNAN,ANGELA H.,186 PARK ST.,WEST ROXBURY,MA,2132.0,150.0,,,,0,2001 Year-end Report (ND),,0,Not Specified
210,201,Individual,11411,"Walsh, Marian",10/21/2001,AGRIMANAKIS,BETSY,5 BOYDEN ROAD,MEDFIELD,MA,2052.0,100.0,HOUSEWIFE,,,0,2001 Year-end Report (ND),,0,Not Specified
211,201,Individual,13283,"Fresolo, John P.",10/21/2001,VIZZO,GERALD J.,11 BAILIN DR.,Worcester,MA,1604.0,100.0,POLICE OFFICER,CITY OF WORCESTER,,0,2001 Year-end Report (ND),,0,Not Specified
212,201,Individual,11411,"Walsh, Marian",10/22/2001,BRODRICK,JOHN P.,53 Wildwood Drive,Westwood,MA,2090.0,100.0,MORTGAGE BROKER,FIRST SERVICE HOME MORTGAGE,,0,2001 Year-end Report (ND),,0,Not Specified
213,201,Individual,10315,"Moore, Richard T.",10/22/2001,Mosczynski,Shirley M.,60 Oak Street,Douglas,MA,1516.0,100.0,,,,0,2001 Year-end Report (ND),,0,Not Specified
214,201,Individual,10315,"Moore, Richard T.",10/22/2001,Robeau,Kenneth E.,31 Saxon Road,Worcester,MA,1602.0,125.0,,,,0,2001 Year-end Report (ND),,0,Not Specified
215,201,Individual,10315,"Moore, Richard T.",10/22/2001,Lemire,Sandra M.,1 Manorview Way,Uxbridge,MA,1569.0,100.0,,,,0,2001 Year-end Report (ND),,0,Not Specified
216,201,Individual,10315,"Moore, Richard T.",10/22/2001,Cooney,Daniel F.,"P.O. Box 382, 262 Main Street",Douglas,MA,1516.0,100.0,,,,0,2001 Year-end Report (ND),,0,Not Specified
217,201,Individual,10315,"Moore, Richard T.",10/22/2001,Goldstein,Edward S.,30 Mill Street,Newton Center,MA,2459.0,100.0,Charter Communications,Vice President,,0,2001 Year-end Report (ND),,0,Not Specified
218,201,Individual,10315,"Moore, Richard T.",10/22/2001,Diotalevi,Marissa,26 Cedar Street,Milford,MA,1757.0,100.0,,,,0,2001 Year-end Report (ND),,0,Not Specified
219,201,Individual,10315,"Moore, Richard T.",10/22/2001,Fernandes,John V.,320 Purchase Street,Milford,MA,1757.0,100.0,Attorney,Self-employed,,0,2001 Year-end Report (ND),,0,Not Specified
220,201,Individual,12119,"Quinn, John F.",10/22/2001,Beaupre,Allen,1 Seth Chace Ln.  P.O. Box 668,Assonet,MA,2702.0,100.0,,,,0,2001 Year-end Report (ND),,0,Not Specified
221,201,Individual,12119,"Quinn, John F.",10/23/2001,Gardner,Jeffrey,207 Slocum Rd.,Dartmouth,MA,2747.0,100.0,,,,0,2001 Year-end Report (ND),,0,Not Specified
222,201,Individual,10025,"Berry, Frederick E.",10/23/2001,Shaull,Scott D.,261 Central Street,Concord,MA,1742.0,500.0,President,Archstone Properties,,0,2001 Year-end Report (ND),,0,Not Specified
223,201,Individual,10315,"Moore, Richard T.",10/23/2001,Papski,Edward J.,6 Crosby Street,Webster,MA,1570.0,100.0,,,,0,2001 Year-end Report (ND),,0,Not Specified
224,201,Individual,12119,"Quinn, John F.",10/23/2001,Quintin,Raymond,355 Union St.,New Bedford,MA,2740.0,200.0,Attorney,"Sullivan, Williams & Quintin",,0,2001 Year-end Report (ND),,0,Not Specified
225,201,Individual,12119,"Quinn, John F.",10/23/2001,Cormier,Shirley,8 Pinehurst Ave.,Mattapoisett,MA,2739.0,500.0,Letter Sent,Info Requested,,0,2001 Year-end Report (ND),,0,Not Specified
226,201,Individual,13283,"Fresolo, John P.",10/23/2001,ASADOORIAN,RICHARD O.,85 MILLBURY ST.,Worcester,MA,1610.0,100.0,LAWYER,SELF-EMPLOYED,,0,2001 Year-end Report (ND),,0,Not Specified
227,201,Individual,13283,"Fresolo, John P.",10/23/2001,JACHIMCZYK,MARION M.,21 KOSTA ST.,Worcester,MA,1607.0,50.0,,,,0,2001 Year-end Report (ND),,0,Not Specified
228,201,Individual,13283,"Fresolo, John P.",10/23/2001,MARTUCCI,JOSEPH R.,52 ANCONA RD.,Worcester,MA,1604.0,100.0,,,,0,2001 Year-end Report (ND),,0,Not Specified
229,201,Individual,13283,"Fresolo, John P.",10/23/2001,ARSENEAULT,JULIA O.,89 GAGE ST.,Worcester,MA,1605.0,100.0,,,,0,2001 Year-end Report (ND),,0,Not Specified
230,201,Individual,13283,"Fresolo, John P.",10/23/2001,FLYNN,JOHN M.,5 PAUL X. TIVNAN DR.,West Boylston,MA,1583.0,100.0,SHERIFF,WORCESTER COUNTY,,0,2001 Year-end Report (ND),,0,Not Specified
231,201,Individual,13283,"Fresolo, John P.",10/23/2001,ALGIERI,SALVATORE,27 Dolly Dr.,Worcester,Ma,1604.0,100.0,Toll Collector,MASS TURNPIKE AUTH.,,0,2001 Year-end Report (ND),,0,Not Specified
232,201,Individual,13283,"Fresolo, John P.",10/23/2001,BARRY,ROBERT S.,33 BETTS RD.,Belmont,MA,2478.0,200.0,LOBBYIST,SELF-EMPLOYED,,0,2001 Year-end Report (ND),,0,Not Specified
233,201,Individual,13283,"Fresolo, John P.",10/24/2001,OSULLIVAN,EDWARD E.,102 HOUNDS DITCH LN.,Duxbury,MA,2332.0,200.0,LOBBYIST,SELF-EMPLOYED,,0,2001 Year-end Report (ND),,0,Not Specified
234,201,Individual,13283,"Fresolo, John P.",10/24/2001,HAGGERTY,JEFFREY J.,6 NELSON DR.,Rockland,MA,2370.0,200.0,LOBBYIST,SELF-EMPLOYED,,0,2001 Year-end Report (ND),,0,Not Specified
235,201,Individual,13283,"Fresolo, John P.",10/24/2001,"MURPHY, JR.",JOHN E.,10 CHESTNUT ST.,Peabody,MA,1960.0,200.0,LOBBYIST,SELF-EMPLOYED,,0,2001 Year-end Report (ND),,0,Not Specified
236,201,Individual,13283,"Fresolo, John P.",10/24/2001,PANAGIOTOU,MATTHEW,153 CHESTER ST.,Worcester,MA,1605.0,100.0,RETIRED,,,0,2001 Year-end Report (ND),,0,Not Specified
237,201,Individual,13283,"Fresolo, John P.",10/24/2001,GARDELLA,EDWARD P.,5 RUSSELL CALVIN DR.,Worcester,MA,1605.0,100.0,RETIRED,,,0,2001 Year-end Report (ND),,0,Not Specified
238,201,Individual,13283,"Fresolo, John P.",10/24/2001,SECHMAN,HARRY E.,13 BEECHWOOD DR.,Rutland,MA,1543.0,100.0,,,,0,2001 Year-end Report (ND),,0,Not Specified
239,201,Individual,13283,"Fresolo, John P.",10/24/2001,HAMMOND,PAUL S.,885 PLEASANT ST.,ROCHDALE,MA,1542.0,100.0,,,,0,2001 Year-end Report (ND),,0,Not Specified
240,201,Individual,13283,"Fresolo, John P.",10/24/2001,PEDONE,MICHAEL R.,92 STANDISH ST.,Worcester,MA,1604.0,100.0,TEACHER,CITY OF WORCESTER,,0,2001 Year-end Report (ND),,0,Not Specified
241,201,Individual,13283,"Fresolo, John P.",10/24/2001,WALLACE,RONNA B.,14 ROBIN RD.,Sharon,MA,2067.0,100.0,,,,0,2001 Year-end Report (ND),,0,Not Specified
242,201,Individual,13283,"Fresolo, John P.",10/24/2001,DIO,GERARD A.,42 BERWICK ST.,Worcester,MA,1602.0,100.0,FIRE CHIEF,CITY OF WORCESTER,,0,2001 Year-end Report (ND),,0,Not Specified
243,201,Individual,13283,"Fresolo, John P.",10/24/2001,FOLEY,JOHN M.,186 FAIRMONT AVE.,Worcester,MA,1604.0,100.0,RETIRED,,,0,2001 Year-end Report (ND),,0,Not Specified
244,201,Individual,13283,"Fresolo, John P.",10/24/2001,DILLON,LUKE A.,40 MAPLEWOOD DRIVE,Hanover,MA,2339.0,100.0,,,,0,2001 Year-end Report (ND),,0,Not Specified
245,201,Individual,13283,"Fresolo, John P.",10/24/2001,DELANEY,SCOTT J.,44 ST. ANDREW # 3,EAST BOSTON,MA,2128.0,100.0,,,,0,2001 Year-end Report (ND),,0,Not Specified
246,201,Individual,13283,"Fresolo, John P.",10/24/2001,LEDERMAN,ALLEN,23 OLD LANTERN CIRCLE,Paxton,MA,1612.0,100.0,SALESMAN,,,0,2001 Year-end Report (ND),,0,Not Specified
247,201,Individual,13283,"Fresolo, John P.",10/24/2001,MURGO,ANTHONY J.,291 HAMILTON ST.,Worcester,MA,1604.0,100.0,RETIRED,,,0,2001 Year-end Report (ND),,0,Not Specified
248,201,Individual,13283,"Fresolo, John P.",10/24/2001,DONOVAN,PAUL T.,82 PARK AVE.,Newton,MA,2458.0,100.0,,,,0,2001 Year-end Report (ND),,0,Not Specified
249,201,Individual,13283,"Fresolo, John P.",10/24/2001,SKRZEK,PETER J.,42 LEBANON ST.,Worcester,MA,1603.0,100.0,METER READER,NSTAR,,0,2001 Year-end Report (ND),,0,Not Specified
250,201,Individual,13283,"Fresolo, John P.",10/24/2001,COLLETTA,THOMAS A.,16 ARDMORE RD.,Worcester,MA,1609.0,100.0,CLERK,COMM OF MASS,,0,2001 Year-end Report (ND),,0,Not Specified
251,201,Individual,13283,"Fresolo, John P.",10/24/2001,"McGLYNN, JR.",JOHN J.,57 WHARF ST.,Salem,MA,1970.0,100.0,LOBBYIST,,,0,2001 Year-end Report (ND),,0,Not Specified
252,201,Individual,13283,"Fresolo, John P.",10/24/2001,MANZELLO,NICHOLAS P.,205 COHASSETS ST.,Worcester,MA,1604.0,100.0,REPORTER,TELEGRAM & GAZETTE,,0,2001 Year-end Report (ND),,0,Not Specified
253,201,Individual,13033,"Pope, Susan W.",10/24/2001,Lamb,Jean,22 High Rock Rd.,Wayland,MA,1778.0,200.0,retired,,,0,2001 Year-end Report (ND),,0,Not Specified
254,201,Individual,13033,"Pope, Susan W.",10/24/2001,Thomas,Wayne,203 Marlboro Rd.,Sudbury,MA,1776.0,100.0,,,,0,2001 Year-end Report (ND),,0,Not Specified
255,201,Individual,11411,"Walsh, Marian",10/24/2001,CONNOLLY,CATHERINE L.,135 Greaton Road,West Roxbury,MA,2132.0,75.0,,,,0,2001 Year-end Report (ND),,0,Not Specified
256,201,Individual,11411,"Walsh, Marian",10/24/2001,O'BRIEN,ROSEMARY A.,14 MARION AVENUE,NORWOOD,MA,2062.0,75.0,,,,0,2001 Year-end Report (ND),,0,Not Specified
257,201,Individual,10315,"Moore, Richard T.",10/24/2001,"Avery, Jr.",James E.,"P.O. Box 457, 11 Crown Street",Webster,MA,1570.0,50.0,,,,0,2001 Year-end Report (ND),,0,Not Specified
258,201,Individual,11973,"Larkin, Peter J.",10/24/2001,Lord,Richard,18 Tamarack Lane,Peabody,MA,1960.0,200.0,,Associated Industries Of Mass.,,0,2001 Year-end Report (ND),,0,Not Specified
259,201,Individual,10315,"Moore, Richard T.",10/25/2001,Miller,Robert J.,366 School Street,Webster,MA,1570.0,100.0,Funeral Director,"Robert J. Miller, Inc.",,0,2001 Year-end Report (ND),,0,Not Specified
260,201,Individual,10315,"Moore, Richard T.",10/25/2001,"Gammal, Jr.",Albert A.,73 Sagamore Road,Worcester,MA,1609.0,100.0,Retired,,,0,2001 Year-end Report (ND),,0,Not Specified
261,201,Individual,10315,"Moore, Richard T.",10/25/2001,Brundage,Charles,113-C Mendon Street,Uxbridge,MA,1569.0,100.0,Retired,,,0,2001 Year-end Report (ND),,0,Not Specified
262,201,Individual,11411,"Walsh, Marian",10/25/2001,SKEHILL,PATRICK,32 SHEFFIELD ROAD,ROSLINDALE,MA,2131.0,250.0,ASSIST. P.O.,MA. TRIAL COURT,,0,2001 Year-end Report (ND),,0,Not Specified
263,201,Individual,11411,"Walsh, Marian",10/25/2001,COAKLEY,JUDITH,259 STRATFORD STREET,WEST ROXBURY,MA,2132.0,100.0,,,,0,2001 Year-end Report (ND),,0,Not Specified
264,201,Individual,11411,"Walsh, Marian",10/25/2001,PIRO,VINCENT J.,4 DREXEL AVENUE,WINCHESTER,MA,1890.0,100.0,SALES,J. WHITE CONSTRUCTION CO.,,0,2001 Year-end Report (ND),,0,Not Specified
265,201,Individual,11411,"Walsh, Marian",10/25/2001,DeROSA,ANTHONY E.,94 PARTRIDGE STREET,West Roxbury,MA,2132.0,100.0,PRIV.INVSTGATR.,"REGIONAL RESEARCHERS, INC.",,0,2001 Year-end Report (ND),,0,Not Specified
266,201,Individual,12606,"Kaufman, Jay R.",10/25/2001,Lees,Lynne S.,29 Tower Rd,Lexington,MA,2421.0,100.0,,,,0,2001 Year-end Report (ND),,0,Not Specified
267,201,Individual,12534,"Jones Jr., Bradley H.",10/25/2001,Rubin,Arnold J.,80 Puritan Lane,Sudbury,MA,1776.0,500.0,Owner,Atlantic Supermarket,,0,2001 Year-end Report (ND),,0,Not Specified
268,201,Individual,13283,"Fresolo, John P.",10/25/2001,LEMON,ANN M.,P.O. BOX 2621,Worcester,MA,1613.0,100.0,,,,0,2001 Year-end Report (ND),,0,Not Specified
269,201,Individual,13283,"Fresolo, John P.",10/25/2001,SHAILV,SAM,774 MILLBURY ST.,Worcester,MA,1607.0,500.0,BUSINESS OWNER,WORC. SUNNY MART,,0,2001 Year-end Report (ND),,0,Not Specified
270,201,Individual,12534,"Jones Jr., Bradley H.",10/26/2001,Kelley,Paul E.,11A Carnation Circle,Reading,MA,1867.0,200.0,Owner/Deputy Tax Collector,Paul Kelley & Associates,,0,2001 Year-end Report (ND),,0,Not Specified
271,201,Individual,12534,"Jones Jr., Bradley H.",10/26/2001,Cota,Maria J.,19 Pine Glen Drive,North Reading,MA,1864.0,100.0,,,,0,2001 Year-end Report (ND),,0,Not Specified
272,201,Individual,12557,"O'Brien, Thomas J.",10/26/2001,Leofanti,Gloria,72 Barncoat Street - Apt #2,Worcester,MA,1605.0,100.0,,,,0,2001 Year-end Report (ND),,0,Not Specified
273,201,Individual,11411,"Walsh, Marian",10/26/2001,FARRELL,JOAN M.,743 West Roxbury Pkwy.,West Roxbury,MA,2132.0,100.0,,,,0,2001 Year-end Report (ND),,0,Not Specified
274,201,Individual,11411,"Walsh, Marian",10/26/2001,FITZPATRICK,KATHLEEN,93 FLORIAN STREET,JAMAICA PLAIN,MA,2130.0,100.0,,,,0,2001 Year-end Report (ND),,0,Not Specified
275,201,Individual,11411,"Walsh, Marian",10/26/2001,D'ATTILIO,ANDREA,230 FAIRBANKS ROAD,DEDHAM,MA,2026.0,150.0,,,,0,2001 Year-end Report (ND),,0,Not Specified
276,201,Individual,11411,"Walsh, Marian",10/26/2001,RYAN,JOHN P.,59 NORTON DRIVE,NORWOOD,MA,2062.0,100.0,,,,0,2001 Year-end Report (ND),,0,Not Specified
277,201,Individual,11411,"Walsh, Marian",10/26/2001,SAUNDERS,LINDA H.,9 Normandie Road,Dover,MA,2030.0,100.0,RETIRED,,,0,2001 Year-end Report (ND),,0,Not Specified
278,201,Individual,10315,"Moore, Richard T.",10/26/2001,Spillane,John W.,23 Institute Road,Worcester,MA,1609.0,200.0,Lobbyist,Fallon Community Heath Plan,,0,2001 Year-end Report (ND),,0,Not Specified
279,201,Individual,10315,"Moore, Richard T.",10/26/2001,Kunkel,Naomi C.,8 Union Point Road,Webster,MA,1570.0,50.0,,,,0,2001 Year-end Report (ND),,0,Not Specified
280,201,Individual,10315,"Moore, Richard T.",10/26/2001,Lemire,Gerald A.,11 Erickson Street,Uxbridge,MA,1569.0,100.0,Attorney,Self-employed,,0,2001 Year-end Report (ND),,0,Not Specified
281,201,Individual,10315,"Moore, Richard T.",10/27/2001,Julian,Nicholas J.,37 Purchase Street,Milford,MA,1757.0,100.0,Retired,,,0,2001 Year-end Report (ND),,0,Not Specified
282,201,Individual,10315,"Moore, Richard T.",10/27/2001,Gray,Albert C.,48 Mendon Street,Hopedale,MA,1747.0,100.0,,,,0,2001 Year-end Report (ND),,0,Not Specified
283,201,Individual,11411,"Walsh, Marian",10/27/2001,O'DONNELL,MARIE F.,13 PILGRIM WAY,E. WALPOLE,MA,2032.0,100.0,,,,0,2001 Year-end Report (ND),,0,Not Specified
284,201,Individual,11411,"Walsh, Marian",10/27/2001,DONADIO,PATRICIA,280 LYMAN ROAD,MILTON,MA,2186.0,100.0,HOUSEWIFE,,,0,2001 Year-end Report (ND),,0,Not Specified
285,201,Individual,11411,"Walsh, Marian",10/27/2001,WALSH,PATRICIA F.,15 SHERRIN RD.,CHESTNUT HILL,MA,2467.0,75.0,,,,0,2001 Year-end Report (ND),,0,Not Specified
286,201,Individual,11411,"Walsh, Marian",10/27/2001,"KIRBY, ESQ.",GERALD M.,7 Foster Street,Quincy,MA,2169.0,100.0,,,,0,2001 Year-end Report (ND),,0,Not Specified
287,201,Individual,11411,"Walsh, Marian",10/28/2001,VILES,ANNE I.,134 CAROL DRIVE,DEDHAM,MA,2026.0,100.0,,,,0,2001 Year-end Report (ND),,0,Not Specified
288,201,Individual,11411,"Walsh, Marian",10/28/2001,COURTNEY,ALEXANDER,10 LONGWOOD DRIVE,WESTWOOD,MA,2090.0,100.0,RETIRED,,,0,2001 Year-end Report (ND),,0,Not Specified
289,201,Individual,11411,"Walsh, Marian",10/28/2001,ROGERS,THOMAS L.,139 Child Street,Hyde Park,MA,2136.0,500.0,Adm. Assistant,Comm. of Mass.,,0,2001 Year-end Report (ND),,0,Not Specified
290,201,Individual,13283,"Fresolo, John P.",10/28/2001,SIMONCINI,RAYMOND,5 DIGREGORIO DR.,Worcester,MA,1604.0,100.0,CONSTRUCTION,SELF-EMPLOYED,,0,2001 Year-end Report (ND),,0,Not Specified
291,201,Individual,13283,"Fresolo, John P.",10/28/2001,EL-NEMR,TONY,24 COACHMAN RIDGE RD.,Shrewsbury,Ma,1545.0,100.0,,,,0,2001 Year-end Report (ND),,0,Not Specified
292,201,Individual,10315,"Moore, Richard T.",10/28/2001,Brisbois,Girard C.,1 Hastings Street,West Roxbury,MA,2132.0,100.0,,,,0,2001 Year-end Report (ND),,0,Not Specified
293,201,Individual,10315,"Moore, Richard T.",10/28/2001,Wrubleski,MaryEllen,44 Lincoln Street,Webster,MA,1570.0,100.0,,,,0,2001 Year-end Report (ND),,0,Not Specified
294,201,Individual,10315,"Moore, Richard T.",10/28/2001,Pare,Elaine A.,20 Wildwood Circle,Millville,MA,1529.0,200.0,Homemaker,,,0,2001 Year-end Report (ND),,0,Not Specified
295,201,Individual,10315,"Moore, Richard T.",10/28/2001,Saba,Francis M.,34 Longfellow Road,Shrewsbury,MA,1545.0,100.0,CEO,Milford-Whitinsville Regional Hospital,,0,2001 Year-end Report (ND),,0,Not Specified
296,201,Individual,10315,"Moore, Richard T.",10/28/2001,Bisazza,Kathleen M.,12 Billings Road,Foxboro,MA,2035.0,100.0,,,,0,2001 Year-end Report (ND),,0,Not Specified
297,201,Individual,10315,"Moore, Richard T.",10/29/2001,Redden,Joan R.,25 Congress Terrace,Milford,MA,1757.0,100.0,,,,0,2001 Year-end Report (ND),,0,Not Specified
298,201,Individual,10315,"Moore, Richard T.",10/29/2001,Kokocinski,Irene T.,"P.O. Box 503, 43 Park Avenue",Webster,MA,1570.0,100.0,Retired,,,0,2001 Year-end Report (ND),,0,Not Specified
299,201,Individual,10315,"Moore, Richard T.",10/29/2001,Larkin,Virginia A.,36 Adin Street,Hopedale,MA,1747.0,100.0,Partner,Larkin Real Estate,,0,2001 Year-end Report (ND),,0,Not Specified
300,201,Individual,10315,"Moore, Richard T.",10/29/2001,Montecalvo,Joseph J.,279 North Main Street,Whitinsville,MA,1588.0,100.0,,,,0,2001 Year-end Report (ND),,0,Not Specified
301,201,Individual,11066,"Bosley, Daniel E.",10/29/2001,CLARK,BRUCE W.,19 WINSOR ROAD,FOSTER,RI,2825.0,250.0,,,,0,2001 Year-end Report (ND),,0,Not Specified
302,201,Individual,11066,"Bosley, Daniel E.",10/29/2001,MANDILE,RICHARD J.,1563 DRIFT ROAD,Westport,MA,2790.0,250.0,,,,0,2001 Year-end Report (ND),,0,Not Specified
303,201,Individual,12534,"Jones Jr., Bradley H.",10/29/2001,Black,Patricia E.,18B Carnation Circle,Reading,MA,1867.0,25.0,,,,0,2001 Year-end Report (ND),,0,Not Specified
304,201,Individual,12534,"Jones Jr., Bradley H.",10/29/2001,Horrigan,William E.,28 Osprey Road,Saugus,MA,1906.0,100.0,,,,0,2001 Year-end Report (ND),,0,Not Specified
305,201,Individual,12534,"Jones Jr., Bradley H.",10/29/2001,Davis-Sheridan,Alida V.,175 Weyland Circle,North Andover,MA,1845.0,100.0,President,Boston Realty Investors,,0,2001 Year-end Report (ND),,0,Not Specified
306,201,Individual,11411,"Walsh, Marian",10/29/2001,TROY,WINIFRED A.,100 WEBSTER ST.,MARSHFIELD,MA,2050.0,100.0,,,,0,2001 Year-end Report (ND),,0,Not Specified
307,201,Individual,11411,"Walsh, Marian",10/29/2001,WALKER,RICHARD,255 WELD ST.,WEST ROXBURY,MA,2132.0,100.0,,,,0,2001 Year-end Report (ND),,0,Not Specified
308,201,Individual,11411,"Walsh, Marian",10/29/2001,BLIGH,ANGELA,94 LELAND ROAD,CHESTNUT HILL,MA,,250.0,HOUSEWIFE,,,0,2001 Year-end Report (ND),,0,Not Specified
309,201,Individual,12534,"Jones Jr., Bradley H.",10/30/2001,White,Rita A.,73 Winter Street,North Reading,MA,1864.0,200.0,Housewife,None,,0,2001 Year-end Report (ND),,0,Not Specified
310,201,Individual,11066,"Bosley, Daniel E.",10/30/2001,COLLINS,BENJAMIN S.,265 HIGH STREET,NORWELL,MA,,100.0,DIRECTOR IPP MANAGEMENT SERVIC,PG&E GENERATING,,0,2001 Year-end Report (ND),,0,Not Specified
311,201,Individual,10025,"Berry, Frederick E.",10/31/2001,Eastern Bank,,Main Street,Peabody,MA,1960.0,44.2,,,,0,2001 Year-end Report (ND),,0,Not Specified
312,201,Individual,11973,"Larkin, Peter J.",10/31/2001,Mazur,Tom,1188 State Road,Richmond,MA,1254.0,150.0,,,,0,2001 Year-end Report (ND),,0,Not Specified
313,201,Individual,11973,"Larkin, Peter J.",10/31/2001,Morton,Margaret,30 Sylvan Ridge Drive,Middlefield,CT,6455.0,100.0,Lobbyist,Northeast Utilities,,0,2001 Year-end Report (ND),,0,Not Specified
314,201,Individual,11973,"Larkin, Peter J.",10/31/2001,O'Brien,Robert,117 Pollock Avenue,Pittsfield,MA,1201.0,75.0,,,,0,2001 Year-end Report (ND),,0,Not Specified
315,201,Individual,11973,"Larkin, Peter J.",10/31/2001,Phelps,David,81 Stonehenge Road,Pittsfield,MA,1201.0,125.0,President,Berkshire Health Systems,,0,2001 Year-end Report (ND),,0,Not Specified
316,201,Individual,11973,"Larkin, Peter J.",10/31/2001,Raser,Barton,161 Dawes Ave,Pittsfield,MA,1201.0,75.0,,,,0,2001 Year-end Report (ND),,0,Not Specified
317,201,Individual,11973,"Larkin, Peter J.",10/31/2001,Singer,Kenneth,1045 West St.,Pittsfield,MA,1201.0,75.0,Executive Director,BCARC,,0,2001 Year-end Report (ND),,0,Not Specified
318,201,Individual,11973,"Larkin, Peter J.",10/31/2001,Walsh,John,PO Box 767,Pittsfield,MA,1202.0,200.0,Probation Officer,Southern Berkshire District Co,,0,2001 Year-end Report (ND),,0,Not Specified
319,201,Individual,11973,"Larkin, Peter J.",10/31/2001,Ausman,J.G.,6l Stonehenge Road,Pittsfield,MA,1201.0,75.0,,,,0,2001 Year-end Report (ND),,0,Not Specified
320,201,Individual,11973,"Larkin, Peter J.",10/31/2001,Herman,John,570 Holmes Rd.,Pittsfield,MA,1201.0,125.0,Optometrist,,,0,2001 Year-end Report (ND),,0,Not Specified
321,201,Individual,11973,"Larkin, Peter J.",10/31/2001,Kushi,Raymond,20 Bracelan Court,Lenox,MA,1240.0,125.0,,"Kushi, Meyers & Demers, PC",,0,2001 Year-end Report (ND),,0,Not Specified
322,201,Individual,11973,"Larkin, Peter J.",10/31/2001,Lamoureaux,Gary,409 William Street,Pittsfield,MA,1201.0,150.0,Personnel Dean,Berkshire Community College,,0,2001 Year-end Report (ND),,0,Not Specified
323,201,Individual,11973,"Larkin, Peter J.",10/31/2001,Larkin,William,156 Blythewood Drive,Pittsfield,MA,1201.0,100.0,,,,0,2001 Year-end Report (ND),,0,Not Specified
324,201,Individual,12534,"Jones Jr., Bradley H.",10/31/2001,Keating,W. Robert,43 Oak Ridge Road,Reading,MA,1867.0,100.0,Commissioner,Dept. of Telecommunications & Energy,,0,2001 Year-end Report (ND),,0,Not Specified
325,201,Individual,12534,"Jones Jr., Bradley H.",10/31/2001,Vincze,Christopher,1 Eisenhaure Lane,North Reading,MA,1864.0,200.0,Management,Self - ATC Group Services,,0,2001 Year-end Report (ND),,0,Not Specified
326,201,Individual,11411,"Walsh, Marian",10/31/2001,MALONEY,ANN MARIE,29 GLENHAVEN ROAD,WEST ROXBURY,MA,2132.0,75.0,,,,0,2001 Year-end Report (ND),,0,Not Specified
327,201,Individual,11411,"Walsh, Marian",11/1/2001,McCARRICK,JOHN L.,43 PEARL STREET,BRIDGEWATER,MA,2324.0,75.0,,,,0,2001 Year-end Report (ND),,0,Not Specified
328,201,Individual,11411,"Walsh, Marian",11/1/2001,"MAHONEY, ll",JOHN V.,21 DELANO PARK,ROSLINDALE,MA,2131.0,100.0,,,,0,2001 Year-end Report (ND),,0,Not Specified
329,201,Individual,11411,"Walsh, Marian",11/1/2001,WHITE,CAROLE A.,12 RUSKIN ROAD,WEST ROXBURY,MA,2132.0,100.0,R.E. BROKER,SELF-EMPLOYED,,0,2001 Year-end Report (ND),,0,Not Specified
330,201,Individual,12534,"Jones Jr., Bradley H.",11/1/2001,Colt,James D.,18 Larch Row,Wenham,MA,1984.0,50.0,,,,0,2001 Year-end Report (ND),,0,Not Specified
331,201,Individual,12534,"Jones Jr., Bradley H.",11/1/2001,Leahy,Brian L.,15 Louanis Drive,Reading,MA,1867.0,100.0,,,,0,2001 Year-end Report (ND),,0,Not Specified
332,201,Individual,12534,"Jones Jr., Bradley H.",11/1/2001,Jackson,Warren H.,15 Haverhill Street,North Reading,MA,1864.0,100.0,Owner,Jackson Industries,,0,2001 Year-end Report (ND),,0,Not Specified
333,201,Individual,11497,"Koczera, Robert M.",11/1/2001,Firstfed - interest,,Ashley Blvd,New Bedford,MA,2745.0,2.73,,,,0,2001 Year-end Report (ND),,0,Not Specified
334,201,Individual,13283,"Fresolo, John P.",11/1/2001,SABONAITIS,DENNIS J.,39 DOLAN RD.,Millbury,MA,1527.0,100.0,CLERK,OTB NEWS,,0,2001 Year-end Report (ND),,0,Not Specified
335,201,Individual,12119,"Quinn, John F.",11/1/2001,Howard,Donald,32 Maple St.,New Bedford,MA,2740.0,100.0,,,,0,2001 Year-end Report (ND),,0,Not Specified
336,201,Individual,10315,"Moore, Richard T.",11/1/2001,Barry,John F.,"P.O. Box 487, 1808 Providence Road",Northbridge,MA,1534.0,100.0,President,"Barry Equipment Company, Inc.",,0,2001 Year-end Report (ND),,0,Not Specified
